exerciseId,exerciseName,athlete,prompt
"cmt1wciyw00009yldzko8mc88","Press de banca plano","Atleta Masculino 30s","Muscular man in his early 30s, short dark hair, clean shaven, wearing black athletic shorts and heather white tank top, athletic build, caucasian, performing Press de banca plano exercise, holding olympic barbell with weight plates, heavy weightlifting, intense focused expression, gym equipment visible, powerful stance, targeting pecho muscles, correct anatomical form and posture, modern clean gym environment, bright even studio lighting, professional fitness photography, sharp focus on subject, slightly blurred background, full body or major muscle groups clearly visible, photorealistic, 4K quality, no text, no watermarks, no logos"
"cmt1wcja800049yld2j6u9qxx","Cruces en polea","Atleta Masculino 30s","Muscular man in his early 30s, short dark hair, clean shaven, wearing black athletic shorts and heather white tank top, athletic build, caucasian, performing Cruces en polea exercise, using cable machine with attachment, heavy weightlifting, intense focused expression, gym equipment visible, powerful stance, targeting pecho muscles, correct anatomical form and posture, modern clean gym environment, bright even studio lighting, professional fitness photography, sharp focus on subject, slightly blurred background, full body or major muscle groups clearly visible, photorealistic, 4K quality, no text, no watermarks, no logos"
"cmt1wcjjw00089yldaapzyavh","Jalón al pecho","Atleta Masculino 30s","Muscular man in his early 30s, short dark hair, clean shaven, wearing black athletic shorts and heather white tank top, athletic build, caucasian, performing Jalón al pecho exercise, using cable machine with attachment, heavy weightlifting, intense focused expression, gym equipment visible, powerful stance, targeting espalda muscles, correct anatomical form and posture, modern clean gym environment, bright even studio lighting, professional fitness photography, sharp focus on subject, slightly blurred background, full body or major muscle groups clearly visible, photorealistic, 4K quality, no text, no watermarks, no logos"
"cmt1wcjvc000c9yldxsamglp5","Peso muerto","Atleta Masculino 30s","Muscular man in his early 30s, short dark hair, clean shaven, wearing black athletic shorts and heather white tank top, athletic build, caucasian, performing Peso muerto exercise, holding olympic barbell with weight plates, heavy weightlifting, intense focused expression, gym equipment visible, powerful stance, targeting espalda muscles, correct anatomical form and posture, modern clean gym environment, bright even studio lighting, professional fitness photography, sharp focus on subject, slightly blurred background, full body or major muscle groups clearly visible, photorealistic, 4K quality, no text, no watermarks, no logos"
"cmt1wck7k000g9ylds1f74e5f","Elevaciones laterales","Atleta Masculino 30s","Muscular man in his early 30s, short dark hair, clean shaven, wearing black athletic shorts and heather white tank top, athletic build, caucasian, performing Elevaciones laterales exercise, holding dumbbells in each hand, heavy weightlifting, intense focused expression, gym equipment visible, powerful stance, targeting hombros muscles, correct anatomical form and posture, modern clean gym environment, bright even studio lighting, professional fitness photography, sharp focus on subject, slightly blurred background, full body or major muscle groups clearly visible, photorealistic, 4K quality, no text, no watermarks, no logos"
"cmt1wckgy000k9yld3uhbxcmz","Curl con barra","Atleta Masculino 30s","Muscular man in his early 30s, short dark hair, clean shaven, wearing black athletic shorts and heather white tank top, athletic build, caucasian, performing Curl con barra exercise, holding olympic barbell with weight plates, heavy weightlifting, intense focused expression, gym equipment visible, powerful stance, targeting bíceps muscles, correct anatomical form and posture, modern clean gym environment, bright even studio lighting, professional fitness photography, sharp focus on subject, slightly blurred background, full body or major muscle groups clearly visible, photorealistic, 4K quality, no text, no watermarks, no logos"
"cmt1wckrp000o9yldwght3fhg","Curl concentrado","Atleta Masculino 30s","Muscular man in his early 30s, short dark hair, clean shaven, wearing black athletic shorts and heather white tank top, athletic build, caucasian, performing Curl concentrado exercise, holding single dumbbell, heavy weightlifting, intense focused expression, gym equipment visible, powerful stance, targeting bíceps muscles, correct anatomical form and posture, modern clean gym environment, bright even studio lighting, professional fitness photography, sharp focus on subject, slightly blurred background, full body or major muscle groups clearly visible, photorealistic, 4K quality, no text, no watermarks, no logos"
"cmt1wcl10000s9yld7y30wfz3","Patada de tríceps","Atleta Masculino 30s","Muscular man in his early 30s, short dark hair, clean shaven, wearing black athletic shorts and heather white tank top, athletic build, caucasian, performing Patada de tríceps exercise, holding single dumbbell, heavy weightlifting, intense focused expression, gym equipment visible, powerful stance, targeting tríceps muscles, correct anatomical form and posture, modern clean gym environment, bright even studio lighting, professional fitness photography, sharp focus on subject, slightly blurred background, full body or major muscle groups clearly visible, photorealistic, 4K quality, no text, no watermarks, no logos"
"cmt1wclaq000w9yldzyk12ehl","Extensión de cuádriceps","Atleta Masculino 30s","Muscular man in his early 30s, short dark hair, clean shaven, wearing black athletic shorts and heather white tank top, athletic build, caucasian, performing Extensión de cuádriceps exercise, using gym machine, seated or standing position, heavy weightlifting, intense focused expression, gym equipment visible, powerful stance, targeting cuádriceps muscles, correct anatomical form and posture, modern clean gym environment, bright even studio lighting, professional fitness photography, sharp focus on subject, slightly blurred background, full body or major muscle groups clearly visible, photorealistic, 4K quality, no text, no watermarks, no logos"
"cmt1wclk600109ylda2zsqp9r","Elevación de talones","Atleta Masculino 30s","Muscular man in his early 30s, short dark hair, clean shaven, wearing black athletic shorts and heather white tank top, athletic build, caucasian, performing Elevación de talones exercise, no equipment, bodyweight only, heavy weightlifting, intense focused expression, gym equipment visible, powerful stance, targeting pantorrillas muscles, correct anatomical form and posture, modern clean gym environment, bright even studio lighting, professional fitness photography, sharp focus on subject, slightly blurred background, full body or major muscle groups clearly visible, photorealistic, 4K quality, no text, no watermarks, no logos"
"cmt1wclts00149yldci3unc7g","Russian twist","Atleta Masculino 30s","Muscular man in his early 30s, short dark hair, clean shaven, wearing black athletic shorts and heather white tank top, athletic build, caucasian, performing Russian twist exercise, no equipment, bodyweight only, heavy weightlifting, intense focused expression, gym equipment visible, powerful stance, targeting core muscles, correct anatomical form and posture, modern clean gym environment, bright even studio lighting, professional fitness photography, sharp focus on subject, slightly blurred background, full body or major muscle groups clearly visible, photorealistic, 4K quality, no text, no watermarks, no logos"
"cmt1wcm3c00189yldiob861cg","Bicicleta estática","Atleta Masculino 30s","Muscular man in his early 30s, short dark hair, clean shaven, wearing black athletic shorts and heather white tank top, athletic build, caucasian, performing Bicicleta estática exercise, riding stationary bike, dynamic motion, mid-movement, sweat visible, energetic expression, cardio machine or open floor, targeting piernas muscles, correct anatomical form and posture, modern clean gym environment, bright even studio lighting, professional fitness photography, sharp focus on subject, slightly blurred background, full body or major muscle groups clearly visible, photorealistic, 4K quality, no text, no watermarks, no logos"
"cmt1wcmcv001c9yldhq5jad08","Escaladores","Atleta Masculino 30s","Muscular man in his early 30s, short dark hair, clean shaven, wearing black athletic shorts and heather white tank top, athletic build, caucasian, performing Escaladores exercise, no equipment, bodyweight only, dynamic motion, mid-movement, sweat visible, energetic expression, cardio machine or open floor, targeting full body muscles, correct anatomical form and posture, modern clean gym environment, bright even studio lighting, professional fitness photography, sharp focus on subject, slightly blurred background, full body or major muscle groups clearly visible, photorealistic, 4K quality, no text, no watermarks, no logos"
"cmt1wcmmh001g9yldfaxhcjkl","Turkish get-up","Atleta Masculino 30s","Muscular man in his early 30s, short dark hair, clean shaven, wearing black athletic shorts and heather white tank top, athletic build, caucasian, performing Turkish get-up exercise, holding kettlebell with both hands or one, functional fitness movement, athletic stance, kettlebell or bodyweight, explosive power, targeting full body muscles, correct anatomical form and posture, modern clean gym environment, bright even studio lighting, professional fitness photography, sharp focus on subject, slightly blurred background, full body or major muscle groups clearly visible, photorealistic, 4K quality, no text, no watermarks, no logos"
"cmt1wcmw3001k9yldt3534hkj","Clean and press","Atleta Masculino 30s","Muscular man in his early 30s, short dark hair, clean shaven, wearing black athletic shorts and heather white tank top, athletic build, caucasian, performing Clean and press exercise, holding olympic barbell with weight plates, functional fitness movement, athletic stance, kettlebell or bodyweight, explosive power, targeting full body muscles, correct anatomical form and posture, modern clean gym environment, bright even studio lighting, professional fitness photography, sharp focus on subject, slightly blurred background, full body or major muscle groups clearly visible, photorealistic, 4K quality, no text, no watermarks, no logos"
"cmt1wcn5n001o9yldtplepaaj","Farmer walk","Atleta Masculino 30s","Muscular man in his early 30s, short dark hair, clean shaven, wearing black athletic shorts and heather white tank top, athletic build, caucasian, performing Farmer walk exercise, holding dumbbells in each hand, functional fitness movement, athletic stance, kettlebell or bodyweight, explosive power, targeting full body muscles, correct anatomical form and posture, modern clean gym environment, bright even studio lighting, professional fitness photography, sharp focus on subject, slightly blurred background, full body or major muscle groups clearly visible, photorealistic, 4K quality, no text, no watermarks, no logos"
"cmt1wcney001s9ylddd50d0ot","Gato-vaca","Atleta Masculino 30s","Muscular man in his early 30s, short dark hair, clean shaven, wearing black athletic shorts and heather white tank top, athletic build, caucasian, performing Gato-vaca exercise, no equipment, bodyweight only, controlled stretching, relaxed focused expression, full range of motion, yoga mat or floor, targeting columna muscles, correct anatomical form and posture, modern clean gym environment, bright even studio lighting, professional fitness photography, sharp focus on subject, slightly blurred background, full body or major muscle groups clearly visible, photorealistic, 4K quality, no text, no watermarks, no logos"
"cmt1wcnoj001w9yld3kzzr4m2","Movilidad de tobillos","Atleta Masculino 30s","Muscular man in his early 30s, short dark hair, clean shaven, wearing black athletic shorts and heather white tank top, athletic build, caucasian, performing Movilidad de tobillos exercise, no equipment, bodyweight only, controlled stretching, relaxed focused expression, full range of motion, yoga mat or floor, targeting tobillos muscles, correct anatomical form and posture, modern clean gym environment, bright even studio lighting, professional fitness photography, sharp focus on subject, slightly blurred background, full body or major muscle groups clearly visible, photorealistic, 4K quality, no text, no watermarks, no logos"
"cmt1wcny100209yldz5j5dx4j","Estiramiento de pectorales","Atleta Masculino 30s","Muscular man in his early 30s, short dark hair, clean shaven, wearing black athletic shorts and heather white tank top, athletic build, caucasian, performing Estiramiento de pectorales exercise, no equipment, bodyweight only, deep stretch pose, calm breathing, elongated muscles, floor exercise, peaceful expression, targeting pecho muscles, correct anatomical form and posture, modern clean gym environment, bright even studio lighting, professional fitness photography, sharp focus on subject, slightly blurred background, full body or major muscle groups clearly visible, photorealistic, 4K quality, no text, no watermarks, no logos"
"cmt1wco7p00249yldnnoisjky","Estiramiento de cadera","Atleta Masculino 30s","Muscular man in his early 30s, short dark hair, clean shaven, wearing black athletic shorts and heather white tank top, athletic build, caucasian, performing Estiramiento de cadera exercise, no equipment, bodyweight only, deep stretch pose, calm breathing, elongated muscles, floor exercise, peaceful expression, targeting cadera muscles, correct anatomical form and posture, modern clean gym environment, bright even studio lighting, professional fitness photography, sharp focus on subject, slightly blurred background, full body or major muscle groups clearly visible, photorealistic, 4K quality, no text, no watermarks, no logos"
"cmt1wcohm00289yld4zc70gyf","Cobra","Atleta Masculino 30s","Muscular man in his early 30s, short dark hair, clean shaven, wearing black athletic shorts and heather white tank top, athletic build, caucasian, performing Cobra exercise, no equipment, bodyweight only, deep stretch pose, calm breathing, elongated muscles, floor exercise, peaceful expression, targeting espalda muscles, correct anatomical form and posture, modern clean gym environment, bright even studio lighting, professional fitness photography, sharp focus on subject, slightly blurred background, full body or major muscle groups clearly visible, photorealistic, 4K quality, no text, no watermarks, no logos"
"cmt1wcoru002c9yldg0u7pvfn","Clapping push-ups","Atleta Masculino 30s","Muscular man in his early 30s, short dark hair, clean shaven, wearing black athletic shorts and heather white tank top, athletic build, caucasian, performing Clapping push-ups exercise, no equipment, bodyweight only, explosive athletic movement, mid-air capture, maximum power output, dynamic freeze frame, targeting pecho muscles, correct anatomical form and posture, modern clean gym environment, bright even studio lighting, professional fitness photography, sharp focus on subject, slightly blurred background, full body or major muscle groups clearly visible, photorealistic, 4K quality, no text, no watermarks, no logos"
"cmt1wcp1c002g9yldethdhcg5","Skater jumps","Atleta Masculino 30s","Muscular man in his early 30s, short dark hair, clean shaven, wearing black athletic shorts and heather white tank top, athletic build, caucasian, performing Skater jumps exercise, no equipment, bodyweight only, explosive athletic movement, mid-air capture, maximum power output, dynamic freeze frame, targeting piernas muscles, correct anatomical form and posture, modern clean gym environment, bright even studio lighting, professional fitness photography, sharp focus on subject, slightly blurred background, full body or major muscle groups clearly visible, photorealistic, 4K quality, no text, no watermarks, no logos"
"cmt1wcpb3002k9yldkjo1iw1p","Single leg deadlift","Atleta Masculino 30s","Muscular man in his early 30s, short dark hair, clean shaven, wearing black athletic shorts and heather white tank top, athletic build, caucasian, performing Single leg deadlift exercise, holding single dumbbell, stable balanced pose, core engaged, focused concentration, unstable surface or single leg, targeting isquiotibiales muscles, correct anatomical form and posture, modern clean gym environment, bright even studio lighting, professional fitness photography, sharp focus on subject, slightly blurred background, full body or major muscle groups clearly visible, photorealistic, 4K quality, no text, no watermarks, no logos"
"cmt1wcpkw002o9yldpmc6rgsl","Sentadilla con palo","Atleta Masculino 30s","Muscular man in his early 30s, short dark hair, clean shaven, wearing black athletic shorts and heather white tank top, athletic build, caucasian, performing Sentadilla con palo exercise, using PVC pipe or wooden stick, practicing movement pattern, light weight or PVC pipe, instructional form, slow controlled, targeting piernas muscles, correct anatomical form and posture, modern clean gym environment, bright even studio lighting, professional fitness photography, sharp focus on subject, slightly blurred background, full body or major muscle groups clearly visible, photorealistic, 4K quality, no text, no watermarks, no logos"
"cmt1wcpuw002s9yldgkq8esur","Overhead squat con palo","Atleta Masculino 30s","Muscular man in his early 30s, short dark hair, clean shaven, wearing black athletic shorts and heather white tank top, athletic build, caucasian, performing Overhead squat con palo exercise, using PVC pipe or wooden stick, practicing movement pattern, light weight or PVC pipe, instructional form, slow controlled, targeting full body muscles, correct anatomical form and posture, modern clean gym environment, bright even studio lighting, professional fitness photography, sharp focus on subject, slightly blurred background, full body or major muscle groups clearly visible, photorealistic, 4K quality, no text, no watermarks, no logos"
"cmt1wcq4o002w9yld0pso7wjp","Jumping jacks","Atleta Masculino 30s","Muscular man in his early 30s, short dark hair, clean shaven, wearing black athletic shorts and heather white tank top, athletic build, caucasian, performing Jumping jacks exercise, no equipment, bodyweight only, light dynamic movement, warming up body, gradual motion, preparing for exercise, targeting full body muscles, correct anatomical form and posture, modern clean gym environment, bright even studio lighting, professional fitness photography, sharp focus on subject, slightly blurred background, full body or major muscle groups clearly visible, photorealistic, 4K quality, no text, no watermarks, no logos"
"cmt1wcqeu00309yld5slfrjt0","Trotar en el lugar","Atleta Masculino 30s","Muscular man in his early 30s, short dark hair, clean shaven, wearing black athletic shorts and heather white tank top, athletic build, caucasian, performing Trotar en el lugar exercise, no equipment, bodyweight only, light dynamic movement, warming up body, gradual motion, preparing for exercise, targeting piernas muscles, correct anatomical form and posture, modern clean gym environment, bright even studio lighting, professional fitness photography, sharp focus on subject, slightly blurred background, full body or major muscle groups clearly visible, photorealistic, 4K quality, no text, no watermarks, no logos"
"cmt1wcqoy00349yld7q77a4h0","Inchworm","Atleta Masculino 30s","Muscular man in his early 30s, short dark hair, clean shaven, wearing black athletic shorts and heather white tank top, athletic build, caucasian, performing Inchworm exercise, no equipment, bodyweight only, light dynamic movement, warming up body, gradual motion, preparing for exercise, targeting full body muscles, correct anatomical form and posture, modern clean gym environment, bright even studio lighting, professional fitness photography, sharp focus on subject, slightly blurred background, full body or major muscle groups clearly visible, photorealistic, 4K quality, no text, no watermarks, no logos"
"cmt1wcr5h00389yld7eyxaqvx","Estiramiento de piernas","Atleta Masculino 30s","Muscular man in his early 30s, short dark hair, clean shaven, wearing black athletic shorts and heather white tank top, athletic build, caucasian, performing Estiramiento de piernas exercise, no equipment, bodyweight only, recovery stretching, deep breathing, relaxed posture, post-workout calm, gentle movement, targeting piernas muscles, correct anatomical form and posture, modern clean gym environment, bright even studio lighting, professional fitness photography, sharp focus on subject, slightly blurred background, full body or major muscle groups clearly visible, photorealistic, 4K quality, no text, no watermarks, no logos"
"cmt1wcrev003c9yldhms2cmt7","Vacío abdominal","Atleta Masculino 30s","Muscular man in his early 30s, short dark hair, clean shaven, wearing black athletic shorts and heather white tank top, athletic build, caucasian, performing Vacío abdominal exercise, no equipment, bodyweight only, rehabilitation exercise, controlled activation, mind-muscle connection, precise small movement, targeting core muscles, correct anatomical form and posture, modern clean gym environment, bright even studio lighting, professional fitness photography, sharp focus on subject, slightly blurred background, full body or major muscle groups clearly visible, photorealistic, 4K quality, no text, no watermarks, no logos"
"cmt1wcrof003g9yld20wvmmmi","Activación de escápulas","Atleta Masculino 30s","Muscular man in his early 30s, short dark hair, clean shaven, wearing black athletic shorts and heather white tank top, athletic build, caucasian, performing Activación de escápulas exercise, no equipment, bodyweight only, rehabilitation exercise, controlled activation, mind-muscle connection, precise small movement, targeting espalda muscles, correct anatomical form and posture, modern clean gym environment, bright even studio lighting, professional fitness photography, sharp focus on subject, slightly blurred background, full body or major muscle groups clearly visible, photorealistic, 4K quality, no text, no watermarks, no logos"
"cmt33a1yg0002ypj1t5dgh0ri","Sentadilla goblet","Atleta Masculino 30s","Muscular man in his early 30s, short dark hair, clean shaven, wearing black athletic shorts and heather white tank top, athletic build, caucasian, performing Sentadilla goblet exercise, using mancuerna / kettlebell, heavy weightlifting, intense focused expression, gym equipment visible, powerful stance, targeting cuádriceps muscles, correct anatomical form and posture, modern clean gym environment, bright even studio lighting, professional fitness photography, sharp focus on subject, slightly blurred background, full body or major muscle groups clearly visible, photorealistic, 4K quality, no text, no watermarks, no logos"
"cmt33a2980006ypj1ge92zo3r","Fondos entre bancos","Atleta Masculino 30s","Muscular man in his early 30s, short dark hair, clean shaven, wearing black athletic shorts and heather white tank top, athletic build, caucasian, performing Fondos entre bancos exercise, using bancos, heavy weightlifting, intense focused expression, gym equipment visible, powerful stance, targeting tríceps muscles, correct anatomical form and posture, modern clean gym environment, bright even studio lighting, professional fitness photography, sharp focus on subject, slightly blurred background, full body or major muscle groups clearly visible, photorealistic, 4K quality, no text, no watermarks, no logos"
"cmt33a2k0000aypj1i69n1xu2","Prensa horizontal","Atleta Masculino 30s","Muscular man in his early 30s, short dark hair, clean shaven, wearing black athletic shorts and heather white tank top, athletic build, caucasian, performing Prensa horizontal exercise, holding kettlebell with both hands or one, heavy weightlifting, intense focused expression, gym equipment visible, powerful stance, targeting cuádriceps muscles, correct anatomical form and posture, modern clean gym environment, bright even studio lighting, professional fitness photography, sharp focus on subject, slightly blurred background, full body or major muscle groups clearly visible, photorealistic, 4K quality, no text, no watermarks, no logos"
"cmt33a2ut000eypj11p2nnhbe","Elevación de piernas en banco inclinado","Atleta Masculino 30s","Muscular man in his early 30s, short dark hair, clean shaven, wearing black athletic shorts and heather white tank top, athletic build, caucasian, performing Elevación de piernas en banco inclinado exercise, using banco inclinado, heavy weightlifting, intense focused expression, gym equipment visible, powerful stance, targeting core muscles, correct anatomical form and posture, modern clean gym environment, bright even studio lighting, professional fitness photography, sharp focus on subject, slightly blurred background, full body or major muscle groups clearly visible, photorealistic, 4K quality, no text, no watermarks, no logos"
"cmt33a35p000iypj17yh73bjb","Extensión de cuádriceps unilateral","Atleta Masculino 30s","Muscular man in his early 30s, short dark hair, clean shaven, wearing black athletic shorts and heather white tank top, athletic build, caucasian, performing Extensión de cuádriceps unilateral exercise, using máquina de extensión de cuádriceps, heavy weightlifting, intense focused expression, gym equipment visible, powerful stance, targeting cuádriceps muscles, correct anatomical form and posture, modern clean gym environment, bright even studio lighting, professional fitness photography, sharp focus on subject, slightly blurred background, full body or major muscle groups clearly visible, photorealistic, 4K quality, no text, no watermarks, no logos"
"cmt33a3ja000mypj198danzfv","Curl femoral sentado","Atleta Masculino 30s","Muscular man in his early 30s, short dark hair, clean shaven, wearing black athletic shorts and heather white tank top, athletic build, caucasian, performing Curl femoral sentado exercise, using máquina de curl femoral, heavy weightlifting, intense focused expression, gym equipment visible, powerful stance, targeting isquiotibiales muscles, correct anatomical form and posture, modern clean gym environment, bright even studio lighting, professional fitness photography, sharp focus on subject, slightly blurred background, full body or major muscle groups clearly visible, photorealistic, 4K quality, no text, no watermarks, no logos"
"cmt33a3um000qypj1x470m7bq","Jalón con cuerda","Atleta Masculino 30s","Muscular man in his early 30s, short dark hair, clean shaven, wearing black athletic shorts and heather white tank top, athletic build, caucasian, performing Jalón con cuerda exercise, using polea alta + cuerda, heavy weightlifting, intense focused expression, gym equipment visible, powerful stance, targeting espalda muscles, correct anatomical form and posture, modern clean gym environment, bright even studio lighting, professional fitness photography, sharp focus on subject, slightly blurred background, full body or major muscle groups clearly visible, photorealistic, 4K quality, no text, no watermarks, no logos"
"cmt33a45d000uypj1tdwe7c0s","Peso muerto unilateral","Atleta Masculino 30s","Muscular man in his early 30s, short dark hair, clean shaven, wearing black athletic shorts and heather white tank top, athletic build, caucasian, performing Peso muerto unilateral exercise, using mancuerna / kettlebell, heavy weightlifting, intense focused expression, gym equipment visible, powerful stance, targeting isquiotibiales / glúteos muscles, correct anatomical form and posture, modern clean gym environment, bright even studio lighting, professional fitness photography, sharp focus on subject, slightly blurred background, full body or major muscle groups clearly visible, photorealistic, 4K quality, no text, no watermarks, no logos"
"cmt33a4g1000yypj1morkmwnu","Curl femoral con banda","Atleta Masculino 30s","Muscular man in his early 30s, short dark hair, clean shaven, wearing black athletic shorts and heather white tank top, athletic build, caucasian, performing Curl femoral con banda exercise, using banda elástica, heavy weightlifting, intense focused expression, gym equipment visible, powerful stance, targeting isquiotibiales muscles, correct anatomical form and posture, modern clean gym environment, bright even studio lighting, professional fitness photography, sharp focus on subject, slightly blurred background, full body or major muscle groups clearly visible, photorealistic, 4K quality, no text, no watermarks, no logos"
"cmt33a4q30012ypj1jyq39bno","Dominadas L-sit","Atleta Masculino 30s","Muscular man in his early 30s, short dark hair, clean shaven, wearing black athletic shorts and heather white tank top, athletic build, caucasian, performing Dominadas L-sit exercise, holding olympic barbell with weight plates, heavy weightlifting, intense focused expression, gym equipment visible, powerful stance, targeting espalda / core muscles, correct anatomical form and posture, modern clean gym environment, bright even studio lighting, professional fitness photography, sharp focus on subject, slightly blurred background, full body or major muscle groups clearly visible, photorealistic, 4K quality, no text, no watermarks, no logos"
"cmt33a50f0016ypj12l9xzgog","Cruces unilaterales","Atleta Masculino 30s","Muscular man in his early 30s, short dark hair, clean shaven, wearing black athletic shorts and heather white tank top, athletic build, caucasian, performing Cruces unilaterales exercise, using banda elástica, heavy weightlifting, intense focused expression, gym equipment visible, powerful stance, targeting pecho muscles, correct anatomical form and posture, modern clean gym environment, bright even studio lighting, professional fitness photography, sharp focus on subject, slightly blurred background, full body or major muscle groups clearly visible, photorealistic, 4K quality, no text, no watermarks, no logos"
"cmt33a5ds001aypj1jd7pv7cd","Face pull unilateral","Atleta Masculino 30s","Muscular man in his early 30s, short dark hair, clean shaven, wearing black athletic shorts and heather white tank top, athletic build, caucasian, performing Face pull unilateral exercise, using polea + cuerda, heavy weightlifting, intense focused expression, gym equipment visible, powerful stance, targeting hombros muscles, correct anatomical form and posture, modern clean gym environment, bright even studio lighting, professional fitness photography, sharp focus on subject, slightly blurred background, full body or major muscle groups clearly visible, photorealistic, 4K quality, no text, no watermarks, no logos"
"cmt33a5ql001eypj1i7clakmi","Face pull con cuerda baja","Atleta Masculino 30s","Muscular man in his early 30s, short dark hair, clean shaven, wearing black athletic shorts and heather white tank top, athletic build, caucasian, performing Face pull con cuerda baja exercise, using polea baja + cuerda, heavy weightlifting, intense focused expression, gym equipment visible, powerful stance, targeting hombros muscles, correct anatomical form and posture, modern clean gym environment, bright even studio lighting, professional fitness photography, sharp focus on subject, slightly blurred background, full body or major muscle groups clearly visible, photorealistic, 4K quality, no text, no watermarks, no logos"
"cmt33a637001iypj1b0yuzfpb","Curl de pie","Atleta Masculino 30s","Muscular man in his early 30s, short dark hair, clean shaven, wearing black athletic shorts and heather white tank top, athletic build, caucasian, performing Curl de pie exercise, holding dumbbells in each hand, heavy weightlifting, intense focused expression, gym equipment visible, powerful stance, targeting bíceps muscles, correct anatomical form and posture, modern clean gym environment, bright even studio lighting, professional fitness photography, sharp focus on subject, slightly blurred background, full body or major muscle groups clearly visible, photorealistic, 4K quality, no text, no watermarks, no logos"
"cmt33a6e8001mypj159327hqm","Hiperextensiones en 45°","Atleta Masculino 30s","Muscular man in his early 30s, short dark hair, clean shaven, wearing black athletic shorts and heather white tank top, athletic build, caucasian, performing Hiperextensiones en 45° exercise, using banco de hiperextensiones 45°, heavy weightlifting, intense focused expression, gym equipment visible, powerful stance, targeting espalda baja / glúteos muscles, correct anatomical form and posture, modern clean gym environment, bright even studio lighting, professional fitness photography, sharp focus on subject, slightly blurred background, full body or major muscle groups clearly visible, photorealistic, 4K quality, no text, no watermarks, no logos"
"cmt33a6pj001qypj1jmx92yl8","Peso muerto rumano con mancuernas","Atleta Masculino 30s","Muscular man in his early 30s, short dark hair, clean shaven, wearing black athletic shorts and heather white tank top, athletic build, caucasian, performing Peso muerto rumano con mancuernas exercise, holding dumbbells in each hand, heavy weightlifting, intense focused expression, gym equipment visible, powerful stance, targeting isquiotibiales / glúteos muscles, correct anatomical form and posture, modern clean gym environment, bright even studio lighting, professional fitness photography, sharp focus on subject, slightly blurred background, full body or major muscle groups clearly visible, photorealistic, 4K quality, no text, no watermarks, no logos"
"cmt33a6zu001uypj1khs6hgy3","Pull-over con cuerda","Atleta Masculino 30s","Muscular man in his early 30s, short dark hair, clean shaven, wearing black athletic shorts and heather white tank top, athletic build, caucasian, performing Pull-over con cuerda exercise, using polea alta + cuerda, heavy weightlifting, intense focused expression, gym equipment visible, powerful stance, targeting pecho / espalda muscles, correct anatomical form and posture, modern clean gym environment, bright even studio lighting, professional fitness photography, sharp focus on subject, slightly blurred background, full body or major muscle groups clearly visible, photorealistic, 4K quality, no text, no watermarks, no logos"
"cmt33a7ad001yypj138gxgs64","Patada de tríceps en máquina","Atleta Masculino 30s","Muscular man in his early 30s, short dark hair, clean shaven, wearing black athletic shorts and heather white tank top, athletic build, caucasian, performing Patada de tríceps en máquina exercise, using máquina de patada de tríceps, heavy weightlifting, intense focused expression, gym equipment visible, powerful stance, targeting tríceps muscles, correct anatomical form and posture, modern clean gym environment, bright even studio lighting, professional fitness photography, sharp focus on subject, slightly blurred background, full body or major muscle groups clearly visible, photorealistic, 4K quality, no text, no watermarks, no logos"
"cmt33a7kw0022ypj1jevtyiaf","Jalón en máquina","Atleta Masculino 30s","Muscular man in his early 30s, short dark hair, clean shaven, wearing black athletic shorts and heather white tank top, athletic build, caucasian, performing Jalón en máquina exercise, using máquina de jalón, heavy weightlifting, intense focused expression, gym equipment visible, powerful stance, targeting espalda muscles, correct anatomical form and posture, modern clean gym environment, bright even studio lighting, professional fitness photography, sharp focus on subject, slightly blurred background, full body or major muscle groups clearly visible, photorealistic, 4K quality, no text, no watermarks, no logos"
"cmt33a7vn0026ypj154oxb4wz","Peso muerto block pull","Atleta Masculino 30s","Muscular man in his early 30s, short dark hair, clean shaven, wearing black athletic shorts and heather white tank top, athletic build, caucasian, performing Peso muerto block pull exercise, using barra + bloques / discos, heavy weightlifting, intense focused expression, gym equipment visible, powerful stance, targeting espalda / piernas muscles, correct anatomical form and posture, modern clean gym environment, bright even studio lighting, professional fitness photography, sharp focus on subject, slightly blurred background, full body or major muscle groups clearly visible, photorealistic, 4K quality, no text, no watermarks, no logos"
"cmt33a86g002aypj124qc8292","Curl alternado","Atleta Masculino 30s","Muscular man in his early 30s, short dark hair, clean shaven, wearing black athletic shorts and heather white tank top, athletic build, caucasian, performing Curl alternado exercise, holding dumbbells in each hand, heavy weightlifting, intense focused expression, gym equipment visible, powerful stance, targeting bíceps muscles, correct anatomical form and posture, modern clean gym environment, bright even studio lighting, professional fitness photography, sharp focus on subject, slightly blurred background, full body or major muscle groups clearly visible, photorealistic, 4K quality, no text, no watermarks, no logos"
"cmt33a8h1002eypj1a6v10eqa","Sentadilla frontal con mancuernas","Atleta Masculino 30s","Muscular man in his early 30s, short dark hair, clean shaven, wearing black athletic shorts and heather white tank top, athletic build, caucasian, performing Sentadilla frontal con mancuernas exercise, holding dumbbells in each hand, heavy weightlifting, intense focused expression, gym equipment visible, powerful stance, targeting cuádriceps muscles, correct anatomical form and posture, modern clean gym environment, bright even studio lighting, professional fitness photography, sharp focus on subject, slightly blurred background, full body or major muscle groups clearly visible, photorealistic, 4K quality, no text, no watermarks, no logos"
"cmt33a8rk002iypj18u3p0er6","Patada de tríceps con cable","Atleta Masculino 30s","Muscular man in his early 30s, short dark hair, clean shaven, wearing black athletic shorts and heather white tank top, athletic build, caucasian, performing Patada de tríceps con cable exercise, using polea baja, heavy weightlifting, intense focused expression, gym equipment visible, powerful stance, targeting tríceps muscles, correct anatomical form and posture, modern clean gym environment, bright even studio lighting, professional fitness photography, sharp focus on subject, slightly blurred background, full body or major muscle groups clearly visible, photorealistic, 4K quality, no text, no watermarks, no logos"
"cmt33a91s002mypj11xulvikb","Curl con cable","Atleta Masculino 30s","Muscular man in his early 30s, short dark hair, clean shaven, wearing black athletic shorts and heather white tank top, athletic build, caucasian, performing Curl con cable exercise, using polea baja + barra recta, heavy weightlifting, intense focused expression, gym equipment visible, powerful stance, targeting bíceps muscles, correct anatomical form and posture, modern clean gym environment, bright even studio lighting, professional fitness photography, sharp focus on subject, slightly blurred background, full body or major muscle groups clearly visible, photorealistic, 4K quality, no text, no watermarks, no logos"
"cmt33a9c2002qypj1j8hqfk7o","Cruces altos","Atleta Masculino 30s","Muscular man in his early 30s, short dark hair, clean shaven, wearing black athletic shorts and heather white tank top, athletic build, caucasian, performing Cruces altos exercise, using poleas bajas, heavy weightlifting, intense focused expression, gym equipment visible, powerful stance, targeting pecho muscles, correct anatomical form and posture, modern clean gym environment, bright even studio lighting, professional fitness photography, sharp focus on subject, slightly blurred background, full body or major muscle groups clearly visible, photorealistic, 4K quality, no text, no watermarks, no logos"
"cmt33a9mi002uypj14aewlfcc","Crunch en banco declinado","Atleta Masculino 30s","Muscular man in his early 30s, short dark hair, clean shaven, wearing black athletic shorts and heather white tank top, athletic build, caucasian, performing Crunch en banco declinado exercise, using banco declinado, heavy weightlifting, intense focused expression, gym equipment visible, powerful stance, targeting core muscles, correct anatomical form and posture, modern clean gym environment, bright even studio lighting, professional fitness photography, sharp focus on subject, slightly blurred background, full body or major muscle groups clearly visible, photorealistic, 4K quality, no text, no watermarks, no logos"
"cmt33a9xk002yypj1yc05tocm","Plancha con elevación de pierna","Atleta Masculino 30s","Muscular man in his early 30s, short dark hair, clean shaven, wearing black athletic shorts and heather white tank top, athletic build, caucasian, performing Plancha con elevación de pierna exercise, no equipment, bodyweight only, heavy weightlifting, intense focused expression, gym equipment visible, powerful stance, targeting core / glúteos muscles, correct anatomical form and posture, modern clean gym environment, bright even studio lighting, professional fitness photography, sharp focus on subject, slightly blurred background, full body or major muscle groups clearly visible, photorealistic, 4K quality, no text, no watermarks, no logos"
"cmt33aa8o0032ypj15wi4fc1n","Step up con mancuerna","Atleta Masculino 30s","Muscular man in his early 30s, short dark hair, clean shaven, wearing black athletic shorts and heather white tank top, athletic build, caucasian, performing Step up con mancuerna exercise, holding dumbbells in each hand, dynamic motion, mid-movement, sweat visible, energetic expression, cardio machine or open floor, targeting piernas muscles, correct anatomical form and posture, modern clean gym environment, bright even studio lighting, professional fitness photography, sharp focus on subject, slightly blurred background, full body or major muscle groups clearly visible, photorealistic, 4K quality, no text, no watermarks, no logos"
"cmt33aaiq0036ypj1f0z3ctne","Bicicleta de montaña","Atleta Masculino 30s","Muscular man in his early 30s, short dark hair, clean shaven, wearing black athletic shorts and heather white tank top, athletic build, caucasian, performing Bicicleta de montaña exercise, riding stationary bike, dynamic motion, mid-movement, sweat visible, energetic expression, cardio machine or open floor, targeting piernas muscles, correct anatomical form and posture, modern clean gym environment, bright even studio lighting, professional fitness photography, sharp focus on subject, slightly blurred background, full body or major muscle groups clearly visible, photorealistic, 4K quality, no text, no watermarks, no logos"
"cmt33aat9003aypj1ror9767e","Crawl de oso","Atleta Masculino 30s","Muscular man in his early 30s, short dark hair, clean shaven, wearing black athletic shorts and heather white tank top, athletic build, caucasian, performing Crawl de oso exercise, no equipment, bodyweight only, dynamic motion, mid-movement, sweat visible, energetic expression, cardio machine or open floor, targeting full body muscles, correct anatomical form and posture, modern clean gym environment, bright even studio lighting, professional fitness photography, sharp focus on subject, slightly blurred background, full body or major muscle groups clearly visible, photorealistic, 4K quality, no text, no watermarks, no logos"
"cmt33ab3i003eypj1vtdginfm","Jumping jack con press","Atleta Masculino 30s","Muscular man in his early 30s, short dark hair, clean shaven, wearing black athletic shorts and heather white tank top, athletic build, caucasian, performing Jumping jack con press exercise, no equipment, bodyweight only, dynamic motion, mid-movement, sweat visible, energetic expression, cardio machine or open floor, targeting piernas muscles, correct anatomical form and posture, modern clean gym environment, bright even studio lighting, professional fitness photography, sharp focus on subject, slightly blurred background, full body or major muscle groups clearly visible, photorealistic, 4K quality, no text, no watermarks, no logos"
"cmt33aber003iypj1gph6luff","Shadow kickboxing","Atleta Masculino 30s","Muscular man in his early 30s, short dark hair, clean shaven, wearing black athletic shorts and heather white tank top, athletic build, caucasian, performing Shadow kickboxing exercise, no equipment, bodyweight only, dynamic motion, mid-movement, sweat visible, energetic expression, cardio machine or open floor, targeting full body muscles, correct anatomical form and posture, modern clean gym environment, bright even studio lighting, professional fitness photography, sharp focus on subject, slightly blurred background, full body or major muscle groups clearly visible, photorealistic, 4K quality, no text, no watermarks, no logos"
"cmt33abq3003mypj1rky4o7h3","Patada de glúteo con salto","Atleta Masculino 30s","Muscular man in his early 30s, short dark hair, clean shaven, wearing black athletic shorts and heather white tank top, athletic build, caucasian, performing Patada de glúteo con salto exercise, no equipment, bodyweight only, dynamic motion, mid-movement, sweat visible, energetic expression, cardio machine or open floor, targeting glúteos muscles, correct anatomical form and posture, modern clean gym environment, bright even studio lighting, professional fitness photography, sharp focus on subject, slightly blurred background, full body or major muscle groups clearly visible, photorealistic, 4K quality, no text, no watermarks, no logos"
"cmt33ac1u003qypj1bc6toxc6","Remo de 500m","Atleta Masculino 30s","Muscular man in his early 30s, short dark hair, clean shaven, wearing black athletic shorts and heather white tank top, athletic build, caucasian, performing Remo de 500m exercise, using máquina de remo, dynamic motion, mid-movement, sweat visible, energetic expression, cardio machine or open floor, targeting full body muscles, correct anatomical form and posture, modern clean gym environment, bright even studio lighting, professional fitness photography, sharp focus on subject, slightly blurred background, full body or major muscle groups clearly visible, photorealistic, 4K quality, no text, no watermarks, no logos"
"cmt33accu003uypj1dgsy6fxi","Mountain climber lento","Atleta Masculino 30s","Muscular man in his early 30s, short dark hair, clean shaven, wearing black athletic shorts and heather white tank top, athletic build, caucasian, performing Mountain climber lento exercise, no equipment, bodyweight only, dynamic motion, mid-movement, sweat visible, energetic expression, cardio machine or open floor, targeting core muscles, correct anatomical form and posture, modern clean gym environment, bright even studio lighting, professional fitness photography, sharp focus on subject, slightly blurred background, full body or major muscle groups clearly visible, photorealistic, 4K quality, no text, no watermarks, no logos"
"cmt33acnd003yypj1mqhgf0r9","Bicicleta estática intervalada","Atleta Masculino 30s","Muscular man in his early 30s, short dark hair, clean shaven, wearing black athletic shorts and heather white tank top, athletic build, caucasian, performing Bicicleta estática intervalada exercise, using bicicleta estática, dynamic motion, mid-movement, sweat visible, energetic expression, cardio machine or open floor, targeting piernas muscles, correct anatomical form and posture, modern clean gym environment, bright even studio lighting, professional fitness photography, sharp focus on subject, slightly blurred background, full body or major muscle groups clearly visible, photorealistic, 4K quality, no text, no watermarks, no logos"
"cmt33acya0042ypj196gv4rx4","Burpees con mancuerna","Atleta Masculino 30s","Muscular man in his early 30s, short dark hair, clean shaven, wearing black athletic shorts and heather white tank top, athletic build, caucasian, performing Burpees con mancuerna exercise, holding dumbbells in each hand, dynamic motion, mid-movement, sweat visible, energetic expression, cardio machine or open floor, targeting full body muscles, correct anatomical form and posture, modern clean gym environment, bright even studio lighting, professional fitness photography, sharp focus on subject, slightly blurred background, full body or major muscle groups clearly visible, photorealistic, 4K quality, no text, no watermarks, no logos"
"cmt33adar0046ypj1k3nl5xs1","Sled reverse","Atleta Masculino 30s","Muscular man in his early 30s, short dark hair, clean shaven, wearing black athletic shorts and heather white tank top, athletic build, caucasian, performing Sled reverse exercise, using trineo (sled), functional fitness movement, athletic stance, kettlebell or bodyweight, explosive power, targeting piernas muscles, correct anatomical form and posture, modern clean gym environment, bright even studio lighting, professional fitness photography, sharp focus on subject, slightly blurred background, full body or major muscle groups clearly visible, photorealistic, 4K quality, no text, no watermarks, no logos"
"cmt33adpb004aypj148dexifi","Sled lateral push","Atleta Masculino 30s","Muscular man in his early 30s, short dark hair, clean shaven, wearing black athletic shorts and heather white tank top, athletic build, caucasian, performing Sled lateral push exercise, using trineo (sled), functional fitness movement, athletic stance, kettlebell or bodyweight, explosive power, targeting piernas muscles, correct anatomical form and posture, modern clean gym environment, bright even studio lighting, professional fitness photography, sharp focus on subject, slightly blurred background, full body or major muscle groups clearly visible, photorealistic, 4K quality, no text, no watermarks, no logos"
"cmt33ae0p004eypj17qn2aup0","Kettlebell goblet squat","Atleta Masculino 30s","Muscular man in his early 30s, short dark hair, clean shaven, wearing black athletic shorts and heather white tank top, athletic build, caucasian, performing Kettlebell goblet squat exercise, holding kettlebell with both hands or one, functional fitness movement, athletic stance, kettlebell or bodyweight, explosive power, targeting piernas muscles, correct anatomical form and posture, modern clean gym environment, bright even studio lighting, professional fitness photography, sharp focus on subject, slightly blurred background, full body or major muscle groups clearly visible, photorealistic, 4K quality, no text, no watermarks, no logos"
"cmt33aee2004iypj1swojjno4","TRX y-fly","Atleta Masculino 30s","Muscular man in his early 30s, short dark hair, clean shaven, wearing black athletic shorts and heather white tank top, athletic build, caucasian, performing TRX y-fly exercise, using TRX suspension straps, functional fitness movement, athletic stance, kettlebell or bodyweight, explosive power, targeting hombros muscles, correct anatomical form and posture, modern clean gym environment, bright even studio lighting, professional fitness photography, sharp focus on subject, slightly blurred background, full body or major muscle groups clearly visible, photorealistic, 4K quality, no text, no watermarks, no logos"
"cmt33aepg004mypj19fj74kdp","Bird dog con peso","Atleta Masculino 30s","Muscular man in his early 30s, short dark hair, clean shaven, wearing black athletic shorts and heather white tank top, athletic build, caucasian, performing Bird dog con peso exercise, using mancuerna ligera o tobilleras, functional fitness movement, athletic stance, kettlebell or bodyweight, explosive power, targeting core muscles, correct anatomical form and posture, modern clean gym environment, bright even studio lighting, professional fitness photography, sharp focus on subject, slightly blurred background, full body or major muscle groups clearly visible, photorealistic, 4K quality, no text, no watermarks, no logos"
"cmt33af1k004qypj1tehkm8ah","Sled bear crawl push","Atleta Masculino 30s","Muscular man in his early 30s, short dark hair, clean shaven, wearing black athletic shorts and heather white tank top, athletic build, caucasian, performing Sled bear crawl push exercise, using trineo (sled), functional fitness movement, athletic stance, kettlebell or bodyweight, explosive power, targeting full body muscles, correct anatomical form and posture, modern clean gym environment, bright even studio lighting, professional fitness photography, sharp focus on subject, slightly blurred background, full body or major muscle groups clearly visible, photorealistic, 4K quality, no text, no watermarks, no logos"
"cmt33afd9004uypj1h3t6qzev","Sled pull","Atleta Masculino 30s","Muscular man in his early 30s, short dark hair, clean shaven, wearing black athletic shorts and heather white tank top, athletic build, caucasian, performing Sled pull exercise, using trineo (sled) con cuerda, functional fitness movement, athletic stance, kettlebell or bodyweight, explosive power, targeting full body muscles, correct anatomical form and posture, modern clean gym environment, bright even studio lighting, professional fitness photography, sharp focus on subject, slightly blurred background, full body or major muscle groups clearly visible, photorealistic, 4K quality, no text, no watermarks, no logos"
"cmt33afq3004yypj1wnczsmxl","Clean con mancuernas","Atleta Masculino 30s","Muscular man in his early 30s, short dark hair, clean shaven, wearing black athletic shorts and heather white tank top, athletic build, caucasian, performing Clean con mancuernas exercise, holding dumbbells in each hand, functional fitness movement, athletic stance, kettlebell or bodyweight, explosive power, targeting full body muscles, correct anatomical form and posture, modern clean gym environment, bright even studio lighting, professional fitness photography, sharp focus on subject, slightly blurred background, full body or major muscle groups clearly visible, photorealistic, 4K quality, no text, no watermarks, no logos"
"cmt33ag3t0052ypj1xkgav0or","Sandbag load","Atleta Masculino 30s","Muscular man in his early 30s, short dark hair, clean shaven, wearing black athletic shorts and heather white tank top, athletic build, caucasian, performing Sandbag load exercise, carrying sandbag, functional fitness movement, athletic stance, kettlebell or bodyweight, explosive power, targeting full body muscles, correct anatomical form and posture, modern clean gym environment, bright even studio lighting, professional fitness photography, sharp focus on subject, slightly blurred background, full body or major muscle groups clearly visible, photorealistic, 4K quality, no text, no watermarks, no logos"
"cmt33agea0056ypj1itolv1my","Step-up lateral","Atleta Masculino 30s","Muscular man in his early 30s, short dark hair, clean shaven, wearing black athletic shorts and heather white tank top, athletic build, caucasian, performing Step-up lateral exercise, using banco o step, functional fitness movement, athletic stance, kettlebell or bodyweight, explosive power, targeting piernas muscles, correct anatomical form and posture, modern clean gym environment, bright even studio lighting, professional fitness photography, sharp focus on subject, slightly blurred background, full body or major muscle groups clearly visible, photorealistic, 4K quality, no text, no watermarks, no logos"
"cmt33agpf005aypj12jgq8ej7","Plank with walk","Atleta Masculino 30s","Muscular man in his early 30s, short dark hair, clean shaven, wearing black athletic shorts and heather white tank top, athletic build, caucasian, performing Plank with walk exercise, no equipment, bodyweight only, functional fitness movement, athletic stance, kettlebell or bodyweight, explosive power, targeting core muscles, correct anatomical form and posture, modern clean gym environment, bright even studio lighting, professional fitness photography, sharp focus on subject, slightly blurred background, full body or major muscle groups clearly visible, photorealistic, 4K quality, no text, no watermarks, no logos"
"cmt33agzz005eypj1bxjz8u4l","TRX squat","Atleta Masculino 30s","Muscular man in his early 30s, short dark hair, clean shaven, wearing black athletic shorts and heather white tank top, athletic build, caucasian, performing TRX squat exercise, using TRX suspension straps, functional fitness movement, athletic stance, kettlebell or bodyweight, explosive power, targeting piernas muscles, correct anatomical form and posture, modern clean gym environment, bright even studio lighting, professional fitness photography, sharp focus on subject, slightly blurred background, full body or major muscle groups clearly visible, photorealistic, 4K quality, no text, no watermarks, no logos"
"cmt33ahb3005iypj1za9ta2cd","Puente unilateral","Atleta Masculino 30s","Muscular man in his early 30s, short dark hair, clean shaven, wearing black athletic shorts and heather white tank top, athletic build, caucasian, performing Puente unilateral exercise, no equipment, bodyweight only, controlled stretching, relaxed focused expression, full range of motion, yoga mat or floor, targeting core muscles, correct anatomical form and posture, modern clean gym environment, bright even studio lighting, professional fitness photography, sharp focus on subject, slightly blurred background, full body or major muscle groups clearly visible, photorealistic, 4K quality, no text, no watermarks, no logos"
"cmt33ahm4005mypj12vj78kyi","Hip flexor stretch","Atleta Masculino 30s","Muscular man in his early 30s, short dark hair, clean shaven, wearing black athletic shorts and heather white tank top, athletic build, caucasian, performing Hip flexor stretch exercise, no equipment, bodyweight only, controlled stretching, relaxed focused expression, full range of motion, yoga mat or floor, targeting cadera muscles, correct anatomical form and posture, modern clean gym environment, bright even studio lighting, professional fitness photography, sharp focus on subject, slightly blurred background, full body or major muscle groups clearly visible, photorealistic, 4K quality, no text, no watermarks, no logos"
"cmt33ahwv005qypj1jtlftyw1","Foam rolling de espalda alta","Atleta Masculino 30s","Muscular man in his early 30s, short dark hair, clean shaven, wearing black athletic shorts and heather white tank top, athletic build, caucasian, performing Foam rolling de espalda alta exercise, using foam roller on muscle, controlled stretching, relaxed focused expression, full range of motion, yoga mat or floor, targeting espalda muscles, correct anatomical form and posture, modern clean gym environment, bright even studio lighting, professional fitness photography, sharp focus on subject, slightly blurred background, full body or major muscle groups clearly visible, photorealistic, 4K quality, no text, no watermarks, no logos"
"cmt33ai80005uypj1f68aj85c","World's greatest stretch con rotación","Atleta Masculino 30s","Muscular man in his early 30s, short dark hair, clean shaven, wearing black athletic shorts and heather white tank top, athletic build, caucasian, performing World's greatest stretch con rotación exercise, no equipment, bodyweight only, controlled stretching, relaxed focused expression, full range of motion, yoga mat or floor, targeting full body muscles, correct anatomical form and posture, modern clean gym environment, bright even studio lighting, professional fitness photography, sharp focus on subject, slightly blurred background, full body or major muscle groups clearly visible, photorealistic, 4K quality, no text, no watermarks, no logos"
"cmt33aije005yypj199f9it5r","Rotación de cuello","Atleta Masculino 30s","Muscular man in his early 30s, short dark hair, clean shaven, wearing black athletic shorts and heather white tank top, athletic build, caucasian, performing Rotación de cuello exercise, no equipment, bodyweight only, controlled stretching, relaxed focused expression, full range of motion, yoga mat or floor, targeting cuello muscles, correct anatomical form and posture, modern clean gym environment, bright even studio lighting, professional fitness photography, sharp focus on subject, slightly blurred background, full body or major muscle groups clearly visible, photorealistic, 4K quality, no text, no watermarks, no logos"
"cmt33aitr0062ypj1u7alknfq","Hip external rotation","Atleta Masculino 30s","Muscular man in his early 30s, short dark hair, clean shaven, wearing black athletic shorts and heather white tank top, athletic build, caucasian, performing Hip external rotation exercise, no equipment, bodyweight only, controlled stretching, relaxed focused expression, full range of motion, yoga mat or floor, targeting cadera muscles, correct anatomical form and posture, modern clean gym environment, bright even studio lighting, professional fitness photography, sharp focus on subject, slightly blurred background, full body or major muscle groups clearly visible, photorealistic, 4K quality, no text, no watermarks, no logos"
"cmt33aj460066ypj1x2skvvqb","Rotación de cadera en clinch","Atleta Masculino 30s","Muscular man in his early 30s, short dark hair, clean shaven, wearing black athletic shorts and heather white tank top, athletic build, caucasian, performing Rotación de cadera en clinch exercise, no equipment, bodyweight only, controlled stretching, relaxed focused expression, full range of motion, yoga mat or floor, targeting cadera muscles, correct anatomical form and posture, modern clean gym environment, bright even studio lighting, professional fitness photography, sharp focus on subject, slightly blurred background, full body or major muscle groups clearly visible, photorealistic, 4K quality, no text, no watermarks, no logos"
"cmt33ajex006aypj1kv6kqlqu","Hip internal rotation","Atleta Masculino 30s","Muscular man in his early 30s, short dark hair, clean shaven, wearing black athletic shorts and heather white tank top, athletic build, caucasian, performing Hip internal rotation exercise, no equipment, bodyweight only, controlled stretching, relaxed focused expression, full range of motion, yoga mat or floor, targeting cadera muscles, correct anatomical form and posture, modern clean gym environment, bright even studio lighting, professional fitness photography, sharp focus on subject, slightly blurred background, full body or major muscle groups clearly visible, photorealistic, 4K quality, no text, no watermarks, no logos"
"cmt33ajq3006eypj1s2mzpnrt","Fascial stretch de fascia posterior","Atleta Masculino 30s","Muscular man in his early 30s, short dark hair, clean shaven, wearing black athletic shorts and heather white tank top, athletic build, caucasian, performing Fascial stretch de fascia posterior exercise, no equipment, bodyweight only, deep stretch pose, calm breathing, elongated muscles, floor exercise, peaceful expression, targeting piernas muscles, correct anatomical form and posture, modern clean gym environment, bright even studio lighting, professional fitness photography, sharp focus on subject, slightly blurred background, full body or major muscle groups clearly visible, photorealistic, 4K quality, no text, no watermarks, no logos"
"cmt33ak3m006iypj1eo5rjjlm","Stretch de perro boca abajo","Atleta Masculino 30s","Muscular man in his early 30s, short dark hair, clean shaven, wearing black athletic shorts and heather white tank top, athletic build, caucasian, performing Stretch de perro boca abajo exercise, no equipment, bodyweight only, deep stretch pose, calm breathing, elongated muscles, floor exercise, peaceful expression, targeting full body muscles, correct anatomical form and posture, modern clean gym environment, bright even studio lighting, professional fitness photography, sharp focus on subject, slightly blurred background, full body or major muscle groups clearly visible, photorealistic, 4K quality, no text, no watermarks, no logos"
"cmt33akez006mypj1ycvnfwl8","Postura del guerrero III","Atleta Masculino 30s","Muscular man in his early 30s, short dark hair, clean shaven, wearing black athletic shorts and heather white tank top, athletic build, caucasian, performing Postura del guerrero III exercise, no equipment, bodyweight only, deep stretch pose, calm breathing, elongated muscles, floor exercise, peaceful expression, targeting piernas muscles, correct anatomical form and posture, modern clean gym environment, bright even studio lighting, professional fitness photography, sharp focus on subject, slightly blurred background, full body or major muscle groups clearly visible, photorealistic, 4K quality, no text, no watermarks, no logos"
"cmt33akps006qypj1wid4k0wh","Yoga supine twist","Atleta Masculino 30s","Muscular man in his early 30s, short dark hair, clean shaven, wearing black athletic shorts and heather white tank top, athletic build, caucasian, performing Yoga supine twist exercise, no equipment, bodyweight only, deep stretch pose, calm breathing, elongated muscles, floor exercise, peaceful expression, targeting espalda muscles, correct anatomical form and posture, modern clean gym environment, bright even studio lighting, professional fitness photography, sharp focus on subject, slightly blurred background, full body or major muscle groups clearly visible, photorealistic, 4K quality, no text, no watermarks, no logos"
"cmt33al0x006uypj16uaoyemc","Estiramiento de tríceps","Atleta Masculino 30s","Muscular man in his early 30s, short dark hair, clean shaven, wearing black athletic shorts and heather white tank top, athletic build, caucasian, performing Estiramiento de tríceps exercise, no equipment, bodyweight only, deep stretch pose, calm breathing, elongated muscles, floor exercise, peaceful expression, targeting brazos muscles, correct anatomical form and posture, modern clean gym environment, bright even studio lighting, professional fitness photography, sharp focus on subject, slightly blurred background, full body or major muscle groups clearly visible, photorealistic, 4K quality, no text, no watermarks, no logos"
"cmt33albq006yypj17nw87imt","Pilates swan","Atleta Masculino 30s","Muscular man in his early 30s, short dark hair, clean shaven, wearing black athletic shorts and heather white tank top, athletic build, caucasian, performing Pilates swan exercise, no equipment, bodyweight only, deep stretch pose, calm breathing, elongated muscles, floor exercise, peaceful expression, targeting espalda muscles, correct anatomical form and posture, modern clean gym environment, bright even studio lighting, professional fitness photography, sharp focus on subject, slightly blurred background, full body or major muscle groups clearly visible, photorealistic, 4K quality, no text, no watermarks, no logos"
"cmt33almc0072ypj1234qsfu4","Relajación progresiva de Jacobson","Atleta Masculino 30s","Muscular man in his early 30s, short dark hair, clean shaven, wearing black athletic shorts and heather white tank top, athletic build, caucasian, performing Relajación progresiva de Jacobson exercise, no equipment, bodyweight only, deep stretch pose, calm breathing, elongated muscles, floor exercise, peaceful expression, targeting full body muscles, correct anatomical form and posture, modern clean gym environment, bright even studio lighting, professional fitness photography, sharp focus on subject, slightly blurred background, full body or major muscle groups clearly visible, photorealistic, 4K quality, no text, no watermarks, no logos"
"cmt33alwm0076ypj1zixoqo21","Fascial stretch de línea media","Atleta Masculino 30s","Muscular man in his early 30s, short dark hair, clean shaven, wearing black athletic shorts and heather white tank top, athletic build, caucasian, performing Fascial stretch de línea media exercise, no equipment, bodyweight only, deep stretch pose, calm breathing, elongated muscles, floor exercise, peaceful expression, targeting full body muscles, correct anatomical form and posture, modern clean gym environment, bright even studio lighting, professional fitness photography, sharp focus on subject, slightly blurred background, full body or major muscle groups clearly visible, photorealistic, 4K quality, no text, no watermarks, no logos"
"cmt33am71007aypj1b83e2olx","Yoga seated forward fold","Atleta Masculino 30s","Muscular man in his early 30s, short dark hair, clean shaven, wearing black athletic shorts and heather white tank top, athletic build, caucasian, performing Yoga seated forward fold exercise, no equipment, bodyweight only, deep stretch pose, calm breathing, elongated muscles, floor exercise, peaceful expression, targeting piernas muscles, correct anatomical form and posture, modern clean gym environment, bright even studio lighting, professional fitness photography, sharp focus on subject, slightly blurred background, full body or major muscle groups clearly visible, photorealistic, 4K quality, no text, no watermarks, no logos"
"cmt33amh9007eypj10o5ktes6","Yoga lunge twist","Atleta Masculino 30s","Muscular man in his early 30s, short dark hair, clean shaven, wearing black athletic shorts and heather white tank top, athletic build, caucasian, performing Yoga lunge twist exercise, no equipment, bodyweight only, deep stretch pose, calm breathing, elongated muscles, floor exercise, peaceful expression, targeting core muscles, correct anatomical form and posture, modern clean gym environment, bright even studio lighting, professional fitness photography, sharp focus on subject, slightly blurred background, full body or major muscle groups clearly visible, photorealistic, 4K quality, no text, no watermarks, no logos"
"cmt33amrn007iypj1oxc16ls0","Burpee con salto al cajón","Atleta Masculino 30s","Muscular man in his early 30s, short dark hair, clean shaven, wearing black athletic shorts and heather white tank top, athletic build, caucasian, performing Burpee con salto al cajón exercise, using cajón pliométrico, explosive athletic movement, mid-air capture, maximum power output, dynamic freeze frame, targeting full body muscles, correct anatomical form and posture, modern clean gym environment, bright even studio lighting, professional fitness photography, sharp focus on subject, slightly blurred background, full body or major muscle groups clearly visible, photorealistic, 4K quality, no text, no watermarks, no logos"
"cmt33an2e007mypj1pp944wb9","Plyo step-over","Atleta Masculino 30s","Muscular man in his early 30s, short dark hair, clean shaven, wearing black athletic shorts and heather white tank top, athletic build, caucasian, performing Plyo step-over exercise, using cajón pliométrico, explosive athletic movement, mid-air capture, maximum power output, dynamic freeze frame, targeting piernas muscles, correct anatomical form and posture, modern clean gym environment, bright even studio lighting, professional fitness photography, sharp focus on subject, slightly blurred background, full body or major muscle groups clearly visible, photorealistic, 4K quality, no text, no watermarks, no logos"
"cmt33anf4007qypj1zdb4qbix","Push-up explosivo","Atleta Masculino 30s","Muscular man in his early 30s, short dark hair, clean shaven, wearing black athletic shorts and heather white tank top, athletic build, caucasian, performing Push-up explosivo exercise, no equipment, bodyweight only, explosive athletic movement, mid-air capture, maximum power output, dynamic freeze frame, targeting pecho muscles, correct anatomical form and posture, modern clean gym environment, bright even studio lighting, professional fitness photography, sharp focus on subject, slightly blurred background, full body or major muscle groups clearly visible, photorealistic, 4K quality, no text, no watermarks, no logos"
"cmt33anpj007uypj1oe0hbgd1","Jump pike","Atleta Masculino 30s","Muscular man in his early 30s, short dark hair, clean shaven, wearing black athletic shorts and heather white tank top, athletic build, caucasian, performing Jump pike exercise, no equipment, bodyweight only, explosive athletic movement, mid-air capture, maximum power output, dynamic freeze frame, targeting core muscles, correct anatomical form and posture, modern clean gym environment, bright even studio lighting, professional fitness photography, sharp focus on subject, slightly blurred background, full body or major muscle groups clearly visible, photorealistic, 4K quality, no text, no watermarks, no logos"
"cmt33ao01007yypj1w2rej3f0","Plyo lateral step-up","Atleta Masculino 30s","Muscular man in his early 30s, short dark hair, clean shaven, wearing black athletic shorts and heather white tank top, athletic build, caucasian, performing Plyo lateral step-up exercise, using plyometric box, explosive athletic movement, mid-air capture, maximum power output, dynamic freeze frame, targeting piernas muscles, correct anatomical form and posture, modern clean gym environment, bright even studio lighting, professional fitness photography, sharp focus on subject, slightly blurred background, full body or major muscle groups clearly visible, photorealistic, 4K quality, no text, no watermarks, no logos"
"cmt33aoaq0082ypj135fiue94","Plyo step-down","Atleta Masculino 30s","Muscular man in his early 30s, short dark hair, clean shaven, wearing black athletic shorts and heather white tank top, athletic build, caucasian, performing Plyo step-down exercise, using plyometric box, explosive athletic movement, mid-air capture, maximum power output, dynamic freeze frame, targeting piernas muscles, correct anatomical form and posture, modern clean gym environment, bright even studio lighting, professional fitness photography, sharp focus on subject, slightly blurred background, full body or major muscle groups clearly visible, photorealistic, 4K quality, no text, no watermarks, no logos"
"cmt33aolg0086ypj17uo53x2i","Burpee con muscle-up","Atleta Masculino 30s","Muscular man in his early 30s, short dark hair, clean shaven, wearing black athletic shorts and heather white tank top, athletic build, caucasian, performing Burpee con muscle-up exercise, holding olympic barbell with weight plates, explosive athletic movement, mid-air capture, maximum power output, dynamic freeze frame, targeting full body muscles, correct anatomical form and posture, modern clean gym environment, bright even studio lighting, professional fitness photography, sharp focus on subject, slightly blurred background, full body or major muscle groups clearly visible, photorealistic, 4K quality, no text, no watermarks, no logos"
"cmt33aovz008aypj1mxkhgyro","Burpee con box jump","Atleta Masculino 30s","Muscular man in his early 30s, short dark hair, clean shaven, wearing black athletic shorts and heather white tank top, athletic build, caucasian, performing Burpee con box jump exercise, using cajón pliométrico, explosive athletic movement, mid-air capture, maximum power output, dynamic freeze frame, targeting full body muscles, correct anatomical form and posture, modern clean gym environment, bright even studio lighting, professional fitness photography, sharp focus on subject, slightly blurred background, full body or major muscle groups clearly visible, photorealistic, 4K quality, no text, no watermarks, no logos"
"cmt33ap6i008eypj163zqj02y","Deadlift unilateral","Atleta Masculino 30s","Muscular man in his early 30s, short dark hair, clean shaven, wearing black athletic shorts and heather white tank top, athletic build, caucasian, performing Deadlift unilateral exercise, using mancuerna o kettlebell, stable balanced pose, core engaged, focused concentration, unstable surface or single leg, targeting piernas muscles, correct anatomical form and posture, modern clean gym environment, bright even studio lighting, professional fitness photography, sharp focus on subject, slightly blurred background, full body or major muscle groups clearly visible, photorealistic, 4K quality, no text, no watermarks, no logos"
"cmt33apjg008iypj1yh29796z","Lunge con banda","Atleta Masculino 30s","Muscular man in his early 30s, short dark hair, clean shaven, wearing black athletic shorts and heather white tank top, athletic build, caucasian, performing Lunge con banda exercise, using banda elástica, stable balanced pose, core engaged, focused concentration, unstable surface or single leg, targeting piernas muscles, correct anatomical form and posture, modern clean gym environment, bright even studio lighting, professional fitness photography, sharp focus on subject, slightly blurred background, full body or major muscle groups clearly visible, photorealistic, 4K quality, no text, no watermarks, no logos"
"cmt33apu1008mypj1wqjusyjs","Lunge con fitball","Atleta Masculino 30s","Muscular man in his early 30s, short dark hair, clean shaven, wearing black athletic shorts and heather white tank top, athletic build, caucasian, performing Lunge con fitball exercise, using stability swiss ball, stable balanced pose, core engaged, focused concentration, unstable surface or single leg, targeting piernas muscles, correct anatomical form and posture, modern clean gym environment, bright even studio lighting, professional fitness photography, sharp focus on subject, slightly blurred background, full body or major muscle groups clearly visible, photorealistic, 4K quality, no text, no watermarks, no logos"
"cmt33aq4k008qypj1aqccwzsq","Deadlift unilateral en bosu","Atleta Masculino 30s","Muscular man in his early 30s, short dark hair, clean shaven, wearing black athletic shorts and heather white tank top, athletic build, caucasian, performing Deadlift unilateral en bosu exercise, using bosu + mancuerna o kettlebell, stable balanced pose, core engaged, focused concentration, unstable surface or single leg, targeting piernas muscles, correct anatomical form and posture, modern clean gym environment, bright even studio lighting, professional fitness photography, sharp focus on subject, slightly blurred background, full body or major muscle groups clearly visible, photorealistic, 4K quality, no text, no watermarks, no logos"
"cmt33aqez008uypj1zon2auqf","Press unilateral en bosu","Atleta Masculino 30s","Muscular man in his early 30s, short dark hair, clean shaven, wearing black athletic shorts and heather white tank top, athletic build, caucasian, performing Press unilateral en bosu exercise, using bosu + mancuerna o kettlebell, stable balanced pose, core engaged, focused concentration, unstable surface or single leg, targeting hombros muscles, correct anatomical form and posture, modern clean gym environment, bright even studio lighting, professional fitness photography, sharp focus on subject, slightly blurred background, full body or major muscle groups clearly visible, photorealistic, 4K quality, no text, no watermarks, no logos"
"cmt33aqqj008yypj1vv3p1pa3","Yoga side plank with leg raise","Atleta Masculino 30s","Muscular man in his early 30s, short dark hair, clean shaven, wearing black athletic shorts and heather white tank top, athletic build, caucasian, performing Yoga side plank with leg raise exercise, no equipment, bodyweight only, stable balanced pose, core engaged, focused concentration, unstable surface or single leg, targeting core muscles, correct anatomical form and posture, modern clean gym environment, bright even studio lighting, professional fitness photography, sharp focus on subject, slightly blurred background, full body or major muscle groups clearly visible, photorealistic, 4K quality, no text, no watermarks, no logos"
"cmt33ar0t0092ypj1e35b3kfk","Row unilateral en bosu","Atleta Masculino 30s","Muscular man in his early 30s, short dark hair, clean shaven, wearing black athletic shorts and heather white tank top, athletic build, caucasian, performing Row unilateral en bosu exercise, using bosu + mancuerna o kettlebell, stable balanced pose, core engaged, focused concentration, unstable surface or single leg, targeting espalda muscles, correct anatomical form and posture, modern clean gym environment, bright even studio lighting, professional fitness photography, sharp focus on subject, slightly blurred background, full body or major muscle groups clearly visible, photorealistic, 4K quality, no text, no watermarks, no logos"
"cmt33arbh0096ypj1p3icpqhw","Técnica de salida","Atleta Masculino 30s","Muscular man in his early 30s, short dark hair, clean shaven, wearing black athletic shorts and heather white tank top, athletic build, caucasian, performing Técnica de salida exercise, no equipment, bodyweight only, practicing movement pattern, light weight or PVC pipe, instructional form, slow controlled, targeting full body muscles, correct anatomical form and posture, modern clean gym environment, bright even studio lighting, professional fitness photography, sharp focus on subject, slightly blurred background, full body or major muscle groups clearly visible, photorealistic, 4K quality, no text, no watermarks, no logos"
"cmt33arlz009aypj10ox5k8ak","Snatch hang snatch con barra vacía","Atleta Masculino 30s","Muscular man in his early 30s, short dark hair, clean shaven, wearing black athletic shorts and heather white tank top, athletic build, caucasian, performing Snatch hang snatch con barra vacía exercise, holding olympic barbell with weight plates, practicing movement pattern, light weight or PVC pipe, instructional form, slow controlled, targeting full body muscles, correct anatomical form and posture, modern clean gym environment, bright even studio lighting, professional fitness photography, sharp focus on subject, slightly blurred background, full body or major muscle groups clearly visible, photorealistic, 4K quality, no text, no watermarks, no logos"
"cmt33arwk009eypj1mch0j7dm","Jerk power jerk con palo","Atleta Masculino 30s","Muscular man in his early 30s, short dark hair, clean shaven, wearing black athletic shorts and heather white tank top, athletic build, caucasian, performing Jerk power jerk con palo exercise, using palo o bastón, practicing movement pattern, light weight or PVC pipe, instructional form, slow controlled, targeting full body muscles, correct anatomical form and posture, modern clean gym environment, bright even studio lighting, professional fitness photography, sharp focus on subject, slightly blurred background, full body or major muscle groups clearly visible, photorealistic, 4K quality, no text, no watermarks, no logos"
"cmt33as87009iypj1w4df4hbw","Press arnold con mancuerna","Atleta Masculino 30s","Muscular man in his early 30s, short dark hair, clean shaven, wearing black athletic shorts and heather white tank top, athletic build, caucasian, performing Press arnold con mancuerna exercise, holding dumbbells in each hand, heavy weightlifting, intense focused expression, gym equipment visible, powerful stance, targeting hombros muscles, correct anatomical form and posture, modern clean gym environment, bright even studio lighting, professional fitness photography, sharp focus on subject, slightly blurred background, full body or major muscle groups clearly visible, photorealistic, 4K quality, no text, no watermarks, no logos"
"cmt33askl009mypj1eao29x5d","Press con barra vacía","Atleta Masculino 30s","Muscular man in his early 30s, short dark hair, clean shaven, wearing black athletic shorts and heather white tank top, athletic build, caucasian, performing Press con barra vacía exercise, holding olympic barbell with weight plates, practicing movement pattern, light weight or PVC pipe, instructional form, slow controlled, targeting hombros muscles, correct anatomical form and posture, modern clean gym environment, bright even studio lighting, professional fitness photography, sharp focus on subject, slightly blurred background, full body or major muscle groups clearly visible, photorealistic, 4K quality, no text, no watermarks, no logos"
"cmt33asux009qypj1r111ydgm","Sentadilla box","Atleta Masculino 30s","Muscular man in his early 30s, short dark hair, clean shaven, wearing black athletic shorts and heather white tank top, athletic build, caucasian, performing Sentadilla box exercise, using banco o cajón, practicing movement pattern, light weight or PVC pipe, instructional form, slow controlled, targeting piernas muscles, correct anatomical form and posture, modern clean gym environment, bright even studio lighting, professional fitness photography, sharp focus on subject, slightly blurred background, full body or major muscle groups clearly visible, photorealistic, 4K quality, no text, no watermarks, no logos"
"cmt33at5h009uypj15czknbzk","Pull snatch pull con barra","Atleta Masculino 30s","Muscular man in his early 30s, short dark hair, clean shaven, wearing black athletic shorts and heather white tank top, athletic build, caucasian, performing Pull snatch pull con barra exercise, holding olympic barbell with weight plates, practicing movement pattern, light weight or PVC pipe, instructional form, slow controlled, targeting full body muscles, correct anatomical form and posture, modern clean gym environment, bright even studio lighting, professional fitness photography, sharp focus on subject, slightly blurred background, full body or major muscle groups clearly visible, photorealistic, 4K quality, no text, no watermarks, no logos"
"cmt33atfy009yypj1kjg823gm","Drill de split","Atleta Masculino 30s","Muscular man in his early 30s, short dark hair, clean shaven, wearing black athletic shorts and heather white tank top, athletic build, caucasian, performing Drill de split exercise, no equipment, bodyweight only, practicing movement pattern, light weight or PVC pipe, instructional form, slow controlled, targeting piernas muscles, correct anatomical form and posture, modern clean gym environment, bright even studio lighting, professional fitness photography, sharp focus on subject, slightly blurred background, full body or major muscle groups clearly visible, photorealistic, 4K quality, no text, no watermarks, no logos"
"cmt33atr500a2ypj1fe20lwcr","Dinámico swing de brazos","Atleta Masculino 30s","Muscular man in his early 30s, short dark hair, clean shaven, wearing black athletic shorts and heather white tank top, athletic build, caucasian, performing Dinámico swing de brazos exercise, no equipment, bodyweight only, light dynamic movement, warming up body, gradual motion, preparing for exercise, targeting hombros muscles, correct anatomical form and posture, modern clean gym environment, bright even studio lighting, professional fitness photography, sharp focus on subject, slightly blurred background, full body or major muscle groups clearly visible, photorealistic, 4K quality, no text, no watermarks, no logos"
"cmt33au1y00a6ypj169nekaxu","Activación de glúteos con banda","Atleta Masculino 30s","Muscular man in his early 30s, short dark hair, clean shaven, wearing black athletic shorts and heather white tank top, athletic build, caucasian, performing Activación de glúteos con banda exercise, using resistance band for tension, light dynamic movement, warming up body, gradual motion, preparing for exercise, targeting glúteos muscles, correct anatomical form and posture, modern clean gym environment, bright even studio lighting, professional fitness photography, sharp focus on subject, slightly blurred background, full body or major muscle groups clearly visible, photorealistic, 4K quality, no text, no watermarks, no logos"
"cmt33auck00aaypj1bzqut2ok","Prep neural de reacción","Atleta Masculino 30s","Muscular man in his early 30s, short dark hair, clean shaven, wearing black athletic shorts and heather white tank top, athletic build, caucasian, performing Prep neural de reacción exercise, no equipment, bodyweight only, light dynamic movement, warming up body, gradual motion, preparing for exercise, targeting full body muscles, correct anatomical form and posture, modern clean gym environment, bright even studio lighting, professional fitness photography, sharp focus on subject, slightly blurred background, full body or major muscle groups clearly visible, photorealistic, 4K quality, no text, no watermarks, no logos"
"cmt33aun400aeypj1lgs2glrm","Dinámico círculos de hombros","Atleta Masculino 30s","Muscular man in his early 30s, short dark hair, clean shaven, wearing black athletic shorts and heather white tank top, athletic build, caucasian, performing Dinámico círculos de hombros exercise, no equipment, bodyweight only, light dynamic movement, warming up body, gradual motion, preparing for exercise, targeting hombros muscles, correct anatomical form and posture, modern clean gym environment, bright even studio lighting, professional fitness photography, sharp focus on subject, slightly blurred background, full body or major muscle groups clearly visible, photorealistic, 4K quality, no text, no watermarks, no logos"
"cmt33auxp00aiypj1xgj1o8uc","Cardio ligero de 3 minutos","Atleta Masculino 30s","Muscular man in his early 30s, short dark hair, clean shaven, wearing black athletic shorts and heather white tank top, athletic build, caucasian, performing Cardio ligero de 3 minutos exercise, no equipment, bodyweight only, light dynamic movement, warming up body, gradual motion, preparing for exercise, targeting full body muscles, correct anatomical form and posture, modern clean gym environment, bright even studio lighting, professional fitness photography, sharp focus on subject, slightly blurred background, full body or major muscle groups clearly visible, photorealistic, 4K quality, no text, no watermarks, no logos"
"cmt33av8000amypj1n146ancw","Activación de rotadores externos","Atleta Masculino 30s","Muscular man in his early 30s, short dark hair, clean shaven, wearing black athletic shorts and heather white tank top, athletic build, caucasian, performing Activación de rotadores externos exercise, using resistance band for tension, light dynamic movement, warming up body, gradual motion, preparing for exercise, targeting hombros muscles, correct anatomical form and posture, modern clean gym environment, bright even studio lighting, professional fitness photography, sharp focus on subject, slightly blurred background, full body or major muscle groups clearly visible, photorealistic, 4K quality, no text, no watermarks, no logos"
"cmt33avii00aqypj10xuafpw5","Prep de sistema nervioso","Atleta Masculino 30s","Muscular man in his early 30s, short dark hair, clean shaven, wearing black athletic shorts and heather white tank top, athletic build, caucasian, performing Prep de sistema nervioso exercise, no equipment, bodyweight only, light dynamic movement, warming up body, gradual motion, preparing for exercise, targeting full body muscles, correct anatomical form and posture, modern clean gym environment, bright even studio lighting, professional fitness photography, sharp focus on subject, slightly blurred background, full body or major muscle groups clearly visible, photorealistic, 4K quality, no text, no watermarks, no logos"
"cmt33avvh00auypj1b4u6ot4y","Movilidad articular general","Atleta Masculino 30s","Muscular man in his early 30s, short dark hair, clean shaven, wearing black athletic shorts and heather white tank top, athletic build, caucasian, performing Movilidad articular general exercise, no equipment, bodyweight only, light dynamic movement, warming up body, gradual motion, preparing for exercise, targeting full body muscles, correct anatomical form and posture, modern clean gym environment, bright even studio lighting, professional fitness photography, sharp focus on subject, slightly blurred background, full body or major muscle groups clearly visible, photorealistic, 4K quality, no text, no watermarks, no logos"
"cmt33awb800ayypj1et6llyc5","Prep neural de sprint","Atleta Masculino 30s","Muscular man in his early 30s, short dark hair, clean shaven, wearing black athletic shorts and heather white tank top, athletic build, caucasian, performing Prep neural de sprint exercise, no equipment, bodyweight only, light dynamic movement, warming up body, gradual motion, preparing for exercise, targeting piernas muscles, correct anatomical form and posture, modern clean gym environment, bright even studio lighting, professional fitness photography, sharp focus on subject, slightly blurred background, full body or major muscle groups clearly visible, photorealistic, 4K quality, no text, no watermarks, no logos"
"cmt33awlm00b2ypj15yimf3cj","Calentamiento de butt kicks","Atleta Masculino 30s","Muscular man in his early 30s, short dark hair, clean shaven, wearing black athletic shorts and heather white tank top, athletic build, caucasian, performing Calentamiento de butt kicks exercise, no equipment, bodyweight only, light dynamic movement, warming up body, gradual motion, preparing for exercise, targeting piernas muscles, correct anatomical form and posture, modern clean gym environment, bright even studio lighting, professional fitness photography, sharp focus on subject, slightly blurred background, full body or major muscle groups clearly visible, photorealistic, 4K quality, no text, no watermarks, no logos"
"cmt33aww300b6ypj1j5m49yh0","Meditación guiada de 10 minutos","Atleta Masculino 30s","Muscular man in his early 30s, short dark hair, clean shaven, wearing black athletic shorts and heather white tank top, athletic build, caucasian, performing Meditación guiada de 10 minutos exercise, no equipment, bodyweight only, recovery stretching, deep breathing, relaxed posture, post-workout calm, gentle movement, targeting full body muscles, correct anatomical form and posture, modern clean gym environment, bright even studio lighting, professional fitness photography, sharp focus on subject, slightly blurred background, full body or major muscle groups clearly visible, photorealistic, 4K quality, no text, no watermarks, no logos"
"cmt33ax8o00baypj1xj3sxj64","Foam roller de pantorrilla","Atleta Masculino 30s","Muscular man in his early 30s, short dark hair, clean shaven, wearing black athletic shorts and heather white tank top, athletic build, caucasian, performing Foam roller de pantorrilla exercise, using foam roller on muscle, recovery stretching, deep breathing, relaxed posture, post-workout calm, gentle movement, targeting pantorrilla muscles, correct anatomical form and posture, modern clean gym environment, bright even studio lighting, professional fitness photography, sharp focus on subject, slightly blurred background, full body or major muscle groups clearly visible, photorealistic, 4K quality, no text, no watermarks, no logos"
"cmt33axj700beypj1mbqoeub4","Relajación progresiva completa","Atleta Masculino 30s","Muscular man in his early 30s, short dark hair, clean shaven, wearing black athletic shorts and heather white tank top, athletic build, caucasian, performing Relajación progresiva completa exercise, no equipment, bodyweight only, recovery stretching, deep breathing, relaxed posture, post-workout calm, gentle movement, targeting full body muscles, correct anatomical form and posture, modern clean gym environment, bright even studio lighting, professional fitness photography, sharp focus on subject, slightly blurred background, full body or major muscle groups clearly visible, photorealistic, 4K quality, no text, no watermarks, no logos"
"cmt33axtt00biypj1dv52ni5p","Estiramiento pasivo de espalda","Atleta Masculino 30s","Muscular man in his early 30s, short dark hair, clean shaven, wearing black athletic shorts and heather white tank top, athletic build, caucasian, performing Estiramiento pasivo de espalda exercise, no equipment, bodyweight only, recovery stretching, deep breathing, relaxed posture, post-workout calm, gentle movement, targeting espalda muscles, correct anatomical form and posture, modern clean gym environment, bright even studio lighting, professional fitness photography, sharp focus on subject, slightly blurred background, full body or major muscle groups clearly visible, photorealistic, 4K quality, no text, no watermarks, no logos"
"cmt33ay4f00bmypj1b61aw8aw","Yoga restaurativo de espalda","Atleta Masculino 30s","Muscular man in his early 30s, short dark hair, clean shaven, wearing black athletic shorts and heather white tank top, athletic build, caucasian, performing Yoga restaurativo de espalda exercise, no equipment, bodyweight only, recovery stretching, deep breathing, relaxed posture, post-workout calm, gentle movement, targeting espalda muscles, correct anatomical form and posture, modern clean gym environment, bright even studio lighting, professional fitness photography, sharp focus on subject, slightly blurred background, full body or major muscle groups clearly visible, photorealistic, 4K quality, no text, no watermarks, no logos"
"cmt33ayf000bqypj1apq1eheu","Respiración alternada","Atleta Masculino 30s","Muscular man in his early 30s, short dark hair, clean shaven, wearing black athletic shorts and heather white tank top, athletic build, caucasian, performing Respiración alternada exercise, no equipment, bodyweight only, recovery stretching, deep breathing, relaxed posture, post-workout calm, gentle movement, targeting full body muscles, correct anatomical form and posture, modern clean gym environment, bright even studio lighting, professional fitness photography, sharp focus on subject, slightly blurred background, full body or major muscle groups clearly visible, photorealistic, 4K quality, no text, no watermarks, no logos"
"cmt33aypn00buypj1kq5cxxmy","Movilidad suave de cadera","Atleta Masculino 30s","Muscular man in his early 30s, short dark hair, clean shaven, wearing black athletic shorts and heather white tank top, athletic build, caucasian, performing Movilidad suave de cadera exercise, no equipment, bodyweight only, recovery stretching, deep breathing, relaxed posture, post-workout calm, gentle movement, targeting cadera muscles, correct anatomical form and posture, modern clean gym environment, bright even studio lighting, professional fitness photography, sharp focus on subject, slightly blurred background, full body or major muscle groups clearly visible, photorealistic, 4K quality, no text, no watermarks, no logos"
"cmt33ayzz00byypj19jxa9c3z","Conciencia corporal general","Atleta Masculino 30s","Muscular man in his early 30s, short dark hair, clean shaven, wearing black athletic shorts and heather white tank top, athletic build, caucasian, performing Conciencia corporal general exercise, no equipment, bodyweight only, rehabilitation exercise, controlled activation, mind-muscle connection, precise small movement, targeting full body muscles, correct anatomical form and posture, modern clean gym environment, bright even studio lighting, professional fitness photography, sharp focus on subject, slightly blurred background, full body or major muscle groups clearly visible, photorealistic, 4K quality, no text, no watermarks, no logos"
"cmt33azbm00c2ypj1je8km33e","Prehab de cadera con banda","Atleta Masculino 30s","Muscular man in his early 30s, short dark hair, clean shaven, wearing black athletic shorts and heather white tank top, athletic build, caucasian, performing Prehab de cadera con banda exercise, using resistance band for tension, rehabilitation exercise, controlled activation, mind-muscle connection, precise small movement, targeting cadera muscles, correct anatomical form and posture, modern clean gym environment, bright even studio lighting, professional fitness photography, sharp focus on subject, slightly blurred background, full body or major muscle groups clearly visible, photorealistic, 4K quality, no text, no watermarks, no logos"
"cmt33azlx00c6ypj125vixbgy","Rehab de espalda baja","Atleta Masculino 30s","Muscular man in his early 30s, short dark hair, clean shaven, wearing black athletic shorts and heather white tank top, athletic build, caucasian, performing Rehab de espalda baja exercise, no equipment, bodyweight only, rehabilitation exercise, controlled activation, mind-muscle connection, precise small movement, targeting espalda muscles, correct anatomical form and posture, modern clean gym environment, bright even studio lighting, professional fitness photography, sharp focus on subject, slightly blurred background, full body or major muscle groups clearly visible, photorealistic, 4K quality, no text, no watermarks, no logos"
"cmt33azw700caypj1p6a2r46k","Activación de core profundo","Atleta Masculino 30s","Muscular man in his early 30s, short dark hair, clean shaven, wearing black athletic shorts and heather white tank top, athletic build, caucasian, performing Activación de core profundo exercise, no equipment, bodyweight only, rehabilitation exercise, controlled activation, mind-muscle connection, precise small movement, targeting core muscles, correct anatomical form and posture, modern clean gym environment, bright even studio lighting, professional fitness photography, sharp focus on subject, slightly blurred background, full body or major muscle groups clearly visible, photorealistic, 4K quality, no text, no watermarks, no logos"
"cmt33b06d00ceypj12zq0akab","Prehab de muñecas","Atleta Masculino 30s","Muscular man in his early 30s, short dark hair, clean shaven, wearing black athletic shorts and heather white tank top, athletic build, caucasian, performing Prehab de muñecas exercise, no equipment, bodyweight only, rehabilitation exercise, controlled activation, mind-muscle connection, precise small movement, targeting muñecas muscles, correct anatomical form and posture, modern clean gym environment, bright even studio lighting, professional fitness photography, sharp focus on subject, slightly blurred background, full body or major muscle groups clearly visible, photorealistic, 4K quality, no text, no watermarks, no logos"
"cmt33b0hq00ciypj1xw2bj8nh","Estabilización escapular","Atleta Masculino 30s","Muscular man in his early 30s, short dark hair, clean shaven, wearing black athletic shorts and heather white tank top, athletic build, caucasian, performing Estabilización escapular exercise, no equipment, bodyweight only, rehabilitation exercise, controlled activation, mind-muscle connection, precise small movement, targeting hombros muscles, correct anatomical form and posture, modern clean gym environment, bright even studio lighting, professional fitness photography, sharp focus on subject, slightly blurred background, full body or major muscle groups clearly visible, photorealistic, 4K quality, no text, no watermarks, no logos"
"cmtjc6kts00013iso1ogxlh34","Estiramiento Lumbar","Atleta Masculino 30s","Muscular man in his early 30s, short dark hair, clean shaven, wearing black athletic shorts and heather white tank top, athletic build, caucasian, performing Estiramiento Lumbar exercise, no equipment, bodyweight only, deep stretch pose, calm breathing, elongated muscles, floor exercise, peaceful expression, targeting espalda baja muscles, correct anatomical form and posture, modern clean gym environment, bright even studio lighting, professional fitness photography, sharp focus on subject, slightly blurred background, full body or major muscle groups clearly visible, photorealistic, 4K quality, no text, no watermarks, no logos"
"cmtjc6l4m00053isoet14sjjq","Estiramiento de Bíceps en pared","Atleta Masculino 30s","Muscular man in his early 30s, short dark hair, clean shaven, wearing black athletic shorts and heather white tank top, athletic build, caucasian, performing Estiramiento de Bíceps en pared exercise, using pared, deep stretch pose, calm breathing, elongated muscles, floor exercise, peaceful expression, targeting bíceps muscles, correct anatomical form and posture, modern clean gym environment, bright even studio lighting, professional fitness photography, sharp focus on subject, slightly blurred background, full body or major muscle groups clearly visible, photorealistic, 4K quality, no text, no watermarks, no logos"
"cmtjc6lf200093isoj6ckcomz","Flexión de Cuello","Atleta Masculino 30s","Muscular man in his early 30s, short dark hair, clean shaven, wearing black athletic shorts and heather white tank top, athletic build, caucasian, performing Flexión de Cuello exercise, no equipment, bodyweight only, deep stretch pose, calm breathing, elongated muscles, floor exercise, peaceful expression, targeting cuello muscles, correct anatomical form and posture, modern clean gym environment, bright even studio lighting, professional fitness photography, sharp focus on subject, slightly blurred background, full body or major muscle groups clearly visible, photorealistic, 4K quality, no text, no watermarks, no logos"
"cmtjc6lpz000d3iso66ji69do","Estiramiento de Flexores de Cadera arrodillado","Atleta Masculino 30s","Muscular man in his early 30s, short dark hair, clean shaven, wearing black athletic shorts and heather white tank top, athletic build, caucasian, performing Estiramiento de Flexores de Cadera arrodillado exercise, no equipment, bodyweight only, deep stretch pose, calm breathing, elongated muscles, floor exercise, peaceful expression, targeting flexores de cadera muscles, correct anatomical form and posture, modern clean gym environment, bright even studio lighting, professional fitness photography, sharp focus on subject, slightly blurred background, full body or major muscle groups clearly visible, photorealistic, 4K quality, no text, no watermarks, no logos"
"cmtjc6m0m000h3ison8wl6lft","Estiramiento de Cuádriceps arrodillado","Atleta Masculino 30s","Muscular man in his early 30s, short dark hair, clean shaven, wearing black athletic shorts and heather white tank top, athletic build, caucasian, performing Estiramiento de Cuádriceps arrodillado exercise, no equipment, bodyweight only, deep stretch pose, calm breathing, elongated muscles, floor exercise, peaceful expression, targeting cuádriceps muscles, correct anatomical form and posture, modern clean gym environment, bright even studio lighting, professional fitness photography, sharp focus on subject, slightly blurred background, full body or major muscle groups clearly visible, photorealistic, 4K quality, no text, no watermarks, no logos"
"cmtjc6mbq000l3isouk7c5tfm","Estiramiento de Isquiotibiales de pie","Atleta Masculino 30s","Muscular man in his early 30s, short dark hair, clean shaven, wearing black athletic shorts and heather white tank top, athletic build, caucasian, performing Estiramiento de Isquiotibiales de pie exercise, no equipment, bodyweight only, deep stretch pose, calm breathing, elongated muscles, floor exercise, peaceful expression, targeting femoral muscles, correct anatomical form and posture, modern clean gym environment, bright even studio lighting, professional fitness photography, sharp focus on subject, slightly blurred background, full body or major muscle groups clearly visible, photorealistic, 4K quality, no text, no watermarks, no logos"
"cmtjc6mpb000p3iso9810m649","Estiramiento de Aductores sentado","Atleta Masculino 30s","Muscular man in his early 30s, short dark hair, clean shaven, wearing black athletic shorts and heather white tank top, athletic build, caucasian, performing Estiramiento de Aductores sentado exercise, no equipment, bodyweight only, deep stretch pose, calm breathing, elongated muscles, floor exercise, peaceful expression, targeting aductores muscles, correct anatomical form and posture, modern clean gym environment, bright even studio lighting, professional fitness photography, sharp focus on subject, slightly blurred background, full body or major muscle groups clearly visible, photorealistic, 4K quality, no text, no watermarks, no logos"
"cmtjc6n56000t3isog4vtxwlx","Estiramiento de Gemelos contra pared","Atleta Masculino 30s","Muscular man in his early 30s, short dark hair, clean shaven, wearing black athletic shorts and heather white tank top, athletic build, caucasian, performing Estiramiento de Gemelos contra pared exercise, no equipment, bodyweight only, deep stretch pose, calm breathing, elongated muscles, floor exercise, peaceful expression, targeting gemelos muscles, correct anatomical form and posture, modern clean gym environment, bright even studio lighting, professional fitness photography, sharp focus on subject, slightly blurred background, full body or major muscle groups clearly visible, photorealistic, 4K quality, no text, no watermarks, no logos"
"cmtjc6r6s000x3iso0m2q1a4c","Rotaciones de cadera en 90/90","Atleta Masculino 30s","Muscular man in his early 30s, short dark hair, clean shaven, wearing black athletic shorts and heather white tank top, athletic build, caucasian, performing Rotaciones de cadera en 90/90 exercise, no equipment, bodyweight only, controlled movement, focused espression, rehabilitation exercise, controlled activation, precise movement, targeting cadera muscles, correct anatomical form and posture, modern clean gym environment, bright even studio lighting, professional fitness photography, sharp focus on subject, slightly blurred background, full body or major muscle groups clearly visible, photorealistic, 4K quality, no text, no watermarks, no logos"
"cmtjc6rhi00113iso8083dais","Estiramiento de Flexores de Cadera","Atleta Masculino 30s","Muscular man in his early 30s, short dark hair, clean shaven, wearing black athletic shorts and heather white tank top, athletic build, caucasian, performing Estiramiento de Flexores de Cadera exercise, no equipment, bodyweight only, controlled movement, focused espression, rehabilitation exercise, controlled activation, precise movement, targeting flexores de cadera muscles, correct anatomical form and posture, modern clean gym environment, bright even studio lighting, professional fitness photography, sharp focus on subject, slightly blurred background, full body or major muscle groups clearly visible, photorealistic, 4K quality, no text, no watermarks, no logos"
"cmtjc6rso00153iso5nd1dciu","Rotación de cadera unipodal","Atleta Masculino 30s","Muscular man in his early 30s, short dark hair, clean shaven, wearing black athletic shorts and heather white tank top, athletic build, caucasian, performing Rotación de cadera unipodal exercise, no equipment, bodyweight only, controlled movement, focused espression, rehabilitation exercise, controlled activation, precise movement, targeting cadera muscles, correct anatomical form and posture, modern clean gym environment, bright even studio lighting, professional fitness photography, sharp focus on subject, slightly blurred background, full body or major muscle groups clearly visible, photorealistic, 4K quality, no text, no watermarks, no logos"
"cmtjc6s4200193isooygwcmom","Extensión torácica con apoyo","Atleta Masculino 30s","Muscular man in his early 30s, short dark hair, clean shaven, wearing black athletic shorts and heather white tank top, athletic build, caucasian, performing Extensión torácica con apoyo exercise, no equipment, bodyweight only, controlled movement, focused espression, rehabilitation exercise, controlled activation, precise movement, targeting columna torácica muscles, correct anatomical form and posture, modern clean gym environment, bright even studio lighting, professional fitness photography, sharp focus on subject, slightly blurred background, full body or major muscle groups clearly visible, photorealistic, 4K quality, no text, no watermarks, no logos"
"cmtjc6sey001d3iso4whvlq8j","Extensión torácica contra pared","Atleta Masculino 30s","Muscular man in his early 30s, short dark hair, clean shaven, wearing black athletic shorts and heather white tank top, athletic build, caucasian, performing Extensión torácica contra pared exercise, no equipment, bodyweight only, controlled movement, focused espression, rehabilitation exercise, controlled activation, precise movement, targeting columna torácica muscles, correct anatomical form and posture, modern clean gym environment, bright even studio lighting, professional fitness photography, sharp focus on subject, slightly blurred background, full body or major muscle groups clearly visible, photorealistic, 4K quality, no text, no watermarks, no logos"
"cmtjc6spx001h3iso2wervctj","Retracción de mentón","Atleta Masculino 30s","Muscular man in his early 30s, short dark hair, clean shaven, wearing black athletic shorts and heather white tank top, athletic build, caucasian, performing Retracción de mentón exercise, no equipment, bodyweight only, controlled movement, focused espression, rehabilitation exercise, controlled activation, precise movement, targeting cuello muscles, correct anatomical form and posture, modern clean gym environment, bright even studio lighting, professional fitness photography, sharp focus on subject, slightly blurred background, full body or major muscle groups clearly visible, photorealistic, 4K quality, no text, no watermarks, no logos"
"cmtjc6t0y001l3isof6vaxbfx","Presión isométrica lateral de cuello","Atleta Masculino 30s","Muscular man in his early 30s, short dark hair, clean shaven, wearing black athletic shorts and heather white tank top, athletic build, caucasian, performing Presión isométrica lateral de cuello exercise, no equipment, bodyweight only, controlled movement, focused espression, rehabilitation exercise, controlled activation, precise movement, targeting cuello muscles, correct anatomical form and posture, modern clean gym environment, bright even studio lighting, professional fitness photography, sharp focus on subject, slightly blurred background, full body or major muscle groups clearly visible, photorealistic, 4K quality, no text, no watermarks, no logos"
"cmtjc6tec001p3iso6bvc8eey","Retracción cervical isométrica","Atleta Masculino 30s","Muscular man in his early 30s, short dark hair, clean shaven, wearing black athletic shorts and heather white tank top, athletic build, caucasian, performing Retracción cervical isométrica exercise, no equipment, bodyweight only, controlled movement, focused espression, rehabilitation exercise, controlled activation, precise movement, targeting cuello muscles, correct anatomical form and posture, modern clean gym environment, bright even studio lighting, professional fitness photography, sharp focus on subject, slightly blurred background, full body or major muscle groups clearly visible, photorealistic, 4K quality, no text, no watermarks, no logos"
"cmtjc6tpk001t3isoq6lqd6b1","Apertura escapular con banda","Atleta Masculino 30s","Muscular man in his early 30s, short dark hair, clean shaven, wearing black athletic shorts and heather white tank top, athletic build, caucasian, performing Apertura escapular con banda exercise, using bandas, controlled movement, focused espression, rehabilitation exercise, controlled activation, precise movement, targeting espalda alta muscles, correct anatomical form and posture, modern clean gym environment, bright even studio lighting, professional fitness photography, sharp focus on subject, slightly blurred background, full body or major muscle groups clearly visible, photorealistic, 4K quality, no text, no watermarks, no logos"
"cmtjc6u14001x3iso8wqyb1uy","Depresión escapular","Atleta Masculino 30s","Muscular man in his early 30s, short dark hair, clean shaven, wearing black athletic shorts and heather white tank top, athletic build, caucasian, performing Depresión escapular exercise, no equipment, bodyweight only, controlled movement, focused espression, rehabilitation exercise, controlled activation, precise movement, targeting escápulas y espalda alta muscles, correct anatomical form and posture, modern clean gym environment, bright even studio lighting, professional fitness photography, sharp focus on subject, slightly blurred background, full body or major muscle groups clearly visible, photorealistic, 4K quality, no text, no watermarks, no logos"
"cmtjc6udw00213isoula61q94","Rotación externa de hombro con banda","Atleta Masculino 30s","Muscular man in his early 30s, short dark hair, clean shaven, wearing black athletic shorts and heather white tank top, athletic build, caucasian, performing Rotación externa de hombro con banda exercise, using bandas, controlled movement, focused espression, rehabilitation exercise, controlled activation, precise movement, targeting hombros y manguito rotador muscles, correct anatomical form and posture, modern clean gym environment, bright even studio lighting, professional fitness photography, sharp focus on subject, slightly blurred background, full body or major muscle groups clearly visible, photorealistic, 4K quality, no text, no watermarks, no logos"
"cmtjc6upw00253iso2laig65e","Apertura de hombros con banda","Atleta Masculino 30s","Muscular man in his early 30s, short dark hair, clean shaven, wearing black athletic shorts and heather white tank top, athletic build, caucasian, performing Apertura de hombros con banda exercise, using bandas, controlled movement, focused espression, rehabilitation exercise, controlled activation, precise movement, targeting hombros y espalda alta muscles, correct anatomical form and posture, modern clean gym environment, bright even studio lighting, professional fitness photography, sharp focus on subject, slightly blurred background, full body or major muscle groups clearly visible, photorealistic, 4K quality, no text, no watermarks, no logos"
"cmtjc6v2d00293iso855mi6md","Extensión de hombros con banda","Atleta Masculino 30s","Muscular man in his early 30s, short dark hair, clean shaven, wearing black athletic shorts and heather white tank top, athletic build, caucasian, performing Extensión de hombros con banda exercise, using bandas, controlled movement, focused espression, rehabilitation exercise, controlled activation, precise movement, targeting hombros y espalda alta muscles, correct anatomical form and posture, modern clean gym environment, bright even studio lighting, professional fitness photography, sharp focus on subject, slightly blurred background, full body or major muscle groups clearly visible, photorealistic, 4K quality, no text, no watermarks, no logos"
"cmtjc6vdm002d3isoh08i2tgr","Cuádriceps isométrico","Atleta Masculino 30s","Muscular man in his early 30s, short dark hair, clean shaven, wearing black athletic shorts and heather white tank top, athletic build, caucasian, performing Cuádriceps isométrico exercise, no equipment, bodyweight only, controlled movement, focused espression, rehabilitation exercise, controlled activation, precise movement, targeting cuádriceps muscles, correct anatomical form and posture, modern clean gym environment, bright even studio lighting, professional fitness photography, sharp focus on subject, slightly blurred background, full body or major muscle groups clearly visible, photorealistic, 4K quality, no text, no watermarks, no logos"
"cmtjc6vo9002h3isoiedme1z1","Sentadilla con talones elevados","Atleta Masculino 30s","Muscular man in his early 30s, short dark hair, clean shaven, wearing black athletic shorts and heather white tank top, athletic build, caucasian, performing Sentadilla con talones elevados exercise, no equipment, bodyweight only, controlled movement, focused espression, rehabilitation exercise, controlled activation, precise movement, targeting rodillas y cuádriceps muscles, correct anatomical form and posture, modern clean gym environment, bright even studio lighting, professional fitness photography, sharp focus on subject, slightly blurred background, full body or major muscle groups clearly visible, photorealistic, 4K quality, no text, no watermarks, no logos"
"cmtjc6vz6002l3isooniz3hze","Extensión plantar","Atleta Masculino 30s","Muscular man in his early 30s, short dark hair, clean shaven, wearing black athletic shorts and heather white tank top, athletic build, caucasian, performing Extensión plantar exercise, no equipment, bodyweight only, controlled movement, focused espression, rehabilitation exercise, controlled activation, precise movement, targeting pantorrillas y tobillos muscles, correct anatomical form and posture, modern clean gym environment, bright even studio lighting, professional fitness photography, sharp focus on subject, slightly blurred background, full body or major muscle groups clearly visible, photorealistic, 4K quality, no text, no watermarks, no logos"
"cmtjc6wa6002p3iso8bqhtja6","Estiramiento de tobillo","Atleta Masculino 30s","Muscular man in his early 30s, short dark hair, clean shaven, wearing black athletic shorts and heather white tank top, athletic build, caucasian, performing Estiramiento de tobillo exercise, no equipment, bodyweight only, controlled movement, focused espression, rehabilitation exercise, controlled activation, precise movement, targeting tobillos muscles, correct anatomical form and posture, modern clean gym environment, bright even studio lighting, professional fitness photography, sharp focus on subject, slightly blurred background, full body or major muscle groups clearly visible, photorealistic, 4K quality, no text, no watermarks, no logos"
"cmtjc6wlc002t3iso7wjy5hea","Movilidad de tobillo con banda","Atleta Masculino 30s","Muscular man in his early 30s, short dark hair, clean shaven, wearing black athletic shorts and heather white tank top, athletic build, caucasian, performing Movilidad de tobillo con banda exercise, using bandas, controlled movement, focused espression, rehabilitation exercise, controlled activation, precise movement, targeting tobillos muscles, correct anatomical form and posture, modern clean gym environment, bright even studio lighting, professional fitness photography, sharp focus on subject, slightly blurred background, full body or major muscle groups clearly visible, photorealistic, 4K quality, no text, no watermarks, no logos"
"cmtjc6wwa002x3iso54jdcny1","Gato vaca","Atleta Masculino 30s","Muscular man in his early 30s, short dark hair, clean shaven, wearing black athletic shorts and heather white tank top, athletic build, caucasian, performing Gato vaca exercise, no equipment, bodyweight only, controlled movement, focused espression, rehabilitation exercise, controlled activation, precise movement, targeting columna y zona lumbar muscles, correct anatomical form and posture, modern clean gym environment, bright even studio lighting, professional fitness photography, sharp focus on subject, slightly blurred background, full body or major muscle groups clearly visible, photorealistic, 4K quality, no text, no watermarks, no logos"
"cmtjc6x7600313iso29aacibv","Elevación de torso","Atleta Masculino 30s","Muscular man in his early 30s, short dark hair, clean shaven, wearing black athletic shorts and heather white tank top, athletic build, caucasian, performing Elevación de torso exercise, no equipment, bodyweight only, controlled movement, focused espression, rehabilitation exercise, controlled activation, precise movement, targeting core y zona lumbar muscles, correct anatomical form and posture, modern clean gym environment, bright even studio lighting, professional fitness photography, sharp focus on subject, slightly blurred background, full body or major muscle groups clearly visible, photorealistic, 4K quality, no text, no watermarks, no logos"
"cmtjc6xkx00353isol0px3l3a","Carrera en zigzag","Atleta Masculino 30s","Muscular man in his early 30s, short dark hair, clean shaven, wearing black athletic shorts and heather white tank top, athletic build, caucasian, performing Carrera en zigzag exercise, no equipment, bodyweight only, functional fitness movement, athletic stance, kettlebell or bodyweight, explosive power, targeting tren inferior muscles, correct anatomical form and posture, modern clean gym environment, bright even studio lighting, professional fitness photography, sharp focus on subject, slightly blurred background, full body or major muscle groups clearly visible, photorealistic, 4K quality, no text, no watermarks, no logos"
"cmtjc6xvw00393isovvq5fl1g","Escalera de sprints","Atleta Masculino 30s","Muscular man in his early 30s, short dark hair, clean shaven, wearing black athletic shorts and heather white tank top, athletic build, caucasian, performing Escalera de sprints exercise, no equipment, bodyweight only, functional fitness movement, athletic stance, kettlebell or bodyweight, explosive power, targeting cuerpo completo muscles, correct anatomical form and posture, modern clean gym environment, bright even studio lighting, professional fitness photography, sharp focus on subject, slightly blurred background, full body or major muscle groups clearly visible, photorealistic, 4K quality, no text, no watermarks, no logos"
"cmtjc6y7u003d3isoh6i94fx2","Cone Shuttle","Atleta Masculino 30s","Muscular man in his early 30s, short dark hair, clean shaven, wearing black athletic shorts and heather white tank top, athletic build, caucasian, performing Cone Shuttle exercise, no equipment, bodyweight only, functional fitness movement, athletic stance, kettlebell or bodyweight, explosive power, targeting tren inferior muscles, correct anatomical form and posture, modern clean gym environment, bright even studio lighting, professional fitness photography, sharp focus on subject, slightly blurred background, full body or major muscle groups clearly visible, photorealistic, 4K quality, no text, no watermarks, no logos"
"cmtjc6yk5003h3isobvdgzojj","Sprint reactivo","Atleta Masculino 30s","Muscular man in his early 30s, short dark hair, clean shaven, wearing black athletic shorts and heather white tank top, athletic build, caucasian, performing Sprint reactivo exercise, no equipment, bodyweight only, functional fitness movement, athletic stance, kettlebell or bodyweight, explosive power, targeting cuerpo completo muscles, correct anatomical form and posture, modern clean gym environment, bright even studio lighting, professional fitness photography, sharp focus on subject, slightly blurred background, full body or major muscle groups clearly visible, photorealistic, 4K quality, no text, no watermarks, no logos"
"cmtjc6yz8003l3isov814xeb5","Marcha con rodillas elevadas","Atleta Masculino 30s","Muscular man in his early 30s, short dark hair, clean shaven, wearing black athletic shorts and heather white tank top, athletic build, caucasian, performing Marcha con rodillas elevadas exercise, no equipment, bodyweight only, functional fitness movement, athletic stance, kettlebell or bodyweight, explosive power, targeting piernas muscles, correct anatomical form and posture, modern clean gym environment, bright even studio lighting, professional fitness photography, sharp focus on subject, slightly blurred background, full body or major muscle groups clearly visible, photorealistic, 4K quality, no text, no watermarks, no logos"
"cmtjc6zae003p3isojfnjuez8","Plancha con paso lateral","Atleta Masculino 30s","Muscular man in his early 30s, short dark hair, clean shaven, wearing black athletic shorts and heather white tank top, athletic build, caucasian, performing Plancha con paso lateral exercise, no equipment, bodyweight only, functional fitness movement, athletic stance, kettlebell or bodyweight, explosive power, targeting core muscles, correct anatomical form and posture, modern clean gym environment, bright even studio lighting, professional fitness photography, sharp focus on subject, slightly blurred background, full body or major muscle groups clearly visible, photorealistic, 4K quality, no text, no watermarks, no logos"
"cmtjc6znv003t3isoy8j5yz1z","Saltos con rodillas al pecho","Atleta Masculino 30s","Muscular man in his early 30s, short dark hair, clean shaven, wearing black athletic shorts and heather white tank top, athletic build, caucasian, performing Saltos con rodillas al pecho exercise, no equipment, bodyweight only, functional fitness movement, athletic stance, kettlebell or bodyweight, explosive power, targeting piernas muscles, correct anatomical form and posture, modern clean gym environment, bright even studio lighting, professional fitness photography, sharp focus on subject, slightly blurred background, full body or major muscle groups clearly visible, photorealistic, 4K quality, no text, no watermarks, no logos"
"cmtjc7006003x3iso3codu0kr","Empuje de trineo","Atleta Masculino 30s","Muscular man in his early 30s, short dark hair, clean shaven, wearing black athletic shorts and heather white tank top, athletic build, caucasian, performing Empuje de trineo exercise, pushing weighted sled, functional fitness movement, athletic stance, kettlebell or bodyweight, explosive power, targeting piernas muscles, correct anatomical form and posture, modern clean gym environment, bright even studio lighting, professional fitness photography, sharp focus on subject, slightly blurred background, full body or major muscle groups clearly visible, photorealistic, 4K quality, no text, no watermarks, no logos"
"cmtjc70dn00413iso3j51u0xi","Complex con barra","Atleta Masculino 30s","Muscular man in his early 30s, short dark hair, clean shaven, wearing black athletic shorts and heather white tank top, athletic build, caucasian, performing Complex con barra exercise, holding olympic barbell with weight plates, functional fitness movement, athletic stance, kettlebell or bodyweight, explosive power, targeting cuerpo completo muscles, correct anatomical form and posture, modern clean gym environment, bright even studio lighting, professional fitness photography, sharp focus on subject, slightly blurred background, full body or major muscle groups clearly visible, photorealistic, 4K quality, no text, no watermarks, no logos"
"cmtjc70sj00453isoro0d8hmc","Saltos laterales","Atleta Masculino 30s","Muscular man in his early 30s, short dark hair, clean shaven, wearing black athletic shorts and heather white tank top, athletic build, caucasian, performing Saltos laterales exercise, no equipment, bodyweight only, functional fitness movement, athletic stance, kettlebell or bodyweight, explosive power, targeting piernas muscles, correct anatomical form and posture, modern clean gym environment, bright even studio lighting, professional fitness photography, sharp focus on subject, slightly blurred background, full body or major muscle groups clearly visible, photorealistic, 4K quality, no text, no watermarks, no logos"
"cmtjc713900493iso6c0r5ez5","Thrusters HIIT","Atleta Masculino 30s","Muscular man in his early 30s, short dark hair, clean shaven, wearing black athletic shorts and heather white tank top, athletic build, caucasian, performing Thrusters HIIT exercise, holding dumbbells in each hand, functional fitness movement, athletic stance, kettlebell or bodyweight, explosive power, targeting cuerpo completo muscles, correct anatomical form and posture, modern clean gym environment, bright even studio lighting, professional fitness photography, sharp focus on subject, slightly blurred background, full body or major muscle groups clearly visible, photorealistic, 4K quality, no text, no watermarks, no logos"
"cmtjc71gy004d3iso873c9qc0","Plancha contra pared","Atleta Masculino 30s","Muscular man in his early 30s, short dark hair, clean shaven, wearing black athletic shorts and heather white tank top, athletic build, caucasian, performing Plancha contra pared exercise, no equipment, bodyweight only, controlled stretching, relaxed focused expression, full range of motion, yoga mat or floor, targeting core muscles, correct anatomical form and posture, modern clean gym environment, bright even studio lighting, professional fitness photography, sharp focus on subject, slightly blurred background, full body or major muscle groups clearly visible, photorealistic, 4K quality, no text, no watermarks, no logos"
"cmtjc71ux004h3iso7sgljrh9","Equilibrio sobre una pierna","Atleta Masculino 30s","Muscular man in his early 30s, short dark hair, clean shaven, wearing black athletic shorts and heather white tank top, athletic build, caucasian, performing Equilibrio sobre una pierna exercise, no equipment, bodyweight only, controlled stretching, relaxed focused expression, full range of motion, yoga mat or floor, targeting piernas muscles, correct anatomical form and posture, modern clean gym environment, bright even studio lighting, professional fitness photography, sharp focus on subject, slightly blurred background, full body or major muscle groups clearly visible, photorealistic, 4K quality, no text, no watermarks, no logos"
"cmtjc7279004l3isokokdapfx","Subida a plataforma con equilibrio","Atleta Masculino 30s","Muscular man in his early 30s, short dark hair, clean shaven, wearing black athletic shorts and heather white tank top, athletic build, caucasian, performing Subida a plataforma con equilibrio exercise, using plataforma o step, controlled stretching, relaxed focused expression, full range of motion, yoga mat or floor, targeting piernas muscles, correct anatomical form and posture, modern clean gym environment, bright even studio lighting, professional fitness photography, sharp focus on subject, slightly blurred background, full body or major muscle groups clearly visible, photorealistic, 4K quality, no text, no watermarks, no logos"
"cmtjc72jm004p3isovcwxvgwy","Sentadilla muy lenta","Atleta Masculino 30s","Muscular man in his early 30s, short dark hair, clean shaven, wearing black athletic shorts and heather white tank top, athletic build, caucasian, performing Sentadilla muy lenta exercise, no equipment, bodyweight only, controlled stretching, relaxed focused expression, full range of motion, yoga mat or floor, targeting piernas y cadera muscles, correct anatomical form and posture, modern clean gym environment, bright even studio lighting, professional fitness photography, sharp focus on subject, slightly blurred background, full body or major muscle groups clearly visible, photorealistic, 4K quality, no text, no watermarks, no logos"
"cmtjc72vu004t3isorkvldcm5","Alcance de punta de pie en equilibrio","Atleta Masculino 30s","Muscular man in his early 30s, short dark hair, clean shaven, wearing black athletic shorts and heather white tank top, athletic build, caucasian, performing Alcance de punta de pie en equilibrio exercise, no equipment, bodyweight only, controlled stretching, relaxed focused expression, full range of motion, yoga mat or floor, targeting piernas muscles, correct anatomical form and posture, modern clean gym environment, bright even studio lighting, professional fitness photography, sharp focus on subject, slightly blurred background, full body or major muscle groups clearly visible, photorealistic, 4K quality, no text, no watermarks, no logos"
"cmtjc736r004x3isovyyeea4x","Pasos rápidos en escalera de coordinación","Atleta Masculino 30s","Muscular man in his early 30s, short dark hair, clean shaven, wearing black athletic shorts and heather white tank top, athletic build, caucasian, performing Pasos rápidos en escalera de coordinación exercise, using escalera de coordinación, controlled stretching, relaxed focused expression, full range of motion, yoga mat or floor, targeting pies y piernas muscles, correct anatomical form and posture, modern clean gym environment, bright even studio lighting, professional fitness photography, sharp focus on subject, slightly blurred background, full body or major muscle groups clearly visible, photorealistic, 4K quality, no text, no watermarks, no logos"
"cmtjc73k200513iso8b62mrjl","Coordinación brazo y pierna opuesta","Atleta Masculino 30s","Muscular man in his early 30s, short dark hair, clean shaven, wearing black athletic shorts and heather white tank top, athletic build, caucasian, performing Coordinación brazo y pierna opuesta exercise, no equipment, bodyweight only, controlled stretching, relaxed focused expression, full range of motion, yoga mat or floor, targeting cuerpo completo muscles, correct anatomical form and posture, modern clean gym environment, bright even studio lighting, professional fitness photography, sharp focus on subject, slightly blurred background, full body or major muscle groups clearly visible, photorealistic, 4K quality, no text, no watermarks, no logos"
"cmtjc73uy00553iso9k41v93t","Toque alternado de punta de pie","Atleta Masculino 30s","Muscular man in his early 30s, short dark hair, clean shaven, wearing black athletic shorts and heather white tank top, athletic build, caucasian, performing Toque alternado de punta de pie exercise, no equipment, bodyweight only, controlled stretching, relaxed focused expression, full range of motion, yoga mat or floor, targeting pies y piernas muscles, correct anatomical form and posture, modern clean gym environment, bright even studio lighting, professional fitness photography, sharp focus on subject, slightly blurred background, full body or major muscle groups clearly visible, photorealistic, 4K quality, no text, no watermarks, no logos"
"cmtjc745l00593iso9y3c9tj4","Movilidad de tobillo hacia adelante","Atleta Masculino 30s","Muscular man in his early 30s, short dark hair, clean shaven, wearing black athletic shorts and heather white tank top, athletic build, caucasian, performing Movilidad de tobillo hacia adelante exercise, no equipment, bodyweight only, controlled stretching, relaxed focused expression, full range of motion, yoga mat or floor, targeting tobillos muscles, correct anatomical form and posture, modern clean gym environment, bright even studio lighting, professional fitness photography, sharp focus on subject, slightly blurred background, full body or major muscle groups clearly visible, photorealistic, 4K quality, no text, no watermarks, no logos"
"cmtjc74gm005d3isoc2fi17ij","Rotaciones torácicas","Atleta Masculino 30s","Muscular man in his early 30s, short dark hair, clean shaven, wearing black athletic shorts and heather white tank top, athletic build, caucasian, performing Rotaciones torácicas exercise, no equipment, bodyweight only, controlled stretching, relaxed focused expression, full range of motion, yoga mat or floor, targeting columna torácica muscles, correct anatomical form and posture, modern clean gym environment, bright even studio lighting, professional fitness photography, sharp focus on subject, slightly blurred background, full body or major muscle groups clearly visible, photorealistic, 4K quality, no text, no watermarks, no logos"
"cmtjc74tu005h3isosjrbaf68","Movilidad de muñecas","Atleta Masculino 30s","Muscular man in his early 30s, short dark hair, clean shaven, wearing black athletic shorts and heather white tank top, athletic build, caucasian, performing Movilidad de muñecas exercise, no equipment, bodyweight only, controlled stretching, relaxed focused expression, full range of motion, yoga mat or floor, targeting muñecas muscles, correct anatomical form and posture, modern clean gym environment, bright even studio lighting, professional fitness photography, sharp focus on subject, slightly blurred background, full body or major muscle groups clearly visible, photorealistic, 4K quality, no text, no watermarks, no logos"
"cmtjc754o005l3isowrfj1qe2","Balanceo de brazos","Atleta Masculino 30s","Muscular man in his early 30s, short dark hair, clean shaven, wearing black athletic shorts and heather white tank top, athletic build, caucasian, performing Balanceo de brazos exercise, no equipment, bodyweight only, controlled stretching, relaxed focused expression, full range of motion, yoga mat or floor, targeting hombros muscles, correct anatomical form and posture, modern clean gym environment, bright even studio lighting, professional fitness photography, sharp focus on subject, slightly blurred background, full body or major muscle groups clearly visible, photorealistic, 4K quality, no text, no watermarks, no logos"
"cmtjc75fg005p3isosqrc0unj","Rotación de hombros con banda","Atleta Masculino 30s","Muscular man in his early 30s, short dark hair, clean shaven, wearing black athletic shorts and heather white tank top, athletic build, caucasian, performing Rotación de hombros con banda exercise, using banda elástica, controlled stretching, relaxed focused expression, full range of motion, yoga mat or floor, targeting hombros muscles, correct anatomical form and posture, modern clean gym environment, bright even studio lighting, professional fitness photography, sharp focus on subject, slightly blurred background, full body or major muscle groups clearly visible, photorealistic, 4K quality, no text, no watermarks, no logos"
"cmt1wcj3300019yldszg7n1o7","Press de banca inclinado","Atleta Femenino 25s","Athletic woman in her mid 20s, dark hair in a high ponytail, wearing navy blue high-waisted leggings and white sports bra, toned physique, latina, performing Press de banca inclinado exercise, holding olympic barbell with weight plates, heavy weightlifting, intense focused expression, gym equipment visible, powerful stance, targeting pecho muscles, correct anatomical form and posture, modern clean gym environment, bright even studio lighting, professional fitness photography, sharp focus on subject, slightly blurred background, full body or major muscle groups clearly visible, photorealistic, 4K quality, no text, no watermarks, no logos"
"cmt1wcjcm00059ylddizpm689","Fondos en paralelas","Atleta Femenino 25s","Athletic woman in her mid 20s, dark hair in a high ponytail, wearing navy blue high-waisted leggings and white sports bra, toned physique, latina, performing Fondos en paralelas exercise, using dip bars, heavy weightlifting, intense focused expression, gym equipment visible, powerful stance, targeting pecho muscles, correct anatomical form and posture, modern clean gym environment, bright even studio lighting, professional fitness photography, sharp focus on subject, slightly blurred background, full body or major muscle groups clearly visible, photorealistic, 4K quality, no text, no watermarks, no logos"
"cmt1wcjm900099yldrez29er5","Remo con barra","Atleta Femenino 25s","Athletic woman in her mid 20s, dark hair in a high ponytail, wearing navy blue high-waisted leggings and white sports bra, toned physique, latina, performing Remo con barra exercise, holding olympic barbell with weight plates, heavy weightlifting, intense focused expression, gym equipment visible, powerful stance, targeting espalda muscles, correct anatomical form and posture, modern clean gym environment, bright even studio lighting, professional fitness photography, sharp focus on subject, slightly blurred background, full body or major muscle groups clearly visible, photorealistic, 4K quality, no text, no watermarks, no logos"
"cmt1wcjz8000d9yldoxq3copr","Hiperextensiones","Atleta Femenino 25s","Athletic woman in her mid 20s, dark hair in a high ponytail, wearing navy blue high-waisted leggings and white sports bra, toned physique, latina, performing Hiperextensiones exercise, using weight bench for support, heavy weightlifting, intense focused expression, gym equipment visible, powerful stance, targeting espalda muscles, correct anatomical form and posture, modern clean gym environment, bright even studio lighting, professional fitness photography, sharp focus on subject, slightly blurred background, full body or major muscle groups clearly visible, photorealistic, 4K quality, no text, no watermarks, no logos"
"cmt1wck9u000h9yldighc12y4","Elevaciones frontales","Atleta Femenino 25s","Athletic woman in her mid 20s, dark hair in a high ponytail, wearing navy blue high-waisted leggings and white sports bra, toned physique, latina, performing Elevaciones frontales exercise, holding dumbbells in each hand, heavy weightlifting, intense focused expression, gym equipment visible, powerful stance, targeting hombros muscles, correct anatomical form and posture, modern clean gym environment, bright even studio lighting, professional fitness photography, sharp focus on subject, slightly blurred background, full body or major muscle groups clearly visible, photorealistic, 4K quality, no text, no watermarks, no logos"
"cmt1wckja000l9yldf3ng4xka","Curl con mancuernas","Atleta Femenino 25s","Athletic woman in her mid 20s, dark hair in a high ponytail, wearing navy blue high-waisted leggings and white sports bra, toned physique, latina, performing Curl con mancuernas exercise, holding dumbbells in each hand, heavy weightlifting, intense focused expression, gym equipment visible, powerful stance, targeting bíceps muscles, correct anatomical form and posture, modern clean gym environment, bright even studio lighting, professional fitness photography, sharp focus on subject, slightly blurred background, full body or major muscle groups clearly visible, photorealistic, 4K quality, no text, no watermarks, no logos"
"cmt1wcku0000p9yldlixr5utq","Press francés","Atleta Femenino 25s","Athletic woman in her mid 20s, dark hair in a high ponytail, wearing navy blue high-waisted leggings and white sports bra, toned physique, latina, performing Press francés exercise, holding olympic barbell with weight plates, heavy weightlifting, intense focused expression, gym equipment visible, powerful stance, targeting tríceps muscles, correct anatomical form and posture, modern clean gym environment, bright even studio lighting, professional fitness photography, sharp focus on subject, slightly blurred background, full body or major muscle groups clearly visible, photorealistic, 4K quality, no text, no watermarks, no logos"
"cmt1wcl3l000t9yldu1yg9vwg","Sentadilla","Atleta Femenino 25s","Athletic woman in her mid 20s, dark hair in a high ponytail, wearing navy blue high-waisted leggings and white sports bra, toned physique, latina, performing Sentadilla exercise, holding olympic barbell with weight plates, heavy weightlifting, intense focused expression, gym equipment visible, powerful stance, targeting cuádriceps muscles, correct anatomical form and posture, modern clean gym environment, bright even studio lighting, professional fitness photography, sharp focus on subject, slightly blurred background, full body or major muscle groups clearly visible, photorealistic, 4K quality, no text, no watermarks, no logos"
"cmt1wcld1000x9yldxuasbajt","Curl femoral","Atleta Femenino 25s","Athletic woman in her mid 20s, dark hair in a high ponytail, wearing navy blue high-waisted leggings and white sports bra, toned physique, latina, performing Curl femoral exercise, using gym machine, seated or standing position, heavy weightlifting, intense focused expression, gym equipment visible, powerful stance, targeting femoral muscles, correct anatomical form and posture, modern clean gym environment, bright even studio lighting, professional fitness photography, sharp focus on subject, slightly blurred background, full body or major muscle groups clearly visible, photorealistic, 4K quality, no text, no watermarks, no logos"
"cmt1wclmj00119yldiimvxlew","Plancha","Atleta Femenino 25s","Athletic woman in her mid 20s, dark hair in a high ponytail, wearing navy blue high-waisted leggings and white sports bra, toned physique, latina, performing Plancha exercise, no equipment, bodyweight only, heavy weightlifting, intense focused expression, gym equipment visible, powerful stance, targeting core muscles, correct anatomical form and posture, modern clean gym environment, bright even studio lighting, professional fitness photography, sharp focus on subject, slightly blurred background, full body or major muscle groups clearly visible, photorealistic, 4K quality, no text, no watermarks, no logos"
"cmt1wclwb00159ylda67ltf6x","Caminata en cinta","Atleta Femenino 25s","Athletic woman in her mid 20s, dark hair in a high ponytail, wearing navy blue high-waisted leggings and white sports bra, toned physique, latina, performing Caminata en cinta exercise, running on treadmill, dynamic motion, mid-movement, sweat visible, energetic expression, cardio machine or open floor, targeting full body muscles, correct anatomical form and posture, modern clean gym environment, bright even studio lighting, professional fitness photography, sharp focus on subject, slightly blurred background, full body or major muscle groups clearly visible, photorealistic, 4K quality, no text, no watermarks, no logos"
"cmt1wcm5r00199yld2gmwylbq","Remo","Atleta Femenino 25s","Athletic woman in her mid 20s, dark hair in a high ponytail, wearing navy blue high-waisted leggings and white sports bra, toned physique, latina, performing Remo exercise, using rowing machine, dynamic motion, mid-movement, sweat visible, energetic expression, cardio machine or open floor, targeting full body muscles, correct anatomical form and posture, modern clean gym environment, bright even studio lighting, professional fitness photography, sharp focus on subject, slightly blurred background, full body or major muscle groups clearly visible, photorealistic, 4K quality, no text, no watermarks, no logos"
"cmt1wcmfa001d9yldl65t1zzj","Sprint","Atleta Femenino 25s","Athletic woman in her mid 20s, dark hair in a high ponytail, wearing navy blue high-waisted leggings and white sports bra, toned physique, latina, performing Sprint exercise, on running track, dynamic motion, mid-movement, sweat visible, energetic expression, cardio machine or open floor, targeting piernas muscles, correct anatomical form and posture, modern clean gym environment, bright even studio lighting, professional fitness photography, sharp focus on subject, slightly blurred background, full body or major muscle groups clearly visible, photorealistic, 4K quality, no text, no watermarks, no logos"
"cmt1wcmot001h9yldvf9zoght","Lunges con rotación","Atleta Femenino 25s","Athletic woman in her mid 20s, dark hair in a high ponytail, wearing navy blue high-waisted leggings and white sports bra, toned physique, latina, performing Lunges con rotación exercise, holding single dumbbell, functional fitness movement, athletic stance, kettlebell or bodyweight, explosive power, targeting full body muscles, correct anatomical form and posture, modern clean gym environment, bright even studio lighting, professional fitness photography, sharp focus on subject, slightly blurred background, full body or major muscle groups clearly visible, photorealistic, 4K quality, no text, no watermarks, no logos"
"cmt1wcmye001l9yldl3xayb2u","Snatch","Atleta Femenino 25s","Athletic woman in her mid 20s, dark hair in a high ponytail, wearing navy blue high-waisted leggings and white sports bra, toned physique, latina, performing Snatch exercise, holding olympic barbell with weight plates, functional fitness movement, athletic stance, kettlebell or bodyweight, explosive power, targeting full body muscles, correct anatomical form and posture, modern clean gym environment, bright even studio lighting, professional fitness photography, sharp focus on subject, slightly blurred background, full body or major muscle groups clearly visible, photorealistic, 4K quality, no text, no watermarks, no logos"
"cmt1wcn7z001p9yldw0y2ziaq","Sled push","Atleta Femenino 25s","Athletic woman in her mid 20s, dark hair in a high ponytail, wearing navy blue high-waisted leggings and white sports bra, toned physique, latina, performing Sled push exercise, pushing weighted sled, functional fitness movement, athletic stance, kettlebell or bodyweight, explosive power, targeting piernas muscles, correct anatomical form and posture, modern clean gym environment, bright even studio lighting, professional fitness photography, sharp focus on subject, slightly blurred background, full body or major muscle groups clearly visible, photorealistic, 4K quality, no text, no watermarks, no logos"
"cmt1wcnha001t9yld5henq82p","Rotación de cadera","Atleta Femenino 25s","Athletic woman in her mid 20s, dark hair in a high ponytail, wearing navy blue high-waisted leggings and white sports bra, toned physique, latina, performing Rotación de cadera exercise, no equipment, bodyweight only, controlled stretching, relaxed focused expression, full range of motion, yoga mat or floor, targeting cadera muscles, correct anatomical form and posture, modern clean gym environment, bright even studio lighting, professional fitness photography, sharp focus on subject, slightly blurred background, full body or major muscle groups clearly visible, photorealistic, 4K quality, no text, no watermarks, no logos"
"cmt1wcnqu001x9yld7sy1ikhw","Thoracic rotation","Atleta Femenino 25s","Athletic woman in her mid 20s, dark hair in a high ponytail, wearing navy blue high-waisted leggings and white sports bra, toned physique, latina, performing Thoracic rotation exercise, no equipment, bodyweight only, controlled stretching, relaxed focused expression, full range of motion, yoga mat or floor, targeting espalda muscles, correct anatomical form and posture, modern clean gym environment, bright even studio lighting, professional fitness photography, sharp focus on subject, slightly blurred background, full body or major muscle groups clearly visible, photorealistic, 4K quality, no text, no watermarks, no logos"
"cmt1wco0e00219ylda8s3o89y","Estiramiento de cuádriceps","Atleta Femenino 25s","Athletic woman in her mid 20s, dark hair in a high ponytail, wearing navy blue high-waisted leggings and white sports bra, toned physique, latina, performing Estiramiento de cuádriceps exercise, no equipment, bodyweight only, deep stretch pose, calm breathing, elongated muscles, floor exercise, peaceful expression, targeting cuádriceps muscles, correct anatomical form and posture, modern clean gym environment, bright even studio lighting, professional fitness photography, sharp focus on subject, slightly blurred background, full body or major muscle groups clearly visible, photorealistic, 4K quality, no text, no watermarks, no logos"
"cmt1wcoa300259yldu6mlzxxv","Estiramiento de espalda","Atleta Femenino 25s","Athletic woman in her mid 20s, dark hair in a high ponytail, wearing navy blue high-waisted leggings and white sports bra, toned physique, latina, performing Estiramiento de espalda exercise, no equipment, bodyweight only, deep stretch pose, calm breathing, elongated muscles, floor exercise, peaceful expression, targeting espalda muscles, correct anatomical form and posture, modern clean gym environment, bright even studio lighting, professional fitness photography, sharp focus on subject, slightly blurred background, full body or major muscle groups clearly visible, photorealistic, 4K quality, no text, no watermarks, no logos"
"cmt1wcokg00299yldisthpa88","Salto al cajón","Atleta Femenino 25s","Athletic woman in her mid 20s, dark hair in a high ponytail, wearing navy blue high-waisted leggings and white sports bra, toned physique, latina, performing Salto al cajón exercise, using cajón pliométrico, explosive athletic movement, mid-air capture, maximum power output, dynamic freeze frame, targeting piernas muscles, correct anatomical form and posture, modern clean gym environment, bright even studio lighting, professional fitness photography, sharp focus on subject, slightly blurred background, full body or major muscle groups clearly visible, photorealistic, 4K quality, no text, no watermarks, no logos"
"cmt1wcou5002d9yldnpnc3hql","Broad jump","Atleta Femenino 25s","Athletic woman in her mid 20s, dark hair in a high ponytail, wearing navy blue high-waisted leggings and white sports bra, toned physique, latina, performing Broad jump exercise, no equipment, bodyweight only, explosive athletic movement, mid-air capture, maximum power output, dynamic freeze frame, targeting piernas muscles, correct anatomical form and posture, modern clean gym environment, bright even studio lighting, professional fitness photography, sharp focus on subject, slightly blurred background, full body or major muscle groups clearly visible, photorealistic, 4K quality, no text, no watermarks, no logos"
"cmt1wcp3r002h9yldcqd8wndz","Sentadilla en bosu","Atleta Femenino 25s","Athletic woman in her mid 20s, dark hair in a high ponytail, wearing navy blue high-waisted leggings and white sports bra, toned physique, latina, performing Sentadilla en bosu exercise, standing on bosu ball for instability, stable balanced pose, core engaged, focused concentration, unstable surface or single leg, targeting piernas muscles, correct anatomical form and posture, modern clean gym environment, bright even studio lighting, professional fitness photography, sharp focus on subject, slightly blurred background, full body or major muscle groups clearly visible, photorealistic, 4K quality, no text, no watermarks, no logos"
"cmt1wcpdi002l9ylddkvf0zsp","Equilibrio en una pierna","Atleta Femenino 25s","Athletic woman in her mid 20s, dark hair in a high ponytail, wearing navy blue high-waisted leggings and white sports bra, toned physique, latina, performing Equilibrio en una pierna exercise, no equipment, bodyweight only, stable balanced pose, core engaged, focused concentration, unstable surface or single leg, targeting piernas muscles, correct anatomical form and posture, modern clean gym environment, bright even studio lighting, professional fitness photography, sharp focus on subject, slightly blurred background, full body or major muscle groups clearly visible, photorealistic, 4K quality, no text, no watermarks, no logos"
"cmt1wcpnc002p9yldnraqltga","Press con palo","Atleta Femenino 25s","Athletic woman in her mid 20s, dark hair in a high ponytail, wearing navy blue high-waisted leggings and white sports bra, toned physique, latina, performing Press con palo exercise, using PVC pipe or wooden stick, practicing movement pattern, light weight or PVC pipe, instructional form, slow controlled, targeting hombros muscles, correct anatomical form and posture, modern clean gym environment, bright even studio lighting, professional fitness photography, sharp focus on subject, slightly blurred background, full body or major muscle groups clearly visible, photorealistic, 4K quality, no text, no watermarks, no logos"
"cmt1wcpxc002t9yldkakvpbx4","Snatch balance con palo","Atleta Femenino 25s","Athletic woman in her mid 20s, dark hair in a high ponytail, wearing navy blue high-waisted leggings and white sports bra, toned physique, latina, performing Snatch balance con palo exercise, using PVC pipe or wooden stick, practicing movement pattern, light weight or PVC pipe, instructional form, slow controlled, targeting full body muscles, correct anatomical form and posture, modern clean gym environment, bright even studio lighting, professional fitness photography, sharp focus on subject, slightly blurred background, full body or major muscle groups clearly visible, photorealistic, 4K quality, no text, no watermarks, no logos"
"cmt1wcq74002x9yldmy56x8lu","Skipping","Atleta Femenino 25s","Athletic woman in her mid 20s, dark hair in a high ponytail, wearing navy blue high-waisted leggings and white sports bra, toned physique, latina, performing Skipping exercise, no equipment, bodyweight only, light dynamic movement, warming up body, gradual motion, preparing for exercise, targeting piernas muscles, correct anatomical form and posture, modern clean gym environment, bright even studio lighting, professional fitness photography, sharp focus on subject, slightly blurred background, full body or major muscle groups clearly visible, photorealistic, 4K quality, no text, no watermarks, no logos"
"cmt1wcqhm00319yldq18d48d3","Rotaciones de cuello","Atleta Femenino 25s","Athletic woman in her mid 20s, dark hair in a high ponytail, wearing navy blue high-waisted leggings and white sports bra, toned physique, latina, performing Rotaciones de cuello exercise, no equipment, bodyweight only, light dynamic movement, warming up body, gradual motion, preparing for exercise, targeting cuello muscles, correct anatomical form and posture, modern clean gym environment, bright even studio lighting, professional fitness photography, sharp focus on subject, slightly blurred background, full body or major muscle groups clearly visible, photorealistic, 4K quality, no text, no watermarks, no logos"
"cmt1wcqrg00359yldtbotiwio","High knees","Atleta Femenino 25s","Athletic woman in her mid 20s, dark hair in a high ponytail, wearing navy blue high-waisted leggings and white sports bra, toned physique, latina, performing High knees exercise, no equipment, bodyweight only, light dynamic movement, warming up body, gradual motion, preparing for exercise, targeting full body muscles, correct anatomical form and posture, modern clean gym environment, bright even studio lighting, professional fitness photography, sharp focus on subject, slightly blurred background, full body or major muscle groups clearly visible, photorealistic, 4K quality, no text, no watermarks, no logos"
"cmt1wcr7w00399yldqfglmv8h","Foam roller de espalda","Atleta Femenino 25s","Athletic woman in her mid 20s, dark hair in a high ponytail, wearing navy blue high-waisted leggings and white sports bra, toned physique, latina, performing Foam roller de espalda exercise, using foam roller on muscle, recovery stretching, deep breathing, relaxed posture, post-workout calm, gentle movement, targeting espalda muscles, correct anatomical form and posture, modern clean gym environment, bright even studio lighting, professional fitness photography, sharp focus on subject, slightly blurred background, full body or major muscle groups clearly visible, photorealistic, 4K quality, no text, no watermarks, no logos"
"cmt1wcrh9003d9yldii3wdvpm","Kegel","Atleta Femenino 25s","Athletic woman in her mid 20s, dark hair in a high ponytail, wearing navy blue high-waisted leggings and white sports bra, toned physique, latina, performing Kegel exercise, no equipment, bodyweight only, rehabilitation exercise, controlled activation, mind-muscle connection, precise small movement, targeting piso pélvico muscles, correct anatomical form and posture, modern clean gym environment, bright even studio lighting, professional fitness photography, sharp focus on subject, slightly blurred background, full body or major muscle groups clearly visible, photorealistic, 4K quality, no text, no watermarks, no logos"
"cmt1wcrqs003h9yldpqrrxj1d","Masaje con pelota","Atleta Femenino 25s","Athletic woman in her mid 20s, dark hair in a high ponytail, wearing navy blue high-waisted leggings and white sports bra, toned physique, latina, performing Masaje con pelota exercise, using small massage ball, rehabilitation exercise, controlled activation, mind-muscle connection, precise small movement, targeting full body muscles, correct anatomical form and posture, modern clean gym environment, bright even studio lighting, professional fitness photography, sharp focus on subject, slightly blurred background, full body or major muscle groups clearly visible, photorealistic, 4K quality, no text, no watermarks, no logos"
"cmt33a21g0003ypj1yh4w4jv7","Press con pausa","Atleta Femenino 25s","Athletic woman in her mid 20s, dark hair in a high ponytail, wearing navy blue high-waisted leggings and white sports bra, toned physique, latina, performing Press con pausa exercise, using resistance band for tension, heavy weightlifting, intense focused expression, gym equipment visible, powerful stance, targeting glúteos muscles, correct anatomical form and posture, modern clean gym environment, bright even studio lighting, professional fitness photography, sharp focus on subject, slightly blurred background, full body or major muscle groups clearly visible, photorealistic, 4K quality, no text, no watermarks, no logos"
"cmt33a2by0007ypj1jpa6zleh","Patada de tríceps con mancuerna en banco","Atleta Femenino 25s","Athletic woman in her mid 20s, dark hair in a high ponytail, wearing navy blue high-waisted leggings and white sports bra, toned physique, latina, performing Patada de tríceps con mancuerna en banco exercise, using mancuerna + banco, heavy weightlifting, intense focused expression, gym equipment visible, powerful stance, targeting tríceps muscles, correct anatomical form and posture, modern clean gym environment, bright even studio lighting, professional fitness photography, sharp focus on subject, slightly blurred background, full body or major muscle groups clearly visible, photorealistic, 4K quality, no text, no watermarks, no logos"
"cmt33a2mm000bypj10eeyz0gn","Curl en polea baja","Atleta Femenino 25s","Athletic woman in her mid 20s, dark hair in a high ponytail, wearing navy blue high-waisted leggings and white sports bra, toned physique, latina, performing Curl en polea baja exercise, using polea baja, heavy weightlifting, intense focused expression, gym equipment visible, powerful stance, targeting bíceps muscles, correct anatomical form and posture, modern clean gym environment, bright even studio lighting, professional fitness photography, sharp focus on subject, slightly blurred background, full body or major muscle groups clearly visible, photorealistic, 4K quality, no text, no watermarks, no logos"
"cmt33a2xh000fypj13o0r0up2","Pájaro con mancuerna en banco","Atleta Femenino 25s","Athletic woman in her mid 20s, dark hair in a high ponytail, wearing navy blue high-waisted leggings and white sports bra, toned physique, latina, performing Pájaro con mancuerna en banco exercise, using mancuerna + banco, heavy weightlifting, intense focused expression, gym equipment visible, powerful stance, targeting hombros muscles, correct anatomical form and posture, modern clean gym environment, bright even studio lighting, professional fitness photography, sharp focus on subject, slightly blurred background, full body or major muscle groups clearly visible, photorealistic, 4K quality, no text, no watermarks, no logos"
"cmt33a39u000jypj1od0ihwk7","Curl explosivo","Atleta Femenino 25s","Athletic woman in her mid 20s, dark hair in a high ponytail, wearing navy blue high-waisted leggings and white sports bra, toned physique, latina, performing Curl explosivo exercise, using resistance band for tension, heavy weightlifting, intense focused expression, gym equipment visible, powerful stance, targeting bíceps muscles, correct anatomical form and posture, modern clean gym environment, bright even studio lighting, professional fitness photography, sharp focus on subject, slightly blurred background, full body or major muscle groups clearly visible, photorealistic, 4K quality, no text, no watermarks, no logos"
"cmt33a3m1000nypj1hxn3xyhv","Russian twist con banda","Atleta Femenino 25s","Athletic woman in her mid 20s, dark hair in a high ponytail, wearing navy blue high-waisted leggings and white sports bra, toned physique, latina, performing Russian twist con banda exercise, using banda elástica, heavy weightlifting, intense focused expression, gym equipment visible, powerful stance, targeting core muscles, correct anatomical form and posture, modern clean gym environment, bright even studio lighting, professional fitness photography, sharp focus on subject, slightly blurred background, full body or major muscle groups clearly visible, photorealistic, 4K quality, no text, no watermarks, no logos"
"cmt33a3x3000rypj19p7ud1ay","Patada de tríceps con banda","Atleta Femenino 25s","Athletic woman in her mid 20s, dark hair in a high ponytail, wearing navy blue high-waisted leggings and white sports bra, toned physique, latina, performing Patada de tríceps con banda exercise, using banda elástica, heavy weightlifting, intense focused expression, gym equipment visible, powerful stance, targeting tríceps muscles, correct anatomical form and posture, modern clean gym environment, bright even studio lighting, professional fitness photography, sharp focus on subject, slightly blurred background, full body or major muscle groups clearly visible, photorealistic, 4K quality, no text, no watermarks, no logos"
"cmt33a47w000vypj1dvnm6cqa","Peso muerto landmine","Atleta Femenino 25s","Athletic woman in her mid 20s, dark hair in a high ponytail, wearing navy blue high-waisted leggings and white sports bra, toned physique, latina, performing Peso muerto landmine exercise, using landmine, heavy weightlifting, intense focused expression, gym equipment visible, powerful stance, targeting espalda / piernas muscles, correct anatomical form and posture, modern clean gym environment, bright even studio lighting, professional fitness photography, sharp focus on subject, slightly blurred background, full body or major muscle groups clearly visible, photorealistic, 4K quality, no text, no watermarks, no logos"
"cmt33a4ij000zypj1s3myfc3v","Dominadas explosivas","Atleta Femenino 25s","Athletic woman in her mid 20s, dark hair in a high ponytail, wearing navy blue high-waisted leggings and white sports bra, toned physique, latina, performing Dominadas explosivas exercise, holding olympic barbell with weight plates, heavy weightlifting, intense focused expression, gym equipment visible, powerful stance, targeting espalda muscles, correct anatomical form and posture, modern clean gym environment, bright even studio lighting, professional fitness photography, sharp focus on subject, slightly blurred background, full body or major muscle groups clearly visible, photorealistic, 4K quality, no text, no watermarks, no logos"
"cmt33a4sn0013ypj1teem5saw","Sentadilla sissy","Atleta Femenino 25s","Athletic woman in her mid 20s, dark hair in a high ponytail, wearing navy blue high-waisted leggings and white sports bra, toned physique, latina, performing Sentadilla sissy exercise, no equipment, bodyweight only, heavy weightlifting, intense focused expression, gym equipment visible, powerful stance, targeting piernas muscles, correct anatomical form and posture, modern clean gym environment, bright even studio lighting, professional fitness photography, sharp focus on subject, slightly blurred background, full body or major muscle groups clearly visible, photorealistic, 4K quality, no text, no watermarks, no logos"
"cmt33a54r0017ypj193zu3gci","Pull-over en máquina","Atleta Femenino 25s","Athletic woman in her mid 20s, dark hair in a high ponytail, wearing navy blue high-waisted leggings and white sports bra, toned physique, latina, performing Pull-over en máquina exercise, using máquina de pull-over, heavy weightlifting, intense focused expression, gym equipment visible, powerful stance, targeting pecho / espalda muscles, correct anatomical form and posture, modern clean gym environment, bright even studio lighting, professional fitness photography, sharp focus on subject, slightly blurred background, full body or major muscle groups clearly visible, photorealistic, 4K quality, no text, no watermarks, no logos"
"cmt33a5ga001bypj12zawhixb","Plancha con pica","Atleta Femenino 25s","Athletic woman in her mid 20s, dark hair in a high ponytail, wearing navy blue high-waisted leggings and white sports bra, toned physique, latina, performing Plancha con pica exercise, no equipment, bodyweight only, heavy weightlifting, intense focused expression, gym equipment visible, powerful stance, targeting core / hombros muscles, correct anatomical form and posture, modern clean gym environment, bright even studio lighting, professional fitness photography, sharp focus on subject, slightly blurred background, full body or major muscle groups clearly visible, photorealistic, 4K quality, no text, no watermarks, no logos"
"cmt33a5tj001fypj1zzfjtedo","Peso muerto sumo","Atleta Femenino 25s","Athletic woman in her mid 20s, dark hair in a high ponytail, wearing navy blue high-waisted leggings and white sports bra, toned physique, latina, performing Peso muerto sumo exercise, holding olympic barbell with weight plates, heavy weightlifting, intense focused expression, gym equipment visible, powerful stance, targeting piernas / glúteos muscles, correct anatomical form and posture, modern clean gym environment, bright even studio lighting, professional fitness photography, sharp focus on subject, slightly blurred background, full body or major muscle groups clearly visible, photorealistic, 4K quality, no text, no watermarks, no logos"
"cmt33a661001jypj1j0n9ykgp","Remo con mancuerna giratoria","Atleta Femenino 25s","Athletic woman in her mid 20s, dark hair in a high ponytail, wearing navy blue high-waisted leggings and white sports bra, toned physique, latina, performing Remo con mancuerna giratoria exercise, holding single dumbbell, heavy weightlifting, intense focused expression, gym equipment visible, powerful stance, targeting espalda muscles, correct anatomical form and posture, modern clean gym environment, bright even studio lighting, professional fitness photography, sharp focus on subject, slightly blurred background, full body or major muscle groups clearly visible, photorealistic, 4K quality, no text, no watermarks, no logos"
"cmt33a6go001nypj13datoq45","Extensión de cuádriceps en máquina","Atleta Femenino 25s","Athletic woman in her mid 20s, dark hair in a high ponytail, wearing navy blue high-waisted leggings and white sports bra, toned physique, latina, performing Extensión de cuádriceps en máquina exercise, using máquina de extensión de cuádriceps, heavy weightlifting, intense focused expression, gym equipment visible, powerful stance, targeting cuádriceps muscles, correct anatomical form and posture, modern clean gym environment, bright even studio lighting, professional fitness photography, sharp focus on subject, slightly blurred background, full body or major muscle groups clearly visible, photorealistic, 4K quality, no text, no watermarks, no logos"
"cmt33a6s5001rypj10afi86kn","Curl femoral unilateral","Atleta Femenino 25s","Athletic woman in her mid 20s, dark hair in a high ponytail, wearing navy blue high-waisted leggings and white sports bra, toned physique, latina, performing Curl femoral unilateral exercise, using máquina de curl femoral, heavy weightlifting, intense focused expression, gym equipment visible, powerful stance, targeting isquiotibiales muscles, correct anatomical form and posture, modern clean gym environment, bright even studio lighting, professional fitness photography, sharp focus on subject, slightly blurred background, full body or major muscle groups clearly visible, photorealistic, 4K quality, no text, no watermarks, no logos"
"cmt33a72k001vypj1q2f4aq7g","Sentadilla en máquina smith","Atleta Femenino 25s","Athletic woman in her mid 20s, dark hair in a high ponytail, wearing navy blue high-waisted leggings and white sports bra, toned physique, latina, performing Sentadilla en máquina smith exercise, using máquina smith, heavy weightlifting, intense focused expression, gym equipment visible, powerful stance, targeting cuádriceps muscles, correct anatomical form and posture, modern clean gym environment, bright even studio lighting, professional fitness photography, sharp focus on subject, slightly blurred background, full body or major muscle groups clearly visible, photorealistic, 4K quality, no text, no watermarks, no logos"
"cmt33a7d3001zypj1n2rv5jkv","Prensa inclinada","Atleta Femenino 25s","Athletic woman in her mid 20s, dark hair in a high ponytail, wearing navy blue high-waisted leggings and white sports bra, toned physique, latina, performing Prensa inclinada exercise, using máquina de prensa inclinada, heavy weightlifting, intense focused expression, gym equipment visible, powerful stance, targeting cuádriceps muscles, correct anatomical form and posture, modern clean gym environment, bright even studio lighting, professional fitness photography, sharp focus on subject, slightly blurred background, full body or major muscle groups clearly visible, photorealistic, 4K quality, no text, no watermarks, no logos"
"cmt33a7ng0023ypj1wc1d3ycl","Press arnold","Atleta Femenino 25s","Athletic woman in her mid 20s, dark hair in a high ponytail, wearing navy blue high-waisted leggings and white sports bra, toned physique, latina, performing Press arnold exercise, holding dumbbells in each hand, heavy weightlifting, intense focused expression, gym equipment visible, powerful stance, targeting hombros muscles, correct anatomical form and posture, modern clean gym environment, bright even studio lighting, professional fitness photography, sharp focus on subject, slightly blurred background, full body or major muscle groups clearly visible, photorealistic, 4K quality, no text, no watermarks, no logos"
"cmt33a7y80027ypj1guuhvcx5","Hiperextensiones con banda","Atleta Femenino 25s","Athletic woman in her mid 20s, dark hair in a high ponytail, wearing navy blue high-waisted leggings and white sports bra, toned physique, latina, performing Hiperextensiones con banda exercise, using banda elástica + banco de hiperextensiones, heavy weightlifting, intense focused expression, gym equipment visible, powerful stance, targeting espalda baja / glúteos muscles, correct anatomical form and posture, modern clean gym environment, bright even studio lighting, professional fitness photography, sharp focus on subject, slightly blurred background, full body or major muscle groups clearly visible, photorealistic, 4K quality, no text, no watermarks, no logos"
"cmt33a891002bypj19j5wcub8","Curl con TRX","Atleta Femenino 25s","Athletic woman in her mid 20s, dark hair in a high ponytail, wearing navy blue high-waisted leggings and white sports bra, toned physique, latina, performing Curl con TRX exercise, using TRX suspension straps, heavy weightlifting, intense focused expression, gym equipment visible, powerful stance, targeting bíceps muscles, correct anatomical form and posture, modern clean gym environment, bright even studio lighting, professional fitness photography, sharp focus on subject, slightly blurred background, full body or major muscle groups clearly visible, photorealistic, 4K quality, no text, no watermarks, no logos"
"cmt33a8jk002fypj18ntoyuov","Press con TRX","Atleta Femenino 25s","Athletic woman in her mid 20s, dark hair in a high ponytail, wearing navy blue high-waisted leggings and white sports bra, toned physique, latina, performing Press con TRX exercise, using TRX suspension straps, heavy weightlifting, intense focused expression, gym equipment visible, powerful stance, targeting pecho / hombros / tríceps muscles, correct anatomical form and posture, modern clean gym environment, bright even studio lighting, professional fitness photography, sharp focus on subject, slightly blurred background, full body or major muscle groups clearly visible, photorealistic, 4K quality, no text, no watermarks, no logos"
"cmt33a8u1002jypj1jpt4n1a8","Peso muerto rumano con kettlebell","Atleta Femenino 25s","Athletic woman in her mid 20s, dark hair in a high ponytail, wearing navy blue high-waisted leggings and white sports bra, toned physique, latina, performing Peso muerto rumano con kettlebell exercise, holding kettlebell with both hands or one, heavy weightlifting, intense focused expression, gym equipment visible, powerful stance, targeting isquiotibiales / glúteos muscles, correct anatomical form and posture, modern clean gym environment, bright even studio lighting, professional fitness photography, sharp focus on subject, slightly blurred background, full body or major muscle groups clearly visible, photorealistic, 4K quality, no text, no watermarks, no logos"
"cmt33a94b002nypj1wp3g5182","Cruces con banda","Atleta Femenino 25s","Athletic woman in her mid 20s, dark hair in a high ponytail, wearing navy blue high-waisted leggings and white sports bra, toned physique, latina, performing Cruces con banda exercise, using banda elástica + anclaje alto, heavy weightlifting, intense focused expression, gym equipment visible, powerful stance, targeting pecho muscles, correct anatomical form and posture, modern clean gym environment, bright even studio lighting, professional fitness photography, sharp focus on subject, slightly blurred background, full body or major muscle groups clearly visible, photorealistic, 4K quality, no text, no watermarks, no logos"
"cmt33a9eo002rypj17x7vfxr6","Plancha lateral","Atleta Femenino 25s","Athletic woman in her mid 20s, dark hair in a high ponytail, wearing navy blue high-waisted leggings and white sports bra, toned physique, latina, performing Plancha lateral exercise, no equipment, bodyweight only, heavy weightlifting, intense focused expression, gym equipment visible, powerful stance, targeting core muscles, correct anatomical form and posture, modern clean gym environment, bright even studio lighting, professional fitness photography, sharp focus on subject, slightly blurred background, full body or major muscle groups clearly visible, photorealistic, 4K quality, no text, no watermarks, no logos"
"cmt33a9p2002vypj19rphyihc","Sentadilla con banda","Atleta Femenino 25s","Athletic woman in her mid 20s, dark hair in a high ponytail, wearing navy blue high-waisted leggings and white sports bra, toned physique, latina, performing Sentadilla con banda exercise, using banda elástica, heavy weightlifting, intense focused expression, gym equipment visible, powerful stance, targeting cuádriceps muscles, correct anatomical form and posture, modern clean gym environment, bright even studio lighting, professional fitness photography, sharp focus on subject, slightly blurred background, full body or major muscle groups clearly visible, photorealistic, 4K quality, no text, no watermarks, no logos"
"cmt33aa0g002zypj1rma4ctay","Extensión de tríceps con mancuerna","Atleta Femenino 25s","Athletic woman in her mid 20s, dark hair in a high ponytail, wearing navy blue high-waisted leggings and white sports bra, toned physique, latina, performing Extensión de tríceps con mancuerna exercise, holding single dumbbell, heavy weightlifting, intense focused expression, gym equipment visible, powerful stance, targeting tríceps muscles, correct anatomical form and posture, modern clean gym environment, bright even studio lighting, professional fitness photography, sharp focus on subject, slightly blurred background, full body or major muscle groups clearly visible, photorealistic, 4K quality, no text, no watermarks, no logos"
"cmt33aab90033ypj1rsc5rhph","Soga alternada","Atleta Femenino 25s","Athletic woman in her mid 20s, dark hair in a high ponytail, wearing navy blue high-waisted leggings and white sports bra, toned physique, latina, performing Soga alternada exercise, using battle ropes, dynamic motion, mid-movement, sweat visible, energetic expression, cardio machine or open floor, targeting piernas muscles, correct anatomical form and posture, modern clean gym environment, bright even studio lighting, professional fitness photography, sharp focus on subject, slightly blurred background, full body or major muscle groups clearly visible, photorealistic, 4K quality, no text, no watermarks, no logos"
"cmt33aald0037ypj14ykutz5a","Burpees con pull-up","Atleta Femenino 25s","Athletic woman in her mid 20s, dark hair in a high ponytail, wearing navy blue high-waisted leggings and white sports bra, toned physique, latina, performing Burpees con pull-up exercise, holding olympic barbell with weight plates, dynamic motion, mid-movement, sweat visible, energetic expression, cardio machine or open floor, targeting full body muscles, correct anatomical form and posture, modern clean gym environment, bright even studio lighting, professional fitness photography, sharp focus on subject, slightly blurred background, full body or major muscle groups clearly visible, photorealistic, 4K quality, no text, no watermarks, no logos"
"cmt33aavu003bypj13v98qjps","Burpees con kettlebell","Atleta Femenino 25s","Athletic woman in her mid 20s, dark hair in a high ponytail, wearing navy blue high-waisted leggings and white sports bra, toned physique, latina, performing Burpees con kettlebell exercise, holding kettlebell with both hands or one, dynamic motion, mid-movement, sweat visible, energetic expression, cardio machine or open floor, targeting full body muscles, correct anatomical form and posture, modern clean gym environment, bright even studio lighting, professional fitness photography, sharp focus on subject, slightly blurred background, full body or major muscle groups clearly visible, photorealistic, 4K quality, no text, no watermarks, no logos"
"cmt33ab66003fypj14d1foqhw","Step up lateral","Atleta Femenino 25s","Athletic woman in her mid 20s, dark hair in a high ponytail, wearing navy blue high-waisted leggings and white sports bra, toned physique, latina, performing Step up lateral exercise, using weight bench for support, dynamic motion, mid-movement, sweat visible, energetic expression, cardio machine or open floor, targeting piernas muscles, correct anatomical form and posture, modern clean gym environment, bright even studio lighting, professional fitness photography, sharp focus on subject, slightly blurred background, full body or major muscle groups clearly visible, photorealistic, 4K quality, no text, no watermarks, no logos"
"cmt33abhk003jypj12junr2fv","Shadow muay thai","Atleta Femenino 25s","Athletic woman in her mid 20s, dark hair in a high ponytail, wearing navy blue high-waisted leggings and white sports bra, toned physique, latina, performing Shadow muay thai exercise, no equipment, bodyweight only, dynamic motion, mid-movement, sweat visible, energetic expression, cardio machine or open floor, targeting full body muscles, correct anatomical form and posture, modern clean gym environment, bright even studio lighting, professional fitness photography, sharp focus on subject, slightly blurred background, full body or major muscle groups clearly visible, photorealistic, 4K quality, no text, no watermarks, no logos"
"cmt33abtn003nypj1rw0jkjpl","Sprint de 200m","Atleta Femenino 25s","Athletic woman in her mid 20s, dark hair in a high ponytail, wearing navy blue high-waisted leggings and white sports bra, toned physique, latina, performing Sprint de 200m exercise, on running track, dynamic motion, mid-movement, sweat visible, energetic expression, cardio machine or open floor, targeting piernas muscles, correct anatomical form and posture, modern clean gym environment, bright even studio lighting, professional fitness photography, sharp focus on subject, slightly blurred background, full body or major muscle groups clearly visible, photorealistic, 4K quality, no text, no watermarks, no logos"
"cmt33ac4e003rypj1caen6jgu","Caminata rápida","Atleta Femenino 25s","Athletic woman in her mid 20s, dark hair in a high ponytail, wearing navy blue high-waisted leggings and white sports bra, toned physique, latina, performing Caminata rápida exercise, no equipment, bodyweight only, dynamic motion, mid-movement, sweat visible, energetic expression, cardio machine or open floor, targeting piernas muscles, correct anatomical form and posture, modern clean gym environment, bright even studio lighting, professional fitness photography, sharp focus on subject, slightly blurred background, full body or major muscle groups clearly visible, photorealistic, 4K quality, no text, no watermarks, no logos"
"cmt33acfc003vypj17ydty9jm","Jumping jack con toque de talón","Atleta Femenino 25s","Athletic woman in her mid 20s, dark hair in a high ponytail, wearing navy blue high-waisted leggings and white sports bra, toned physique, latina, performing Jumping jack con toque de talón exercise, no equipment, bodyweight only, dynamic motion, mid-movement, sweat visible, energetic expression, cardio machine or open floor, targeting piernas muscles, correct anatomical form and posture, modern clean gym environment, bright even studio lighting, professional fitness photography, sharp focus on subject, slightly blurred background, full body or major muscle groups clearly visible, photorealistic, 4K quality, no text, no watermarks, no logos"
"cmt33acqh003zypj1i1c4c3ys","Soga pesada","Atleta Femenino 25s","Athletic woman in her mid 20s, dark hair in a high ponytail, wearing navy blue high-waisted leggings and white sports bra, toned physique, latina, performing Soga pesada exercise, using soga de batalla, dynamic motion, mid-movement, sweat visible, energetic expression, cardio machine or open floor, targeting full body muscles, correct anatomical form and posture, modern clean gym environment, bright even studio lighting, professional fitness photography, sharp focus on subject, slightly blurred background, full body or major muscle groups clearly visible, photorealistic, 4K quality, no text, no watermarks, no logos"
"cmt33ad240043ypj1jfu30k21","Sprint en pendiente","Atleta Femenino 25s","Athletic woman in her mid 20s, dark hair in a high ponytail, wearing navy blue high-waisted leggings and white sports bra, toned physique, latina, performing Sprint en pendiente exercise, using pista o terreno inclinado, dynamic motion, mid-movement, sweat visible, energetic expression, cardio machine or open floor, targeting piernas muscles, correct anatomical form and posture, modern clean gym environment, bright even studio lighting, professional fitness photography, sharp focus on subject, slightly blurred background, full body or major muscle groups clearly visible, photorealistic, 4K quality, no text, no watermarks, no logos"
"cmt33addo0047ypj1vr4negoc","Kettlebell halo","Atleta Femenino 25s","Athletic woman in her mid 20s, dark hair in a high ponytail, wearing navy blue high-waisted leggings and white sports bra, toned physique, latina, performing Kettlebell halo exercise, holding kettlebell with both hands or one, functional fitness movement, athletic stance, kettlebell or bodyweight, explosive power, targeting hombros muscles, correct anatomical form and posture, modern clean gym environment, bright even studio lighting, professional fitness photography, sharp focus on subject, slightly blurred background, full body or major muscle groups clearly visible, photorealistic, 4K quality, no text, no watermarks, no logos"
"cmt33adry004bypj1igjrbtcd","Bear crawl","Atleta Femenino 25s","Athletic woman in her mid 20s, dark hair in a high ponytail, wearing navy blue high-waisted leggings and white sports bra, toned physique, latina, performing Bear crawl exercise, no equipment, bodyweight only, functional fitness movement, athletic stance, kettlebell or bodyweight, explosive power, targeting full body muscles, correct anatomical form and posture, modern clean gym environment, bright even studio lighting, professional fitness photography, sharp focus on subject, slightly blurred background, full body or major muscle groups clearly visible, photorealistic, 4K quality, no text, no watermarks, no logos"
"cmt33ae3u004fypj1v3mm8clg","Turkish half get-up","Atleta Femenino 25s","Athletic woman in her mid 20s, dark hair in a high ponytail, wearing navy blue high-waisted leggings and white sports bra, toned physique, latina, performing Turkish half get-up exercise, using kettlebell o mancuerna, functional fitness movement, athletic stance, kettlebell or bodyweight, explosive power, targeting full body muscles, correct anatomical form and posture, modern clean gym environment, bright even studio lighting, professional fitness photography, sharp focus on subject, slightly blurred background, full body or major muscle groups clearly visible, photorealistic, 4K quality, no text, no watermarks, no logos"
"cmt33aegq004jypj1zy1zo5be","Bird dog","Atleta Femenino 25s","Athletic woman in her mid 20s, dark hair in a high ponytail, wearing navy blue high-waisted leggings and white sports bra, toned physique, latina, performing Bird dog exercise, no equipment, bodyweight only, functional fitness movement, athletic stance, kettlebell or bodyweight, explosive power, targeting core muscles, correct anatomical form and posture, modern clean gym environment, bright even studio lighting, professional fitness photography, sharp focus on subject, slightly blurred background, full body or major muscle groups clearly visible, photorealistic, 4K quality, no text, no watermarks, no logos"
"cmt33aes8004nypj1kefhsrv2","Clean muscle clean","Atleta Femenino 25s","Athletic woman in her mid 20s, dark hair in a high ponytail, wearing navy blue high-waisted leggings and white sports bra, toned physique, latina, performing Clean muscle clean exercise, using barra o mancuernas, functional fitness movement, athletic stance, kettlebell or bodyweight, explosive power, targeting full body muscles, correct anatomical form and posture, modern clean gym environment, bright even studio lighting, professional fitness photography, sharp focus on subject, slightly blurred background, full body or major muscle groups clearly visible, photorealistic, 4K quality, no text, no watermarks, no logos"
"cmt33af5d004rypj19tgw0ij5","Box squat jump","Atleta Femenino 25s","Athletic woman in her mid 20s, dark hair in a high ponytail, wearing navy blue high-waisted leggings and white sports bra, toned physique, latina, performing Box squat jump exercise, using cajón pliométrico, functional fitness movement, athletic stance, kettlebell or bodyweight, explosive power, targeting piernas muscles, correct anatomical form and posture, modern clean gym environment, bright even studio lighting, professional fitness photography, sharp focus on subject, slightly blurred background, full body or major muscle groups clearly visible, photorealistic, 4K quality, no text, no watermarks, no logos"
"cmt33affr004vypj1lsqdkljv","Step-up con press","Atleta Femenino 25s","Athletic woman in her mid 20s, dark hair in a high ponytail, wearing navy blue high-waisted leggings and white sports bra, toned physique, latina, performing Step-up con press exercise, using mancuernas o kettlebells, functional fitness movement, athletic stance, kettlebell or bodyweight, explosive power, targeting piernas muscles, correct anatomical form and posture, modern clean gym environment, bright even studio lighting, professional fitness photography, sharp focus on subject, slightly blurred background, full body or major muscle groups clearly visible, photorealistic, 4K quality, no text, no watermarks, no logos"
"cmt33aftj004zypj1j3bgpaa5","Farmer carry con peso diferente","Atleta Femenino 25s","Athletic woman in her mid 20s, dark hair in a high ponytail, wearing navy blue high-waisted leggings and white sports bra, toned physique, latina, performing Farmer carry con peso diferente exercise, using mancuernas o kettlebells de pesos distintos, functional fitness movement, athletic stance, kettlebell or bodyweight, explosive power, targeting core muscles, correct anatomical form and posture, modern clean gym environment, bright even studio lighting, professional fitness photography, sharp focus on subject, slightly blurred background, full body or major muscle groups clearly visible, photorealistic, 4K quality, no text, no watermarks, no logos"
"cmt33ag6i0053ypj1rebkqevo","Clean hang clean","Atleta Femenino 25s","Athletic woman in her mid 20s, dark hair in a high ponytail, wearing navy blue high-waisted leggings and white sports bra, toned physique, latina, performing Clean hang clean exercise, using barra o mancuernas, functional fitness movement, athletic stance, kettlebell or bodyweight, explosive power, targeting full body muscles, correct anatomical form and posture, modern clean gym environment, bright even studio lighting, professional fitness photography, sharp focus on subject, slightly blurred background, full body or major muscle groups clearly visible, photorealistic, 4K quality, no text, no watermarks, no logos"
"cmt33aghr0057ypj1t4rb9j47","Turkish get-down","Atleta Femenino 25s","Athletic woman in her mid 20s, dark hair in a high ponytail, wearing navy blue high-waisted leggings and white sports bra, toned physique, latina, performing Turkish get-down exercise, using kettlebell o mancuerna, functional fitness movement, athletic stance, kettlebell or bodyweight, explosive power, targeting full body muscles, correct anatomical form and posture, modern clean gym environment, bright even studio lighting, professional fitness photography, sharp focus on subject, slightly blurred background, full body or major muscle groups clearly visible, photorealistic, 4K quality, no text, no watermarks, no logos"
"cmt33ags2005bypj1gjh4ituu","Bear crawl lateral","Atleta Femenino 25s","Athletic woman in her mid 20s, dark hair in a high ponytail, wearing navy blue high-waisted leggings and white sports bra, toned physique, latina, performing Bear crawl lateral exercise, no equipment, bodyweight only, functional fitness movement, athletic stance, kettlebell or bodyweight, explosive power, targeting full body muscles, correct anatomical form and posture, modern clean gym environment, bright even studio lighting, professional fitness photography, sharp focus on subject, slightly blurred background, full body or major muscle groups clearly visible, photorealistic, 4K quality, no text, no watermarks, no logos"
"cmt33ah2l005fypj1sixbn2e0","Lunge con kettlebell","Atleta Femenino 25s","Athletic woman in her mid 20s, dark hair in a high ponytail, wearing navy blue high-waisted leggings and white sports bra, toned physique, latina, performing Lunge con kettlebell exercise, holding kettlebell with both hands or one, functional fitness movement, athletic stance, kettlebell or bodyweight, explosive power, targeting piernas muscles, correct anatomical form and posture, modern clean gym environment, bright even studio lighting, professional fitness photography, sharp focus on subject, slightly blurred background, full body or major muscle groups clearly visible, photorealistic, 4K quality, no text, no watermarks, no logos"
"cmt33ahei005jypj1duirq0r7","Wrist extensor stretch","Atleta Femenino 25s","Athletic woman in her mid 20s, dark hair in a high ponytail, wearing navy blue high-waisted leggings and white sports bra, toned physique, latina, performing Wrist extensor stretch exercise, no equipment, bodyweight only, controlled stretching, relaxed focused expression, full range of motion, yoga mat or floor, targeting antebrazos muscles, correct anatomical form and posture, modern clean gym environment, bright even studio lighting, professional fitness photography, sharp focus on subject, slightly blurred background, full body or major muscle groups clearly visible, photorealistic, 4K quality, no text, no watermarks, no logos"
"cmt33ahoz005nypj1eu0swufo","World's greatest stretch con hamstring","Atleta Femenino 25s","Athletic woman in her mid 20s, dark hair in a high ponytail, wearing navy blue high-waisted leggings and white sports bra, toned physique, latina, performing World's greatest stretch con hamstring exercise, no equipment, bodyweight only, controlled stretching, relaxed focused expression, full range of motion, yoga mat or floor, targeting full body muscles, correct anatomical form and posture, modern clean gym environment, bright even studio lighting, professional fitness photography, sharp focus on subject, slightly blurred background, full body or major muscle groups clearly visible, photorealistic, 4K quality, no text, no watermarks, no logos"
"cmt33ahzc005rypj1wqwficnq","Dislocaciones con palo en agarre cerrado","Atleta Femenino 25s","Athletic woman in her mid 20s, dark hair in a high ponytail, wearing navy blue high-waisted leggings and white sports bra, toned physique, latina, performing Dislocaciones con palo en agarre cerrado exercise, using palo o bastón, controlled stretching, relaxed focused expression, full range of motion, yoga mat or floor, targeting hombros muscles, correct anatomical form and posture, modern clean gym environment, bright even studio lighting, professional fitness photography, sharp focus on subject, slightly blurred background, full body or major muscle groups clearly visible, photorealistic, 4K quality, no text, no watermarks, no logos"
"cmt33aiay005vypj1gzo93cuj","Estiramiento dinámico de espalda","Atleta Femenino 25s","Athletic woman in her mid 20s, dark hair in a high ponytail, wearing navy blue high-waisted leggings and white sports bra, toned physique, latina, performing Estiramiento dinámico de espalda exercise, no equipment, bodyweight only, controlled stretching, relaxed focused expression, full range of motion, yoga mat or floor, targeting espalda muscles, correct anatomical form and posture, modern clean gym environment, bright even studio lighting, professional fitness photography, sharp focus on subject, slightly blurred background, full body or major muscle groups clearly visible, photorealistic, 4K quality, no text, no watermarks, no logos"
"cmt33aim1005zypj1ws3jzij3","Wrist flexor stretch","Atleta Femenino 25s","Athletic woman in her mid 20s, dark hair in a high ponytail, wearing navy blue high-waisted leggings and white sports bra, toned physique, latina, performing Wrist flexor stretch exercise, no equipment, bodyweight only, controlled stretching, relaxed focused expression, full range of motion, yoga mat or floor, targeting antebrazos muscles, correct anatomical form and posture, modern clean gym environment, bright even studio lighting, professional fitness photography, sharp focus on subject, slightly blurred background, full body or major muscle groups clearly visible, photorealistic, 4K quality, no text, no watermarks, no logos"
"cmt33aiwe0063ypj1g5kf5cso","Neck CARs","Atleta Femenino 25s","Athletic woman in her mid 20s, dark hair in a high ponytail, wearing navy blue high-waisted leggings and white sports bra, toned physique, latina, performing Neck CARs exercise, no equipment, bodyweight only, controlled stretching, relaxed focused expression, full range of motion, yoga mat or floor, targeting cuello muscles, correct anatomical form and posture, modern clean gym environment, bright even studio lighting, professional fitness photography, sharp focus on subject, slightly blurred background, full body or major muscle groups clearly visible, photorealistic, 4K quality, no text, no watermarks, no logos"
"cmt33aj6r0067ypj1gesb79n7","Foam rolling de tríceps","Atleta Femenino 25s","Athletic woman in her mid 20s, dark hair in a high ponytail, wearing navy blue high-waisted leggings and white sports bra, toned physique, latina, performing Foam rolling de tríceps exercise, using foam roller on muscle, controlled stretching, relaxed focused expression, full range of motion, yoga mat or floor, targeting brazos muscles, correct anatomical form and posture, modern clean gym environment, bright even studio lighting, professional fitness photography, sharp focus on subject, slightly blurred background, full body or major muscle groups clearly visible, photorealistic, 4K quality, no text, no watermarks, no logos"
"cmt33ajhl006bypj1wezkvtlb","Foam rolling de IT band","Atleta Femenino 25s","Athletic woman in her mid 20s, dark hair in a high ponytail, wearing navy blue high-waisted leggings and white sports bra, toned physique, latina, performing Foam rolling de IT band exercise, using foam roller on muscle, controlled stretching, relaxed focused expression, full range of motion, yoga mat or floor, targeting piernas muscles, correct anatomical form and posture, modern clean gym environment, bright even studio lighting, professional fitness photography, sharp focus on subject, slightly blurred background, full body or major muscle groups clearly visible, photorealistic, 4K quality, no text, no watermarks, no logos"
"cmt33ajst006fypj1pf303x78","Postura del guerrero II","Atleta Femenino 25s","Athletic woman in her mid 20s, dark hair in a high ponytail, wearing navy blue high-waisted leggings and white sports bra, toned physique, latina, performing Postura del guerrero II exercise, no equipment, bodyweight only, deep stretch pose, calm breathing, elongated muscles, floor exercise, peaceful expression, targeting piernas muscles, correct anatomical form and posture, modern clean gym environment, bright even studio lighting, professional fitness photography, sharp focus on subject, slightly blurred background, full body or major muscle groups clearly visible, photorealistic, 4K quality, no text, no watermarks, no logos"
"cmt33ak6i006jypj1tnjbklut","Pilates saw","Atleta Femenino 25s","Athletic woman in her mid 20s, dark hair in a high ponytail, wearing navy blue high-waisted leggings and white sports bra, toned physique, latina, performing Pilates saw exercise, no equipment, bodyweight only, deep stretch pose, calm breathing, elongated muscles, floor exercise, peaceful expression, targeting core muscles, correct anatomical form and posture, modern clean gym environment, bright even studio lighting, professional fitness photography, sharp focus on subject, slightly blurred background, full body or major muscle groups clearly visible, photorealistic, 4K quality, no text, no watermarks, no logos"
"cmt33akho006nypj1zemuyhgd","Yoga fire log","Atleta Femenino 25s","Athletic woman in her mid 20s, dark hair in a high ponytail, wearing navy blue high-waisted leggings and white sports bra, toned physique, latina, performing Yoga fire log exercise, no equipment, bodyweight only, deep stretch pose, calm breathing, elongated muscles, floor exercise, peaceful expression, targeting cadera muscles, correct anatomical form and posture, modern clean gym environment, bright even studio lighting, professional fitness photography, sharp focus on subject, slightly blurred background, full body or major muscle groups clearly visible, photorealistic, 4K quality, no text, no watermarks, no logos"
"cmt33akt4006rypj1z960uabd","Relajación progresiva de cuello","Atleta Femenino 25s","Athletic woman in her mid 20s, dark hair in a high ponytail, wearing navy blue high-waisted leggings and white sports bra, toned physique, latina, performing Relajación progresiva de cuello exercise, no equipment, bodyweight only, deep stretch pose, calm breathing, elongated muscles, floor exercise, peaceful expression, targeting cuello muscles, correct anatomical form and posture, modern clean gym environment, bright even studio lighting, professional fitness photography, sharp focus on subject, slightly blurred background, full body or major muscle groups clearly visible, photorealistic, 4K quality, no text, no watermarks, no logos"
"cmt33al3o006vypj1fodafwyh","Yoga wide legged fold","Atleta Femenino 25s","Athletic woman in her mid 20s, dark hair in a high ponytail, wearing navy blue high-waisted leggings and white sports bra, toned physique, latina, performing Yoga wide legged fold exercise, no equipment, bodyweight only, deep stretch pose, calm breathing, elongated muscles, floor exercise, peaceful expression, targeting piernas muscles, correct anatomical form and posture, modern clean gym environment, bright even studio lighting, professional fitness photography, sharp focus on subject, slightly blurred background, full body or major muscle groups clearly visible, photorealistic, 4K quality, no text, no watermarks, no logos"
"cmt33alei006zypj19p2mpjl6","Relajación progresiva de piernas","Atleta Femenino 25s","Athletic woman in her mid 20s, dark hair in a high ponytail, wearing navy blue high-waisted leggings and white sports bra, toned physique, latina, performing Relajación progresiva de piernas exercise, no equipment, bodyweight only, deep stretch pose, calm breathing, elongated muscles, floor exercise, peaceful expression, targeting piernas muscles, correct anatomical form and posture, modern clean gym environment, bright even studio lighting, professional fitness photography, sharp focus on subject, slightly blurred background, full body or major muscle groups clearly visible, photorealistic, 4K quality, no text, no watermarks, no logos"
"cmt33alou0073ypj1ur6w15t0","Pilates double leg stretch","Atleta Femenino 25s","Athletic woman in her mid 20s, dark hair in a high ponytail, wearing navy blue high-waisted leggings and white sports bra, toned physique, latina, performing Pilates double leg stretch exercise, no equipment, bodyweight only, deep stretch pose, calm breathing, elongated muscles, floor exercise, peaceful expression, targeting core muscles, correct anatomical form and posture, modern clean gym environment, bright even studio lighting, professional fitness photography, sharp focus on subject, slightly blurred background, full body or major muscle groups clearly visible, photorealistic, 4K quality, no text, no watermarks, no logos"
"cmt33alz70077ypj1a27walfd","Postura del cisne","Atleta Femenino 25s","Athletic woman in her mid 20s, dark hair in a high ponytail, wearing navy blue high-waisted leggings and white sports bra, toned physique, latina, performing Postura del cisne exercise, no equipment, bodyweight only, deep stretch pose, calm breathing, elongated muscles, floor exercise, peaceful expression, targeting cadera muscles, correct anatomical form and posture, modern clean gym environment, bright even studio lighting, professional fitness photography, sharp focus on subject, slightly blurred background, full body or major muscle groups clearly visible, photorealistic, 4K quality, no text, no watermarks, no logos"
"cmt33am9h007bypj10oe09phj","Postura del puente","Atleta Femenino 25s","Athletic woman in her mid 20s, dark hair in a high ponytail, wearing navy blue high-waisted leggings and white sports bra, toned physique, latina, performing Postura del puente exercise, no equipment, bodyweight only, deep stretch pose, calm breathing, elongated muscles, floor exercise, peaceful expression, targeting core muscles, correct anatomical form and posture, modern clean gym environment, bright even studio lighting, professional fitness photography, sharp focus on subject, slightly blurred background, full body or major muscle groups clearly visible, photorealistic, 4K quality, no text, no watermarks, no logos"
"cmt33amjr007fypj1hmf4ume6","Postura del guerrero I","Atleta Femenino 25s","Athletic woman in her mid 20s, dark hair in a high ponytail, wearing navy blue high-waisted leggings and white sports bra, toned physique, latina, performing Postura del guerrero I exercise, no equipment, bodyweight only, deep stretch pose, calm breathing, elongated muscles, floor exercise, peaceful expression, targeting piernas muscles, correct anatomical form and posture, modern clean gym environment, bright even studio lighting, professional fitness photography, sharp focus on subject, slightly blurred background, full body or major muscle groups clearly visible, photorealistic, 4K quality, no text, no watermarks, no logos"
"cmt33amub007jypj1dap22luk","Plyo step-jump","Atleta Femenino 25s","Athletic woman in her mid 20s, dark hair in a high ponytail, wearing navy blue high-waisted leggings and white sports bra, toned physique, latina, performing Plyo step-jump exercise, using banco o step, explosive athletic movement, mid-air capture, maximum power output, dynamic freeze frame, targeting piernas muscles, correct anatomical form and posture, modern clean gym environment, bright even studio lighting, professional fitness photography, sharp focus on subject, slightly blurred background, full body or major muscle groups clearly visible, photorealistic, 4K quality, no text, no watermarks, no logos"
"cmt33an4y007nypj145ewf0b8","Burpee con pull-up","Atleta Femenino 25s","Athletic woman in her mid 20s, dark hair in a high ponytail, wearing navy blue high-waisted leggings and white sports bra, toned physique, latina, performing Burpee con pull-up exercise, using barra de dominadas, explosive athletic movement, mid-air capture, maximum power output, dynamic freeze frame, targeting full body muscles, correct anatomical form and posture, modern clean gym environment, bright even studio lighting, professional fitness photography, sharp focus on subject, slightly blurred background, full body or major muscle groups clearly visible, photorealistic, 4K quality, no text, no watermarks, no logos"
"cmt33anht007rypj1xicviuba","Depth drop jump","Atleta Femenino 25s","Athletic woman in her mid 20s, dark hair in a high ponytail, wearing navy blue high-waisted leggings and white sports bra, toned physique, latina, performing Depth drop jump exercise, using cajones pliométricos, explosive athletic movement, mid-air capture, maximum power output, dynamic freeze frame, targeting piernas muscles, correct anatomical form and posture, modern clean gym environment, bright even studio lighting, professional fitness photography, sharp focus on subject, slightly blurred background, full body or major muscle groups clearly visible, photorealistic, 4K quality, no text, no watermarks, no logos"
"cmt33ans1007vypj1ela0jcye","Sprint con trineo","Atleta Femenino 25s","Athletic woman in her mid 20s, dark hair in a high ponytail, wearing navy blue high-waisted leggings and white sports bra, toned physique, latina, performing Sprint con trineo exercise, using trineo (sled), explosive athletic movement, mid-air capture, maximum power output, dynamic freeze frame, targeting piernas muscles, correct anatomical form and posture, modern clean gym environment, bright even studio lighting, professional fitness photography, sharp focus on subject, slightly blurred background, full body or major muscle groups clearly visible, photorealistic, 4K quality, no text, no watermarks, no logos"
"cmt33ao2o007zypj116nrz0sv","Salto con banda","Atleta Femenino 25s","Athletic woman in her mid 20s, dark hair in a high ponytail, wearing navy blue high-waisted leggings and white sports bra, toned physique, latina, performing Salto con banda exercise, using banda elástica de resistencia, explosive athletic movement, mid-air capture, maximum power output, dynamic freeze frame, targeting piernas muscles, correct anatomical form and posture, modern clean gym environment, bright even studio lighting, professional fitness photography, sharp focus on subject, slightly blurred background, full body or major muscle groups clearly visible, photorealistic, 4K quality, no text, no watermarks, no logos"
"cmt33aod90083ypj1kd8h6q89","Medicine ball chest pass","Atleta Femenino 25s","Athletic woman in her mid 20s, dark hair in a high ponytail, wearing navy blue high-waisted leggings and white sports bra, toned physique, latina, performing Medicine ball chest pass exercise, using balón medicinal, explosive athletic movement, mid-air capture, maximum power output, dynamic freeze frame, targeting pecho muscles, correct anatomical form and posture, modern clean gym environment, bright even studio lighting, professional fitness photography, sharp focus on subject, slightly blurred background, full body or major muscle groups clearly visible, photorealistic, 4K quality, no text, no watermarks, no logos"
"cmt33aoo50087ypj1f1rj5g3f","Plyo step-up","Atleta Femenino 25s","Athletic woman in her mid 20s, dark hair in a high ponytail, wearing navy blue high-waisted leggings and white sports bra, toned physique, latina, performing Plyo step-up exercise, using banco o step, explosive athletic movement, mid-air capture, maximum power output, dynamic freeze frame, targeting piernas muscles, correct anatomical form and posture, modern clean gym environment, bright even studio lighting, professional fitness photography, sharp focus on subject, slightly blurred background, full body or major muscle groups clearly visible, photorealistic, 4K quality, no text, no watermarks, no logos"
"cmt33aoyo008bypj18b6ut9hi","Push-up con palmada","Atleta Femenino 25s","Athletic woman in her mid 20s, dark hair in a high ponytail, wearing navy blue high-waisted leggings and white sports bra, toned physique, latina, performing Push-up con palmada exercise, no equipment, bodyweight only, explosive athletic movement, mid-air capture, maximum power output, dynamic freeze frame, targeting pecho muscles, correct anatomical form and posture, modern clean gym environment, bright even studio lighting, professional fitness photography, sharp focus on subject, slightly blurred background, full body or major muscle groups clearly visible, photorealistic, 4K quality, no text, no watermarks, no logos"
"cmt33ap8z008fypj1xx0zv0qd","Sentadilla shrimp","Atleta Femenino 25s","Athletic woman in her mid 20s, dark hair in a high ponytail, wearing navy blue high-waisted leggings and white sports bra, toned physique, latina, performing Sentadilla shrimp exercise, no equipment, bodyweight only, stable balanced pose, core engaged, focused concentration, unstable surface or single leg, targeting piernas muscles, correct anatomical form and posture, modern clean gym environment, bright even studio lighting, professional fitness photography, sharp focus on subject, slightly blurred background, full body or major muscle groups clearly visible, photorealistic, 4K quality, no text, no watermarks, no logos"
"cmt33apm4008jypj1xprjo3mm","Row en TRX unilateral","Atleta Femenino 25s","Athletic woman in her mid 20s, dark hair in a high ponytail, wearing navy blue high-waisted leggings and white sports bra, toned physique, latina, performing Row en TRX unilateral exercise, using TRX suspension straps, stable balanced pose, core engaged, focused concentration, unstable surface or single leg, targeting espalda muscles, correct anatomical form and posture, modern clean gym environment, bright even studio lighting, professional fitness photography, sharp focus on subject, slightly blurred background, full body or major muscle groups clearly visible, photorealistic, 4K quality, no text, no watermarks, no logos"
"cmt33apwl008nypj1gy542x75","Plancha en fitball","Atleta Femenino 25s","Athletic woman in her mid 20s, dark hair in a high ponytail, wearing navy blue high-waisted leggings and white sports bra, toned physique, latina, performing Plancha en fitball exercise, using stability swiss ball, stable balanced pose, core engaged, focused concentration, unstable surface or single leg, targeting core muscles, correct anatomical form and posture, modern clean gym environment, bright even studio lighting, professional fitness photography, sharp focus on subject, slightly blurred background, full body or major muscle groups clearly visible, photorealistic, 4K quality, no text, no watermarks, no logos"
"cmt33aq77008rypj1w9tqie2r","Yoga warrior III","Atleta Femenino 25s","Athletic woman in her mid 20s, dark hair in a high ponytail, wearing navy blue high-waisted leggings and white sports bra, toned physique, latina, performing Yoga warrior III exercise, no equipment, bodyweight only, stable balanced pose, core engaged, focused concentration, unstable surface or single leg, targeting piernas muscles, correct anatomical form and posture, modern clean gym environment, bright even studio lighting, professional fitness photography, sharp focus on subject, slightly blurred background, full body or major muscle groups clearly visible, photorealistic, 4K quality, no text, no watermarks, no logos"
"cmt33aqit008vypj1ot0geenh","Row en TRX","Atleta Femenino 25s","Athletic woman in her mid 20s, dark hair in a high ponytail, wearing navy blue high-waisted leggings and white sports bra, toned physique, latina, performing Row en TRX exercise, using TRX suspension straps, stable balanced pose, core engaged, focused concentration, unstable surface or single leg, targeting espalda muscles, correct anatomical form and posture, modern clean gym environment, bright even studio lighting, professional fitness photography, sharp focus on subject, slightly blurred background, full body or major muscle groups clearly visible, photorealistic, 4K quality, no text, no watermarks, no logos"
"cmt33aqt0008zypj15kcrq0z2","Puente con marcha","Atleta Femenino 25s","Athletic woman in her mid 20s, dark hair in a high ponytail, wearing navy blue high-waisted leggings and white sports bra, toned physique, latina, performing Puente con marcha exercise, no equipment, bodyweight only, stable balanced pose, core engaged, focused concentration, unstable surface or single leg, targeting core muscles, correct anatomical form and posture, modern clean gym environment, bright even studio lighting, professional fitness photography, sharp focus on subject, slightly blurred background, full body or major muscle groups clearly visible, photorealistic, 4K quality, no text, no watermarks, no logos"
"cmt33ar3u0093ypj1kgym1hlv","Lunge en bosu","Atleta Femenino 25s","Athletic woman in her mid 20s, dark hair in a high ponytail, wearing navy blue high-waisted leggings and white sports bra, toned physique, latina, performing Lunge en bosu exercise, standing on bosu ball for instability, stable balanced pose, core engaged, focused concentration, unstable surface or single leg, targeting piernas muscles, correct anatomical form and posture, modern clean gym environment, bright even studio lighting, professional fitness photography, sharp focus on subject, slightly blurred background, full body or major muscle groups clearly visible, photorealistic, 4K quality, no text, no watermarks, no logos"
"cmt33are10097ypj1m1scnbgv","Drill de extensión","Atleta Femenino 25s","Athletic woman in her mid 20s, dark hair in a high ponytail, wearing navy blue high-waisted leggings and white sports bra, toned physique, latina, performing Drill de extensión exercise, no equipment, bodyweight only, practicing movement pattern, light weight or PVC pipe, instructional form, slow controlled, targeting full body muscles, correct anatomical form and posture, modern clean gym environment, bright even studio lighting, professional fitness photography, sharp focus on subject, slightly blurred background, full body or major muscle groups clearly visible, photorealistic, 4K quality, no text, no watermarks, no logos"
"cmt33arol009bypj1vhvbgjhm","Movilidad para press","Atleta Femenino 25s","Athletic woman in her mid 20s, dark hair in a high ponytail, wearing navy blue high-waisted leggings and white sports bra, toned physique, latina, performing Movilidad para press exercise, no equipment, bodyweight only, practicing movement pattern, light weight or PVC pipe, instructional form, slow controlled, targeting hombros muscles, correct anatomical form and posture, modern clean gym environment, bright even studio lighting, professional fitness photography, sharp focus on subject, slightly blurred background, full body or major muscle groups clearly visible, photorealistic, 4K quality, no text, no watermarks, no logos"
"cmt33arz4009fypj1y9eziqx6","Sentadilla pistol","Atleta Femenino 25s","Athletic woman in her mid 20s, dark hair in a high ponytail, wearing navy blue high-waisted leggings and white sports bra, toned physique, latina, performing Sentadilla pistol exercise, no equipment, bodyweight only, practicing movement pattern, light weight or PVC pipe, instructional form, slow controlled, targeting piernas muscles, correct anatomical form and posture, modern clean gym environment, bright even studio lighting, professional fitness photography, sharp focus on subject, slightly blurred background, full body or major muscle groups clearly visible, photorealistic, 4K quality, no text, no watermarks, no logos"
"cmt33ascf009jypj1g7whwmbw","Press push jerk","Atleta Femenino 25s","Athletic woman in her mid 20s, dark hair in a high ponytail, wearing navy blue high-waisted leggings and white sports bra, toned physique, latina, performing Press push jerk exercise, holding olympic barbell with weight plates, practicing movement pattern, light weight or PVC pipe, instructional form, slow controlled, targeting full body muscles, correct anatomical form and posture, modern clean gym environment, bright even studio lighting, professional fitness photography, sharp focus on subject, slightly blurred background, full body or major muscle groups clearly visible, photorealistic, 4K quality, no text, no watermarks, no logos"
"cmt33asn5009nypj11roc688m","Clean hang clean con palo","Atleta Femenino 25s","Athletic woman in her mid 20s, dark hair in a high ponytail, wearing navy blue high-waisted leggings and white sports bra, toned physique, latina, performing Clean hang clean con palo exercise, using palo o bastón, practicing movement pattern, light weight or PVC pipe, instructional form, slow controlled, targeting full body muscles, correct anatomical form and posture, modern clean gym environment, bright even studio lighting, professional fitness photography, sharp focus on subject, slightly blurred background, full body or major muscle groups clearly visible, photorealistic, 4K quality, no text, no watermarks, no logos"
"cmt33asxp009rypj1owms9xjs","Sentadilla tempo","Atleta Femenino 25s","Athletic woman in her mid 20s, dark hair in a high ponytail, wearing navy blue high-waisted leggings and white sports bra, toned physique, latina, performing Sentadilla tempo exercise, no equipment, bodyweight only, practicing movement pattern, light weight or PVC pipe, instructional form, slow controlled, targeting piernas muscles, correct anatomical form and posture, modern clean gym environment, bright even studio lighting, professional fitness photography, sharp focus on subject, slightly blurred background, full body or major muscle groups clearly visible, photorealistic, 4K quality, no text, no watermarks, no logos"
"cmt33at84009vypj1482n2dxd","Movilidad para deadlift","Atleta Femenino 25s","Athletic woman in her mid 20s, dark hair in a high ponytail, wearing navy blue high-waisted leggings and white sports bra, toned physique, latina, performing Movilidad para deadlift exercise, no equipment, bodyweight only, practicing movement pattern, light weight or PVC pipe, instructional form, slow controlled, targeting full body muscles, correct anatomical form and posture, modern clean gym environment, bright even studio lighting, professional fitness photography, sharp focus on subject, slightly blurred background, full body or major muscle groups clearly visible, photorealistic, 4K quality, no text, no watermarks, no logos"
"cmt33atj1009zypj1l7z0j9m2","Press con mancuerna","Atleta Femenino 25s","Athletic woman in her mid 20s, dark hair in a high ponytail, wearing navy blue high-waisted leggings and white sports bra, toned physique, latina, performing Press con mancuerna exercise, holding dumbbells in each hand, practicing movement pattern, light weight or PVC pipe, instructional form, slow controlled, targeting hombros muscles, correct anatomical form and posture, modern clean gym environment, bright even studio lighting, professional fitness photography, sharp focus on subject, slightly blurred background, full body or major muscle groups clearly visible, photorealistic, 4K quality, no text, no watermarks, no logos"
"cmt33attu00a3ypj1uwpircdn","Calentamiento general de 5 minutos","Atleta Femenino 25s","Athletic woman in her mid 20s, dark hair in a high ponytail, wearing navy blue high-waisted leggings and white sports bra, toned physique, latina, performing Calentamiento general de 5 minutos exercise, no equipment, bodyweight only, light dynamic movement, warming up body, gradual motion, preparing for exercise, targeting full body muscles, correct anatomical form and posture, modern clean gym environment, bright even studio lighting, professional fitness photography, sharp focus on subject, slightly blurred background, full body or major muscle groups clearly visible, photorealistic, 4K quality, no text, no watermarks, no logos"
"cmt33au4p00a7ypj1ytr3rv74","Calentamiento de marcha en el lugar","Atleta Femenino 25s","Athletic woman in her mid 20s, dark hair in a high ponytail, wearing navy blue high-waisted leggings and white sports bra, toned physique, latina, performing Calentamiento de marcha en el lugar exercise, no equipment, bodyweight only, light dynamic movement, warming up body, gradual motion, preparing for exercise, targeting full body muscles, correct anatomical form and posture, modern clean gym environment, bright even studio lighting, professional fitness photography, sharp focus on subject, slightly blurred background, full body or major muscle groups clearly visible, photorealistic, 4K quality, no text, no watermarks, no logos"
"cmt33auf700abypj14mr8vyey","Apertura de tobillos","Atleta Femenino 25s","Athletic woman in her mid 20s, dark hair in a high ponytail, wearing navy blue high-waisted leggings and white sports bra, toned physique, latina, performing Apertura de tobillos exercise, no equipment, bodyweight only, light dynamic movement, warming up body, gradual motion, preparing for exercise, targeting tobillos muscles, correct anatomical form and posture, modern clean gym environment, bright even studio lighting, professional fitness photography, sharp focus on subject, slightly blurred background, full body or major muscle groups clearly visible, photorealistic, 4K quality, no text, no watermarks, no logos"
"cmt33aupp00afypj11164qg2a","Activación de pantorrilla","Atleta Femenino 25s","Athletic woman in her mid 20s, dark hair in a high ponytail, wearing navy blue high-waisted leggings and white sports bra, toned physique, latina, performing Activación de pantorrilla exercise, no equipment, bodyweight only, light dynamic movement, warming up body, gradual motion, preparing for exercise, targeting pantorrilla muscles, correct anatomical form and posture, modern clean gym environment, bright even studio lighting, professional fitness photography, sharp focus on subject, slightly blurred background, full body or major muscle groups clearly visible, photorealistic, 4K quality, no text, no watermarks, no logos"
"cmt33av0b00ajypj1h9twm0zu","Calentamiento de high knees lateral","Atleta Femenino 25s","Athletic woman in her mid 20s, dark hair in a high ponytail, wearing navy blue high-waisted leggings and white sports bra, toned physique, latina, performing Calentamiento de high knees lateral exercise, no equipment, bodyweight only, light dynamic movement, warming up body, gradual motion, preparing for exercise, targeting piernas muscles, correct anatomical form and posture, modern clean gym environment, bright even studio lighting, professional fitness photography, sharp focus on subject, slightly blurred background, full body or major muscle groups clearly visible, photorealistic, 4K quality, no text, no watermarks, no logos"
"cmt33avao00anypj19u60g4lu","Cardio moderado de 3 minutos","Atleta Femenino 25s","Athletic woman in her mid 20s, dark hair in a high ponytail, wearing navy blue high-waisted leggings and white sports bra, toned physique, latina, performing Cardio moderado de 3 minutos exercise, no equipment, bodyweight only, light dynamic movement, warming up body, gradual motion, preparing for exercise, targeting full body muscles, correct anatomical form and posture, modern clean gym environment, bright even studio lighting, professional fitness photography, sharp focus on subject, slightly blurred background, full body or major muscle groups clearly visible, photorealistic, 4K quality, no text, no watermarks, no logos"
"cmt33avl100arypj1qyowa4p8","Circulación de brazos","Atleta Femenino 25s","Athletic woman in her mid 20s, dark hair in a high ponytail, wearing navy blue high-waisted leggings and white sports bra, toned physique, latina, performing Circulación de brazos exercise, no equipment, bodyweight only, light dynamic movement, warming up body, gradual motion, preparing for exercise, targeting hombros muscles, correct anatomical form and posture, modern clean gym environment, bright even studio lighting, professional fitness photography, sharp focus on subject, slightly blurred background, full body or major muscle groups clearly visible, photorealistic, 4K quality, no text, no watermarks, no logos"
"cmt33avya00avypj1262y7pyy","Dinámico estiramiento de cadera","Atleta Femenino 25s","Athletic woman in her mid 20s, dark hair in a high ponytail, wearing navy blue high-waisted leggings and white sports bra, toned physique, latina, performing Dinámico estiramiento de cadera exercise, no equipment, bodyweight only, light dynamic movement, warming up body, gradual motion, preparing for exercise, targeting cadera muscles, correct anatomical form and posture, modern clean gym environment, bright even studio lighting, professional fitness photography, sharp focus on subject, slightly blurred background, full body or major muscle groups clearly visible, photorealistic, 4K quality, no text, no watermarks, no logos"
"cmt33awdr00azypj1l006wxo2","Calentamiento de skipping bajo","Atleta Femenino 25s","Athletic woman in her mid 20s, dark hair in a high ponytail, wearing navy blue high-waisted leggings and white sports bra, toned physique, latina, performing Calentamiento de skipping bajo exercise, no equipment, bodyweight only, light dynamic movement, warming up body, gradual motion, preparing for exercise, targeting piernas muscles, correct anatomical form and posture, modern clean gym environment, bright even studio lighting, professional fitness photography, sharp focus on subject, slightly blurred background, full body or major muscle groups clearly visible, photorealistic, 4K quality, no text, no watermarks, no logos"
"cmt33awo700b3ypj1pssnnloz","Activación de abductores","Atleta Femenino 25s","Athletic woman in her mid 20s, dark hair in a high ponytail, wearing navy blue high-waisted leggings and white sports bra, toned physique, latina, performing Activación de abductores exercise, using resistance band for tension, light dynamic movement, warming up body, gradual motion, preparing for exercise, targeting cadera muscles, correct anatomical form and posture, modern clean gym environment, bright even studio lighting, professional fitness photography, sharp focus on subject, slightly blurred background, full body or major muscle groups clearly visible, photorealistic, 4K quality, no text, no watermarks, no logos"
"cmt33awyl00b7ypj13vh6c87y","Masaje automasaje de espalda","Atleta Femenino 25s","Athletic woman in her mid 20s, dark hair in a high ponytail, wearing navy blue high-waisted leggings and white sports bra, toned physique, latina, performing Masaje automasaje de espalda exercise, using small massage ball, recovery stretching, deep breathing, relaxed posture, post-workout calm, gentle movement, targeting espalda muscles, correct anatomical form and posture, modern clean gym environment, bright even studio lighting, professional fitness photography, sharp focus on subject, slightly blurred background, full body or major muscle groups clearly visible, photorealistic, 4K quality, no text, no watermarks, no logos"
"cmt33axbc00bbypj1etdyapfo","Postura de recuperación con piernas en pared","Atleta Femenino 25s","Athletic woman in her mid 20s, dark hair in a high ponytail, wearing navy blue high-waisted leggings and white sports bra, toned physique, latina, performing Postura de recuperación con piernas en pared exercise, no equipment, bodyweight only, recovery stretching, deep breathing, relaxed posture, post-workout calm, gentle movement, targeting piernas muscles, correct anatomical form and posture, modern clean gym environment, bright even studio lighting, professional fitness photography, sharp focus on subject, slightly blurred background, full body or major muscle groups clearly visible, photorealistic, 4K quality, no text, no watermarks, no logos"
"cmt33axly00bfypj1obi30rf8","Foam roller de piernas","Atleta Femenino 25s","Athletic woman in her mid 20s, dark hair in a high ponytail, wearing navy blue high-waisted leggings and white sports bra, toned physique, latina, performing Foam roller de piernas exercise, using foam roller on muscle, recovery stretching, deep breathing, relaxed posture, post-workout calm, gentle movement, targeting piernas muscles, correct anatomical form and posture, modern clean gym environment, bright even studio lighting, professional fitness photography, sharp focus on subject, slightly blurred background, full body or major muscle groups clearly visible, photorealistic, 4K quality, no text, no watermarks, no logos"
"cmt33axwm00bjypj13uew7vbw","Yoga restaurativo completo","Atleta Femenino 25s","Athletic woman in her mid 20s, dark hair in a high ponytail, wearing navy blue high-waisted leggings and white sports bra, toned physique, latina, performing Yoga restaurativo completo exercise, no equipment, bodyweight only, recovery stretching, deep breathing, relaxed posture, post-workout calm, gentle movement, targeting full body muscles, correct anatomical form and posture, modern clean gym environment, bright even studio lighting, professional fitness photography, sharp focus on subject, slightly blurred background, full body or major muscle groups clearly visible, photorealistic, 4K quality, no text, no watermarks, no logos"
"cmt33ay7300bnypj1a0nm0h54","Meditación de escaneo corporal","Atleta Femenino 25s","Athletic woman in her mid 20s, dark hair in a high ponytail, wearing navy blue high-waisted leggings and white sports bra, toned physique, latina, performing Meditación de escaneo corporal exercise, no equipment, bodyweight only, recovery stretching, deep breathing, relaxed posture, post-workout calm, gentle movement, targeting full body muscles, correct anatomical form and posture, modern clean gym environment, bright even studio lighting, professional fitness photography, sharp focus on subject, slightly blurred background, full body or major muscle groups clearly visible, photorealistic, 4K quality, no text, no watermarks, no logos"
"cmt33ayhq00brypj1nzb22dd7","Caminata lenta de recuperación","Atleta Femenino 25s","Athletic woman in her mid 20s, dark hair in a high ponytail, wearing navy blue high-waisted leggings and white sports bra, toned physique, latina, performing Caminata lenta de recuperación exercise, no equipment, bodyweight only, recovery stretching, deep breathing, relaxed posture, post-workout calm, gentle movement, targeting full body muscles, correct anatomical form and posture, modern clean gym environment, bright even studio lighting, professional fitness photography, sharp focus on subject, slightly blurred background, full body or major muscle groups clearly visible, photorealistic, 4K quality, no text, no watermarks, no logos"
"cmt33aysb00bvypj1oiul9jf4","Relajación de mandíbula","Atleta Femenino 25s","Athletic woman in her mid 20s, dark hair in a high ponytail, wearing navy blue high-waisted leggings and white sports bra, toned physique, latina, performing Relajación de mandíbula exercise, no equipment, bodyweight only, recovery stretching, deep breathing, relaxed posture, post-workout calm, gentle movement, targeting cuello muscles, correct anatomical form and posture, modern clean gym environment, bright even studio lighting, professional fitness photography, sharp focus on subject, slightly blurred background, full body or major muscle groups clearly visible, photorealistic, 4K quality, no text, no watermarks, no logos"
"cmt33az2q00bzypj15xegi6qr","Trabajo de respiración diafragmática","Atleta Femenino 25s","Athletic woman in her mid 20s, dark hair in a high ponytail, wearing navy blue high-waisted leggings and white sports bra, toned physique, latina, performing Trabajo de respiración diafragmática exercise, no equipment, bodyweight only, rehabilitation exercise, controlled activation, mind-muscle connection, precise small movement, targeting core muscles, correct anatomical form and posture, modern clean gym environment, bright even studio lighting, professional fitness photography, sharp focus on subject, slightly blurred background, full body or major muscle groups clearly visible, photorealistic, 4K quality, no text, no watermarks, no logos"
"cmt33aze900c3ypj10x3ossu0","Mindfulness de enfoque","Atleta Femenino 25s","Athletic woman in her mid 20s, dark hair in a high ponytail, wearing navy blue high-waisted leggings and white sports bra, toned physique, latina, performing Mindfulness de enfoque exercise, no equipment, bodyweight only, rehabilitation exercise, controlled activation, mind-muscle connection, precise small movement, targeting full body muscles, correct anatomical form and posture, modern clean gym environment, bright even studio lighting, professional fitness photography, sharp focus on subject, slightly blurred background, full body or major muscle groups clearly visible, photorealistic, 4K quality, no text, no watermarks, no logos"
"cmt33azoi00c7ypj13t668z5s","Masaje automasaje de fascia","Atleta Femenino 25s","Athletic woman in her mid 20s, dark hair in a high ponytail, wearing navy blue high-waisted leggings and white sports bra, toned physique, latina, performing Masaje automasaje de fascia exercise, using foam roller on muscle, rehabilitation exercise, controlled activation, mind-muscle connection, precise small movement, targeting full body muscles, correct anatomical form and posture, modern clean gym environment, bright even studio lighting, professional fitness photography, sharp focus on subject, slightly blurred background, full body or major muscle groups clearly visible, photorealistic, 4K quality, no text, no watermarks, no logos"
"cmt33azyq00cbypj1qlhurqm9","Conciencia de core","Atleta Femenino 25s","Athletic woman in her mid 20s, dark hair in a high ponytail, wearing navy blue high-waisted leggings and white sports bra, toned physique, latina, performing Conciencia de core exercise, no equipment, bodyweight only, rehabilitation exercise, controlled activation, mind-muscle connection, precise small movement, targeting core muscles, correct anatomical form and posture, modern clean gym environment, bright even studio lighting, professional fitness photography, sharp focus on subject, slightly blurred background, full body or major muscle groups clearly visible, photorealistic, 4K quality, no text, no watermarks, no logos"
"cmt33b09500cfypj1d189w5by","Estabilización de tobillo","Atleta Femenino 25s","Athletic woman in her mid 20s, dark hair in a high ponytail, wearing navy blue high-waisted leggings and white sports bra, toned physique, latina, performing Estabilización de tobillo exercise, no equipment, bodyweight only, rehabilitation exercise, controlled activation, mind-muscle connection, precise small movement, targeting tobillos muscles, correct anatomical form and posture, modern clean gym environment, bright even studio lighting, professional fitness photography, sharp focus on subject, slightly blurred background, full body or major muscle groups clearly visible, photorealistic, 4K quality, no text, no watermarks, no logos"
"cmt33b0kb00cjypj1uolqxtqt","Estabilización de hombro","Atleta Femenino 25s","Athletic woman in her mid 20s, dark hair in a high ponytail, wearing navy blue high-waisted leggings and white sports bra, toned physique, latina, performing Estabilización de hombro exercise, no equipment, bodyweight only, rehabilitation exercise, controlled activation, mind-muscle connection, precise small movement, targeting hombros muscles, correct anatomical form and posture, modern clean gym environment, bright even studio lighting, professional fitness photography, sharp focus on subject, slightly blurred background, full body or major muscle groups clearly visible, photorealistic, 4K quality, no text, no watermarks, no logos"
"cmtjc6kwf00023isom4mn2azq","Estiramiento de Tibial sentado","Atleta Femenino 25s","Athletic woman in her mid 20s, dark hair in a high ponytail, wearing navy blue high-waisted leggings and white sports bra, toned physique, latina, performing Estiramiento de Tibial sentado exercise, no equipment, bodyweight only, deep stretch pose, calm breathing, elongated muscles, floor exercise, peaceful expression, targeting tibial anterior muscles, correct anatomical form and posture, modern clean gym environment, bright even studio lighting, professional fitness photography, sharp focus on subject, slightly blurred background, full body or major muscle groups clearly visible, photorealistic, 4K quality, no text, no watermarks, no logos"
"cmtjc6l7800063iso2adnskkm","Estiramiento de Tríceps tras nuca","Atleta Femenino 25s","Athletic woman in her mid 20s, dark hair in a high ponytail, wearing navy blue high-waisted leggings and white sports bra, toned physique, latina, performing Estiramiento de Tríceps tras nuca exercise, no equipment, bodyweight only, deep stretch pose, calm breathing, elongated muscles, floor exercise, peaceful expression, targeting tríceps muscles, correct anatomical form and posture, modern clean gym environment, bright even studio lighting, professional fitness photography, sharp focus on subject, slightly blurred background, full body or major muscle groups clearly visible, photorealistic, 4K quality, no text, no watermarks, no logos"
"cmtjc6lhp000a3isovv83ptqc","Rotación de Cuello","Atleta Femenino 25s","Athletic woman in her mid 20s, dark hair in a high ponytail, wearing navy blue high-waisted leggings and white sports bra, toned physique, latina, performing Rotación de Cuello exercise, no equipment, bodyweight only, deep stretch pose, calm breathing, elongated muscles, floor exercise, peaceful expression, targeting cuello muscles, correct anatomical form and posture, modern clean gym environment, bright even studio lighting, professional fitness photography, sharp focus on subject, slightly blurred background, full body or major muscle groups clearly visible, photorealistic, 4K quality, no text, no watermarks, no logos"
"cmtjc6lso000e3isonj3wrtt2","Estiramiento de Glúteos sentado","Atleta Femenino 25s","Athletic woman in her mid 20s, dark hair in a high ponytail, wearing navy blue high-waisted leggings and white sports bra, toned physique, latina, performing Estiramiento de Glúteos sentado exercise, no equipment, bodyweight only, deep stretch pose, calm breathing, elongated muscles, floor exercise, peaceful expression, targeting glúteos muscles, correct anatomical form and posture, modern clean gym environment, bright even studio lighting, professional fitness photography, sharp focus on subject, slightly blurred background, full body or major muscle groups clearly visible, photorealistic, 4K quality, no text, no watermarks, no logos"
"cmtjc6m39000i3iso99m1mr4t","Estiramiento de Gemelos en escalón","Atleta Femenino 25s","Athletic woman in her mid 20s, dark hair in a high ponytail, wearing navy blue high-waisted leggings and white sports bra, toned physique, latina, performing Estiramiento de Gemelos en escalón exercise, using aerobic step platform, deep stretch pose, calm breathing, elongated muscles, floor exercise, peaceful expression, targeting gemelos muscles, correct anatomical form and posture, modern clean gym environment, bright even studio lighting, professional fitness photography, sharp focus on subject, slightly blurred background, full body or major muscle groups clearly visible, photorealistic, 4K quality, no text, no watermarks, no logos"
"cmtjc6med000m3iso8obt2mlm","Estiramiento de Isquiotibiales sentado","Atleta Femenino 25s","Athletic woman in her mid 20s, dark hair in a high ponytail, wearing navy blue high-waisted leggings and white sports bra, toned physique, latina, performing Estiramiento de Isquiotibiales sentado exercise, no equipment, bodyweight only, deep stretch pose, calm breathing, elongated muscles, floor exercise, peaceful expression, targeting femoral muscles, correct anatomical form and posture, modern clean gym environment, bright even studio lighting, professional fitness photography, sharp focus on subject, slightly blurred background, full body or major muscle groups clearly visible, photorealistic, 4K quality, no text, no watermarks, no logos"
"cmtjc6mss000q3isohtwj9bh8","Postura del Niño","Atleta Femenino 25s","Athletic woman in her mid 20s, dark hair in a high ponytail, wearing navy blue high-waisted leggings and white sports bra, toned physique, latina, performing Postura del Niño exercise, no equipment, bodyweight only, deep stretch pose, calm breathing, elongated muscles, floor exercise, peaceful expression, targeting espalda muscles, correct anatomical form and posture, modern clean gym environment, bright even studio lighting, professional fitness photography, sharp focus on subject, slightly blurred background, full body or major muscle groups clearly visible, photorealistic, 4K quality, no text, no watermarks, no logos"
"cmtjc6n7s000u3isol6679uj7","Estiramiento de Dorsales sobre la cabeza","Atleta Femenino 25s","Athletic woman in her mid 20s, dark hair in a high ponytail, wearing navy blue high-waisted leggings and white sports bra, toned physique, latina, performing Estiramiento de Dorsales sobre la cabeza exercise, no equipment, bodyweight only, deep stretch pose, calm breathing, elongated muscles, floor exercise, peaceful expression, targeting dorsales muscles, correct anatomical form and posture, modern clean gym environment, bright even studio lighting, professional fitness photography, sharp focus on subject, slightly blurred background, full body or major muscle groups clearly visible, photorealistic, 4K quality, no text, no watermarks, no logos"
"cmtjc6r9g000y3iso6ouhpl72","Rotación controlada de cadera","Atleta Femenino 25s","Athletic woman in her mid 20s, dark hair in a high ponytail, wearing navy blue high-waisted leggings and white sports bra, toned physique, latina, performing Rotación controlada de cadera exercise, no equipment, bodyweight only, controlled movement, focused espression, rehabilitation exercise, controlled activation, precise movement, targeting cadera muscles, correct anatomical form and posture, modern clean gym environment, bright even studio lighting, professional fitness photography, sharp focus on subject, slightly blurred background, full body or major muscle groups clearly visible, photorealistic, 4K quality, no text, no watermarks, no logos"
"cmtjc6rkc00123isonoxhrdi0","Caminata lateral con banda","Atleta Femenino 25s","Athletic woman in her mid 20s, dark hair in a high ponytail, wearing navy blue high-waisted leggings and white sports bra, toned physique, latina, performing Caminata lateral con banda exercise, using bandas, controlled movement, focused espression, rehabilitation exercise, controlled activation, precise movement, targeting cadera muscles, correct anatomical form and posture, modern clean gym environment, bright even studio lighting, professional fitness photography, sharp focus on subject, slightly blurred background, full body or major muscle groups clearly visible, photorealistic, 4K quality, no text, no watermarks, no logos"
"cmtjc6rvf00163isosn2w2gyk","Desplazamiento en cuadrupedia","Atleta Femenino 25s","Athletic woman in her mid 20s, dark hair in a high ponytail, wearing navy blue high-waisted leggings and white sports bra, toned physique, latina, performing Desplazamiento en cuadrupedia exercise, no equipment, bodyweight only, controlled movement, focused espression, rehabilitation exercise, controlled activation, precise movement, targeting cadera muscles, correct anatomical form and posture, modern clean gym environment, bright even studio lighting, professional fitness photography, sharp focus on subject, slightly blurred background, full body or major muscle groups clearly visible, photorealistic, 4K quality, no text, no watermarks, no logos"
"cmtjc6s6o001a3isozpoe721i","Rotación de brazo bajo el cuerpo","Atleta Femenino 25s","Athletic woman in her mid 20s, dark hair in a high ponytail, wearing navy blue high-waisted leggings and white sports bra, toned physique, latina, performing Rotación de brazo bajo el cuerpo exercise, no equipment, bodyweight only, controlled movement, focused espression, rehabilitation exercise, controlled activation, precise movement, targeting columna torácica muscles, correct anatomical form and posture, modern clean gym environment, bright even studio lighting, professional fitness photography, sharp focus on subject, slightly blurred background, full body or major muscle groups clearly visible, photorealistic, 4K quality, no text, no watermarks, no logos"
"cmtjc6shp001e3iso4gqimd14","Alcance frontal sobre roller","Atleta Femenino 25s","Athletic woman in her mid 20s, dark hair in a high ponytail, wearing navy blue high-waisted leggings and white sports bra, toned physique, latina, performing Alcance frontal sobre roller exercise, no equipment, bodyweight only, controlled movement, focused espression, rehabilitation exercise, controlled activation, precise movement, targeting columna torácica muscles, correct anatomical form and posture, modern clean gym environment, bright even studio lighting, professional fitness photography, sharp focus on subject, slightly blurred background, full body or major muscle groups clearly visible, photorealistic, 4K quality, no text, no watermarks, no logos"
"cmtjc6sso001i3iso78wxla5x","Retracción de mentón contra pared","Atleta Femenino 25s","Athletic woman in her mid 20s, dark hair in a high ponytail, wearing navy blue high-waisted leggings and white sports bra, toned physique, latina, performing Retracción de mentón contra pared exercise, no equipment, bodyweight only, controlled movement, focused espression, rehabilitation exercise, controlled activation, precise movement, targeting cuello muscles, correct anatomical form and posture, modern clean gym environment, bright even studio lighting, professional fitness photography, sharp focus on subject, slightly blurred background, full body or major muscle groups clearly visible, photorealistic, 4K quality, no text, no watermarks, no logos"
"cmtjc6t6c001m3isofbww42ji","Estiramiento de trapecio superior","Atleta Femenino 25s","Athletic woman in her mid 20s, dark hair in a high ponytail, wearing navy blue high-waisted leggings and white sports bra, toned physique, latina, performing Estiramiento de trapecio superior exercise, no equipment, bodyweight only, controlled movement, focused espression, rehabilitation exercise, controlled activation, precise movement, targeting cuello y trapecio muscles, correct anatomical form and posture, modern clean gym environment, bright even studio lighting, professional fitness photography, sharp focus on subject, slightly blurred background, full body or major muscle groups clearly visible, photorealistic, 4K quality, no text, no watermarks, no logos"
"cmtjc6tgy001q3isoos61yc6n","Retracción escapular","Atleta Femenino 25s","Athletic woman in her mid 20s, dark hair in a high ponytail, wearing navy blue high-waisted leggings and white sports bra, toned physique, latina, performing Retracción escapular exercise, no equipment, bodyweight only, controlled movement, focused espression, rehabilitation exercise, controlled activation, precise movement, targeting espalda alta muscles, correct anatomical form and posture, modern clean gym environment, bright even studio lighting, professional fitness photography, sharp focus on subject, slightly blurred background, full body or major muscle groups clearly visible, photorealistic, 4K quality, no text, no watermarks, no logos"
"cmtjc6tsc001u3isor3xvccgm","Elevaciones Y-T-W","Atleta Femenino 25s","Athletic woman in her mid 20s, dark hair in a high ponytail, wearing navy blue high-waisted leggings and white sports bra, toned physique, latina, performing Elevaciones Y-T-W exercise, holding dumbbells in each hand, controlled movement, focused espression, rehabilitation exercise, controlled activation, precise movement, targeting espalda alta y hombros muscles, correct anatomical form and posture, modern clean gym environment, bright even studio lighting, professional fitness photography, sharp focus on subject, slightly blurred background, full body or major muscle groups clearly visible, photorealistic, 4K quality, no text, no watermarks, no logos"
"cmtjc6u3u001y3isowtqd0sf3","Rotaciones escapulares","Atleta Femenino 25s","Athletic woman in her mid 20s, dark hair in a high ponytail, wearing navy blue high-waisted leggings and white sports bra, toned physique, latina, performing Rotaciones escapulares exercise, no equipment, bodyweight only, controlled movement, focused espression, rehabilitation exercise, controlled activation, precise movement, targeting escápulas y espalda alta muscles, correct anatomical form and posture, modern clean gym environment, bright even studio lighting, professional fitness photography, sharp focus on subject, slightly blurred background, full body or major muscle groups clearly visible, photorealistic, 4K quality, no text, no watermarks, no logos"
"cmtjc6ugn00223iso83fk6oce","Deslizamientos de hombros contra pared","Atleta Femenino 25s","Athletic woman in her mid 20s, dark hair in a high ponytail, wearing navy blue high-waisted leggings and white sports bra, toned physique, latina, performing Deslizamientos de hombros contra pared exercise, no equipment, bodyweight only, controlled movement, focused espression, rehabilitation exercise, controlled activation, precise movement, targeting hombros y escápulas muscles, correct anatomical form and posture, modern clean gym environment, bright even studio lighting, professional fitness photography, sharp focus on subject, slightly blurred background, full body or major muscle groups clearly visible, photorealistic, 4K quality, no text, no watermarks, no logos"
"cmtjc6uso00263isou263gkk3","Flexión de hombro","Atleta Femenino 25s","Athletic woman in her mid 20s, dark hair in a high ponytail, wearing navy blue high-waisted leggings and white sports bra, toned physique, latina, performing Flexión de hombro exercise, no equipment, bodyweight only, controlled movement, focused espression, rehabilitation exercise, controlled activation, precise movement, targeting hombros muscles, correct anatomical form and posture, modern clean gym environment, bright even studio lighting, professional fitness photography, sharp focus on subject, slightly blurred background, full body or major muscle groups clearly visible, photorealistic, 4K quality, no text, no watermarks, no logos"
"cmtjc6v58002a3isop907gw34","Extensión de rodilla con banda","Atleta Femenino 25s","Athletic woman in her mid 20s, dark hair in a high ponytail, wearing navy blue high-waisted leggings and white sports bra, toned physique, latina, performing Extensión de rodilla con banda exercise, using bandas, controlled movement, focused espression, rehabilitation exercise, controlled activation, precise movement, targeting cuádriceps muscles, correct anatomical form and posture, modern clean gym environment, bright even studio lighting, professional fitness photography, sharp focus on subject, slightly blurred background, full body or major muscle groups clearly visible, photorealistic, 4K quality, no text, no watermarks, no logos"
"cmtjc6vge002e3iso2ov6grt5","Puente con foco en isquiotibiales","Atleta Femenino 25s","Athletic woman in her mid 20s, dark hair in a high ponytail, wearing navy blue high-waisted leggings and white sports bra, toned physique, latina, performing Puente con foco en isquiotibiales exercise, no equipment, bodyweight only, controlled movement, focused espression, rehabilitation exercise, controlled activation, precise movement, targeting isquiotibiales y glúteos muscles, correct anatomical form and posture, modern clean gym environment, bright even studio lighting, professional fitness photography, sharp focus on subject, slightly blurred background, full body or major muscle groups clearly visible, photorealistic, 4K quality, no text, no watermarks, no logos"
"cmtjc6vr0002i3isovdxe00k7","Rotación controlada de rodilla","Atleta Femenino 25s","Athletic woman in her mid 20s, dark hair in a high ponytail, wearing navy blue high-waisted leggings and white sports bra, toned physique, latina, performing Rotación controlada de rodilla exercise, no equipment, bodyweight only, controlled movement, focused espression, rehabilitation exercise, controlled activation, precise movement, targeting rodillas muscles, correct anatomical form and posture, modern clean gym environment, bright even studio lighting, professional fitness photography, sharp focus on subject, slightly blurred background, full body or major muscle groups clearly visible, photorealistic, 4K quality, no text, no watermarks, no logos"
"cmtjc6w20002m3iso78ukrc6j","Elevación sobre las puntas de los pies","Atleta Femenino 25s","Athletic woman in her mid 20s, dark hair in a high ponytail, wearing navy blue high-waisted leggings and white sports bra, toned physique, latina, performing Elevación sobre las puntas de los pies exercise, no equipment, bodyweight only, controlled movement, focused espression, rehabilitation exercise, controlled activation, precise movement, targeting pantorrillas y tobillos muscles, correct anatomical form and posture, modern clean gym environment, bright even studio lighting, professional fitness photography, sharp focus on subject, slightly blurred background, full body or major muscle groups clearly visible, photorealistic, 4K quality, no text, no watermarks, no logos"
"cmtjc6wcy002q3isocis5fjtz","Estiramiento de gemelos","Atleta Femenino 25s","Athletic woman in her mid 20s, dark hair in a high ponytail, wearing navy blue high-waisted leggings and white sports bra, toned physique, latina, performing Estiramiento de gemelos exercise, no equipment, bodyweight only, controlled movement, focused espression, rehabilitation exercise, controlled activation, precise movement, targeting pantorrillas muscles, correct anatomical form and posture, modern clean gym environment, bright even studio lighting, professional fitness photography, sharp focus on subject, slightly blurred background, full body or major muscle groups clearly visible, photorealistic, 4K quality, no text, no watermarks, no logos"
"cmtjc6wo1002u3isotfejudlf","Inclinación pélvica","Atleta Femenino 25s","Athletic woman in her mid 20s, dark hair in a high ponytail, wearing navy blue high-waisted leggings and white sports bra, toned physique, latina, performing Inclinación pélvica exercise, no equipment, bodyweight only, controlled movement, focused espression, rehabilitation exercise, controlled activation, precise movement, targeting zona lumbar y core muscles, correct anatomical form and posture, modern clean gym environment, bright even studio lighting, professional fitness photography, sharp focus on subject, slightly blurred background, full body or major muscle groups clearly visible, photorealistic, 4K quality, no text, no watermarks, no logos"
"cmtjc6wz8002y3isozts8396f","Estiramiento lumbar hacia el pecho","Atleta Femenino 25s","Athletic woman in her mid 20s, dark hair in a high ponytail, wearing navy blue high-waisted leggings and white sports bra, toned physique, latina, performing Estiramiento lumbar hacia el pecho exercise, no equipment, bodyweight only, controlled movement, focused espression, rehabilitation exercise, controlled activation, precise movement, targeting zona lumbar muscles, correct anatomical form and posture, modern clean gym environment, bright even studio lighting, professional fitness photography, sharp focus on subject, slightly blurred background, full body or major muscle groups clearly visible, photorealistic, 4K quality, no text, no watermarks, no logos"
"cmtjc6xcl00323iso3ywoy59z","Bisagra de cadera","Atleta Femenino 25s","Athletic woman in her mid 20s, dark hair in a high ponytail, wearing navy blue high-waisted leggings and white sports bra, toned physique, latina, performing Bisagra de cadera exercise, no equipment, bodyweight only, controlled movement, focused espression, rehabilitation exercise, controlled activation, precise movement, targeting cadera y zona lumbar muscles, correct anatomical form and posture, modern clean gym environment, bright even studio lighting, professional fitness photography, sharp focus on subject, slightly blurred background, full body or major muscle groups clearly visible, photorealistic, 4K quality, no text, no watermarks, no logos"
"cmtjc6xnl00363isocyfcvpb4","Turkish Get Up","Atleta Femenino 25s","Athletic woman in her mid 20s, dark hair in a high ponytail, wearing navy blue high-waisted leggings and white sports bra, toned physique, latina, performing Turkish Get Up exercise, holding kettlebell with both hands or one, functional fitness movement, athletic stance, kettlebell or bodyweight, explosive power, targeting cuerpo completo muscles, correct anatomical form and posture, modern clean gym environment, bright even studio lighting, professional fitness photography, sharp focus on subject, slightly blurred background, full body or major muscle groups clearly visible, photorealistic, 4K quality, no text, no watermarks, no logos"
"cmtjc6xyp003a3iso927f8f7o","Cambio rápido de dirección","Atleta Femenino 25s","Athletic woman in her mid 20s, dark hair in a high ponytail, wearing navy blue high-waisted leggings and white sports bra, toned physique, latina, performing Cambio rápido de dirección exercise, no equipment, bodyweight only, functional fitness movement, athletic stance, kettlebell or bodyweight, explosive power, targeting tren inferior muscles, correct anatomical form and posture, modern clean gym environment, bright even studio lighting, professional fitness photography, sharp focus on subject, slightly blurred background, full body or major muscle groups clearly visible, photorealistic, 4K quality, no text, no watermarks, no logos"
"cmtjc6yak003e3isoc8603nci","Power Clean","Atleta Femenino 25s","Athletic woman in her mid 20s, dark hair in a high ponytail, wearing navy blue high-waisted leggings and white sports bra, toned physique, latina, performing Power Clean exercise, holding olympic barbell with weight plates, functional fitness movement, athletic stance, kettlebell or bodyweight, explosive power, targeting cuerpo completo muscles, correct anatomical form and posture, modern clean gym environment, bright even studio lighting, professional fitness photography, sharp focus on subject, slightly blurred background, full body or major muscle groups clearly visible, photorealistic, 4K quality, no text, no watermarks, no logos"
"cmtjc6ymx003i3iso050198yl","Sprint en el lugar","Atleta Femenino 25s","Athletic woman in her mid 20s, dark hair in a high ponytail, wearing navy blue high-waisted leggings and white sports bra, toned physique, latina, performing Sprint en el lugar exercise, no equipment, bodyweight only, functional fitness movement, athletic stance, kettlebell or bodyweight, explosive power, targeting cuerpo completo muscles, correct anatomical form and posture, modern clean gym environment, bright even studio lighting, professional fitness photography, sharp focus on subject, slightly blurred background, full body or major muscle groups clearly visible, photorealistic, 4K quality, no text, no watermarks, no logos"
"cmtjc6z20003m3isop3a2x6y7","Medio burpee","Atleta Femenino 25s","Athletic woman in her mid 20s, dark hair in a high ponytail, wearing navy blue high-waisted leggings and white sports bra, toned physique, latina, performing Medio burpee exercise, no equipment, bodyweight only, functional fitness movement, athletic stance, kettlebell or bodyweight, explosive power, targeting cuerpo completo muscles, correct anatomical form and posture, modern clean gym environment, bright even studio lighting, professional fitness photography, sharp focus on subject, slightly blurred background, full body or major muscle groups clearly visible, photorealistic, 4K quality, no text, no watermarks, no logos"
"cmtjc6zft003q3isos3zgdhu7","Saltos con soga","Atleta Femenino 25s","Athletic woman in her mid 20s, dark hair in a high ponytail, wearing navy blue high-waisted leggings and white sports bra, toned physique, latina, performing Saltos con soga exercise, jumping rope, functional fitness movement, athletic stance, kettlebell or bodyweight, explosive power, targeting piernas muscles, correct anatomical form and posture, modern clean gym environment, bright even studio lighting, professional fitness photography, sharp focus on subject, slightly blurred background, full body or major muscle groups clearly visible, photorealistic, 4K quality, no text, no watermarks, no logos"
"cmtjc6zqr003u3iso1c6cbu52","Salto hacia adelante","Atleta Femenino 25s","Athletic woman in her mid 20s, dark hair in a high ponytail, wearing navy blue high-waisted leggings and white sports bra, toned physique, latina, performing Salto hacia adelante exercise, no equipment, bodyweight only, functional fitness movement, athletic stance, kettlebell or bodyweight, explosive power, targeting piernas muscles, correct anatomical form and posture, modern clean gym environment, bright even studio lighting, professional fitness photography, sharp focus on subject, slightly blurred background, full body or major muscle groups clearly visible, photorealistic, 4K quality, no text, no watermarks, no logos"
"cmtjc702s003y3isomdzagiq2","Golpes con soga","Atleta Femenino 25s","Athletic woman in her mid 20s, dark hair in a high ponytail, wearing navy blue high-waisted leggings and white sports bra, toned physique, latina, performing Golpes con soga exercise, using battle ropes, functional fitness movement, athletic stance, kettlebell or bodyweight, explosive power, targeting tren superior muscles, correct anatomical form and posture, modern clean gym environment, bright even studio lighting, professional fitness photography, sharp focus on subject, slightly blurred background, full body or major muscle groups clearly visible, photorealistic, 4K quality, no text, no watermarks, no logos"
"cmtjc70j700423isonfloxntr","Saltos en sentadilla","Atleta Femenino 25s","Athletic woman in her mid 20s, dark hair in a high ponytail, wearing navy blue high-waisted leggings and white sports bra, toned physique, latina, performing Saltos en sentadilla exercise, no equipment, bodyweight only, functional fitness movement, athletic stance, kettlebell or bodyweight, explosive power, targeting piernas muscles, correct anatomical form and posture, modern clean gym environment, bright even studio lighting, professional fitness photography, sharp focus on subject, slightly blurred background, full body or major muscle groups clearly visible, photorealistic, 4K quality, no text, no watermarks, no logos"
"cmtjc70vb00463isowj0o4al1","Saltos con zancadas","Atleta Femenino 25s","Athletic woman in her mid 20s, dark hair in a high ponytail, wearing navy blue high-waisted leggings and white sports bra, toned physique, latina, performing Saltos con zancadas exercise, no equipment, bodyweight only, functional fitness movement, athletic stance, kettlebell or bodyweight, explosive power, targeting piernas muscles, correct anatomical form and posture, modern clean gym environment, bright even studio lighting, professional fitness photography, sharp focus on subject, slightly blurred background, full body or major muscle groups clearly visible, photorealistic, 4K quality, no text, no watermarks, no logos"
"cmtjc715x004a3isorg8hezzw","Sprint con intervalos cortos","Atleta Femenino 25s","Athletic woman in her mid 20s, dark hair in a high ponytail, wearing navy blue high-waisted leggings and white sports bra, toned physique, latina, performing Sprint con intervalos cortos exercise, no equipment, bodyweight only, functional fitness movement, athletic stance, kettlebell or bodyweight, explosive power, targeting cuerpo completo muscles, correct anatomical form and posture, modern clean gym environment, bright even studio lighting, professional fitness photography, sharp focus on subject, slightly blurred background, full body or major muscle groups clearly visible, photorealistic, 4K quality, no text, no watermarks, no logos"
"cmtjc71mn004e3iso3xbfopko","Alcance de brazo en equilibrio","Atleta Femenino 25s","Athletic woman in her mid 20s, dark hair in a high ponytail, wearing navy blue high-waisted leggings and white sports bra, toned physique, latina, performing Alcance de brazo en equilibrio exercise, no equipment, bodyweight only, controlled stretching, relaxed focused expression, full range of motion, yoga mat or floor, targeting piernas y hombros muscles, correct anatomical form and posture, modern clean gym environment, bright even studio lighting, professional fitness photography, sharp focus on subject, slightly blurred background, full body or major muscle groups clearly visible, photorealistic, 4K quality, no text, no watermarks, no logos"
"cmtjc71yd004i3isohtpf0j59","Sentadilla contra pared controlada","Atleta Femenino 25s","Athletic woman in her mid 20s, dark hair in a high ponytail, wearing navy blue high-waisted leggings and white sports bra, toned physique, latina, performing Sentadilla contra pared controlada exercise, no equipment, bodyweight only, controlled stretching, relaxed focused expression, full range of motion, yoga mat or floor, targeting piernas muscles, correct anatomical form and posture, modern clean gym environment, bright even studio lighting, professional fitness photography, sharp focus on subject, slightly blurred background, full body or major muscle groups clearly visible, photorealistic, 4K quality, no text, no watermarks, no logos"
"cmtjc72at004m3isoio7f34ly","Bear hold controlado","Atleta Femenino 25s","Athletic woman in her mid 20s, dark hair in a high ponytail, wearing navy blue high-waisted leggings and white sports bra, toned physique, latina, performing Bear hold controlado exercise, no equipment, bodyweight only, controlled stretching, relaxed focused expression, full range of motion, yoga mat or floor, targeting core muscles, correct anatomical form and posture, modern clean gym environment, bright even studio lighting, professional fitness photography, sharp focus on subject, slightly blurred background, full body or major muscle groups clearly visible, photorealistic, 4K quality, no text, no watermarks, no logos"
"cmtjc72n1004q3isochil6ihp","Zancada controlada","Atleta Femenino 25s","Athletic woman in her mid 20s, dark hair in a high ponytail, wearing navy blue high-waisted leggings and white sports bra, toned physique, latina, performing Zancada controlada exercise, no equipment, bodyweight only, controlled stretching, relaxed focused expression, full range of motion, yoga mat or floor, targeting piernas y cadera muscles, correct anatomical form and posture, modern clean gym environment, bright even studio lighting, professional fitness photography, sharp focus on subject, slightly blurred background, full body or major muscle groups clearly visible, photorealistic, 4K quality, no text, no watermarks, no logos"
"cmtjc72ym004u3iso3mphu06a","Marcha coordinada","Atleta Femenino 25s","Athletic woman in her mid 20s, dark hair in a high ponytail, wearing navy blue high-waisted leggings and white sports bra, toned physique, latina, performing Marcha coordinada exercise, no equipment, bodyweight only, controlled stretching, relaxed focused expression, full range of motion, yoga mat or floor, targeting piernas y core muscles, correct anatomical form and posture, modern clean gym environment, bright even studio lighting, professional fitness photography, sharp focus on subject, slightly blurred background, full body or major muscle groups clearly visible, photorealistic, 4K quality, no text, no watermarks, no logos"
"cmtjc739h004y3isoj4it4w7a","Toque de rodilla con mano opuesta","Atleta Femenino 25s","Athletic woman in her mid 20s, dark hair in a high ponytail, wearing navy blue high-waisted leggings and white sports bra, toned physique, latina, performing Toque de rodilla con mano opuesta exercise, no equipment, bodyweight only, controlled stretching, relaxed focused expression, full range of motion, yoga mat or floor, targeting core muscles, correct anatomical form and posture, modern clean gym environment, bright even studio lighting, professional fitness photography, sharp focus on subject, slightly blurred background, full body or major muscle groups clearly visible, photorealistic, 4K quality, no text, no watermarks, no logos"
"cmtjc73mn00523iso26x13buj","Paso lateral alternado","Atleta Femenino 25s","Athletic woman in her mid 20s, dark hair in a high ponytail, wearing navy blue high-waisted leggings and white sports bra, toned physique, latina, performing Paso lateral alternado exercise, no equipment, bodyweight only, controlled stretching, relaxed focused expression, full range of motion, yoga mat or floor, targeting piernas muscles, correct anatomical form and posture, modern clean gym environment, bright even studio lighting, professional fitness photography, sharp focus on subject, slightly blurred background, full body or major muscle groups clearly visible, photorealistic, 4K quality, no text, no watermarks, no logos"
"cmtjc73xl00563isoneuv21c1","Paso atrás con brazos coordinados","Atleta Femenino 25s","Athletic woman in her mid 20s, dark hair in a high ponytail, wearing navy blue high-waisted leggings and white sports bra, toned physique, latina, performing Paso atrás con brazos coordinados exercise, no equipment, bodyweight only, controlled stretching, relaxed focused expression, full range of motion, yoga mat or floor, targeting cuerpo completo muscles, correct anatomical form and posture, modern clean gym environment, bright even studio lighting, professional fitness photography, sharp focus on subject, slightly blurred background, full body or major muscle groups clearly visible, photorealistic, 4K quality, no text, no watermarks, no logos"
"cmtjc7488005a3iso8fkw5kqc","Rotación de columna sentado","Atleta Femenino 25s","Athletic woman in her mid 20s, dark hair in a high ponytail, wearing navy blue high-waisted leggings and white sports bra, toned physique, latina, performing Rotación de columna sentado exercise, no equipment, bodyweight only, controlled stretching, relaxed focused expression, full range of motion, yoga mat or floor, targeting columna muscles, correct anatomical form and posture, modern clean gym environment, bright even studio lighting, professional fitness photography, sharp focus on subject, slightly blurred background, full body or major muscle groups clearly visible, photorealistic, 4K quality, no text, no watermarks, no logos"
"cmtjc74m1005e3isonw1nj9jl","Círculos de cadera","Atleta Femenino 25s","Athletic woman in her mid 20s, dark hair in a high ponytail, wearing navy blue high-waisted leggings and white sports bra, toned physique, latina, performing Círculos de cadera exercise, no equipment, bodyweight only, controlled stretching, relaxed focused expression, full range of motion, yoga mat or floor, targeting cadera muscles, correct anatomical form and posture, modern clean gym environment, bright even studio lighting, professional fitness photography, sharp focus on subject, slightly blurred background, full body or major muscle groups clearly visible, photorealistic, 4K quality, no text, no watermarks, no logos"
"cmtjc74we005i3isoncsgswpd","Rotación completa de hombros","Atleta Femenino 25s","Athletic woman in her mid 20s, dark hair in a high ponytail, wearing navy blue high-waisted leggings and white sports bra, toned physique, latina, performing Rotación completa de hombros exercise, no equipment, bodyweight only, controlled stretching, relaxed focused expression, full range of motion, yoga mat or floor, targeting hombros muscles, correct anatomical form and posture, modern clean gym environment, bright even studio lighting, professional fitness photography, sharp focus on subject, slightly blurred background, full body or major muscle groups clearly visible, photorealistic, 4K quality, no text, no watermarks, no logos"
"cmtjc757d005m3isocqr08cqo","Balanceo de pierna","Atleta Femenino 25s","Athletic woman in her mid 20s, dark hair in a high ponytail, wearing navy blue high-waisted leggings and white sports bra, toned physique, latina, performing Balanceo de pierna exercise, no equipment, bodyweight only, controlled stretching, relaxed focused expression, full range of motion, yoga mat or floor, targeting cadera muscles, correct anatomical form and posture, modern clean gym environment, bright even studio lighting, professional fitness photography, sharp focus on subject, slightly blurred background, full body or major muscle groups clearly visible, photorealistic, 4K quality, no text, no watermarks, no logos"
"cmtjc75i4005q3isoumfn6s90","Apertura de cadera","Atleta Femenino 25s","Athletic woman in her mid 20s, dark hair in a high ponytail, wearing navy blue high-waisted leggings and white sports bra, toned physique, latina, performing Apertura de cadera exercise, no equipment, bodyweight only, controlled stretching, relaxed focused expression, full range of motion, yoga mat or floor, targeting cadera muscles, correct anatomical form and posture, modern clean gym environment, bright even studio lighting, professional fitness photography, sharp focus on subject, slightly blurred background, full body or major muscle groups clearly visible, photorealistic, 4K quality, no text, no watermarks, no logos"
"cmt1wcj5j00029yldxgx6v0dw","Press de banca declinado","Atleta Masculino 40s","Fit man in his early 40s, short beard and buzz cut, wearing black shirt and matching shorts, lean muscular build, athletic, performing Press de banca declinado exercise, holding olympic barbell with weight plates, heavy weightlifting, intense focused expression, gym equipment visible, powerful stance, targeting pecho muscles, correct anatomical form and posture, modern clean gym environment, bright even studio lighting, professional fitness photography, sharp focus on subject, slightly blurred background, full body or major muscle groups clearly visible, photorealistic, 4K quality, no text, no watermarks, no logos"
"cmt1wcjf000069yld70w99n67","Pull-over","Atleta Masculino 40s","Fit man in his early 40s, short beard and buzz cut, wearing black shirt and matching shorts, lean muscular build, athletic, performing Pull-over exercise, holding single dumbbell, heavy weightlifting, intense focused expression, gym equipment visible, powerful stance, targeting pecho muscles, correct anatomical form and posture, modern clean gym environment, bright even studio lighting, professional fitness photography, sharp focus on subject, slightly blurred background, full body or major muscle groups clearly visible, photorealistic, 4K quality, no text, no watermarks, no logos"
"cmt1wcjor000a9yldgzpjzjs6","Remo con mancuerna","Atleta Masculino 40s","Fit man in his early 40s, short beard and buzz cut, wearing black shirt and matching shorts, lean muscular build, athletic, performing Remo con mancuerna exercise, holding single dumbbell, heavy weightlifting, intense focused expression, gym equipment visible, powerful stance, targeting espalda muscles, correct anatomical form and posture, modern clean gym environment, bright even studio lighting, professional fitness photography, sharp focus on subject, slightly blurred background, full body or major muscle groups clearly visible, photorealistic, 4K quality, no text, no watermarks, no logos"
"cmt1wck2g000e9yld4xr43xd3","Press militar","Atleta Masculino 40s","Fit man in his early 40s, short beard and buzz cut, wearing black shirt and matching shorts, lean muscular build, athletic, performing Press militar exercise, holding olympic barbell with weight plates, heavy weightlifting, intense focused expression, gym equipment visible, powerful stance, targeting hombros muscles, correct anatomical form and posture, modern clean gym environment, bright even studio lighting, professional fitness photography, sharp focus on subject, slightly blurred background, full body or major muscle groups clearly visible, photorealistic, 4K quality, no text, no watermarks, no logos"
"cmt1wckc5000i9yldnlyofvjc","Pájaro","Atleta Masculino 40s","Fit man in his early 40s, short beard and buzz cut, wearing black shirt and matching shorts, lean muscular build, athletic, performing Pájaro exercise, holding dumbbells in each hand, heavy weightlifting, intense focused expression, gym equipment visible, powerful stance, targeting hombros muscles, correct anatomical form and posture, modern clean gym environment, bright even studio lighting, professional fitness photography, sharp focus on subject, slightly blurred background, full body or major muscle groups clearly visible, photorealistic, 4K quality, no text, no watermarks, no logos"
"cmt1wcklw000m9yldbrf2c6vc","Curl martillo","Atleta Masculino 40s","Fit man in his early 40s, short beard and buzz cut, wearing black shirt and matching shorts, lean muscular build, athletic, performing Curl martillo exercise, holding dumbbells in each hand, heavy weightlifting, intense focused expression, gym equipment visible, powerful stance, targeting bíceps muscles, correct anatomical form and posture, modern clean gym environment, bright even studio lighting, professional fitness photography, sharp focus on subject, slightly blurred background, full body or major muscle groups clearly visible, photorealistic, 4K quality, no text, no watermarks, no logos"
"cmt1wckwc000q9yldx9h39v95","Extensiones en polea","Atleta Masculino 40s","Fit man in his early 40s, short beard and buzz cut, wearing black shirt and matching shorts, lean muscular build, athletic, performing Extensiones en polea exercise, using cable machine with attachment, heavy weightlifting, intense focused expression, gym equipment visible, powerful stance, targeting tríceps muscles, correct anatomical form and posture, modern clean gym environment, bright even studio lighting, professional fitness photography, sharp focus on subject, slightly blurred background, full body or major muscle groups clearly visible, photorealistic, 4K quality, no text, no watermarks, no logos"
"cmt1wcl5x000u9yldgor2pof3","Sentadilla frontal","Atleta Masculino 40s","Fit man in his early 40s, short beard and buzz cut, wearing black shirt and matching shorts, lean muscular build, athletic, performing Sentadilla frontal exercise, holding olympic barbell with weight plates, heavy weightlifting, intense focused expression, gym equipment visible, powerful stance, targeting cuádriceps muscles, correct anatomical form and posture, modern clean gym environment, bright even studio lighting, professional fitness photography, sharp focus on subject, slightly blurred background, full body or major muscle groups clearly visible, photorealistic, 4K quality, no text, no watermarks, no logos"
"cmt1wclfh000y9yld4t5dr1qb","Peso muerto rumano","Atleta Masculino 40s","Fit man in his early 40s, short beard and buzz cut, wearing black shirt and matching shorts, lean muscular build, athletic, performing Peso muerto rumano exercise, holding olympic barbell with weight plates, heavy weightlifting, intense focused expression, gym equipment visible, powerful stance, targeting femoral muscles, correct anatomical form and posture, modern clean gym environment, bright even studio lighting, professional fitness photography, sharp focus on subject, slightly blurred background, full body or major muscle groups clearly visible, photorealistic, 4K quality, no text, no watermarks, no logos"
"cmt1wcloz00129yldv3q1q1xf","Crunch","Atleta Masculino 40s","Fit man in his early 40s, short beard and buzz cut, wearing black shirt and matching shorts, lean muscular build, athletic, performing Crunch exercise, no equipment, bodyweight only, heavy weightlifting, intense focused expression, gym equipment visible, powerful stance, targeting core muscles, correct anatomical form and posture, modern clean gym environment, bright even studio lighting, professional fitness photography, sharp focus on subject, slightly blurred background, full body or major muscle groups clearly visible, photorealistic, 4K quality, no text, no watermarks, no logos"
"cmt1wclyo00169yldmv5lfnfo","Carrera en cinta","Atleta Masculino 40s","Fit man in his early 40s, short beard and buzz cut, wearing black shirt and matching shorts, lean muscular build, athletic, performing Carrera en cinta exercise, running on treadmill, dynamic motion, mid-movement, sweat visible, energetic expression, cardio machine or open floor, targeting full body muscles, correct anatomical form and posture, modern clean gym environment, bright even studio lighting, professional fitness photography, sharp focus on subject, slightly blurred background, full body or major muscle groups clearly visible, photorealistic, 4K quality, no text, no watermarks, no logos"
"cmt1wcm82001a9yldy1j4aa85","Saltar la soga","Atleta Masculino 40s","Fit man in his early 40s, short beard and buzz cut, wearing black shirt and matching shorts, lean muscular build, athletic, performing Saltar la soga exercise, jumping rope, dynamic motion, mid-movement, sweat visible, energetic expression, cardio machine or open floor, targeting full body muscles, correct anatomical form and posture, modern clean gym environment, bright even studio lighting, professional fitness photography, sharp focus on subject, slightly blurred background, full body or major muscle groups clearly visible, photorealistic, 4K quality, no text, no watermarks, no logos"
"cmt1wcmhm001e9yldn2fa0wjp","Zancadas dinámicas","Atleta Masculino 40s","Fit man in his early 40s, short beard and buzz cut, wearing black shirt and matching shorts, lean muscular build, athletic, performing Zancadas dinámicas exercise, no equipment, bodyweight only, dynamic motion, mid-movement, sweat visible, energetic expression, cardio machine or open floor, targeting piernas muscles, correct anatomical form and posture, modern clean gym environment, bright even studio lighting, professional fitness photography, sharp focus on subject, slightly blurred background, full body or major muscle groups clearly visible, photorealistic, 4K quality, no text, no watermarks, no logos"
"cmt1wcmra001i9yldn17os8vx","Desplantes laterales","Atleta Masculino 40s","Fit man in his early 40s, short beard and buzz cut, wearing black shirt and matching shorts, lean muscular build, athletic, performing Desplantes laterales exercise, no equipment, bodyweight only, functional fitness movement, athletic stance, kettlebell or bodyweight, explosive power, targeting piernas muscles, correct anatomical form and posture, modern clean gym environment, bright even studio lighting, professional fitness photography, sharp focus on subject, slightly blurred background, full body or major muscle groups clearly visible, photorealistic, 4K quality, no text, no watermarks, no logos"
"cmt1wcn0r001m9yldl9y8g9pb","Wall ball","Atleta Masculino 40s","Fit man in his early 40s, short beard and buzz cut, wearing black shirt and matching shorts, lean muscular build, athletic, performing Wall ball exercise, holding medicine ball, functional fitness movement, athletic stance, kettlebell or bodyweight, explosive power, targeting full body muscles, correct anatomical form and posture, modern clean gym environment, bright even studio lighting, professional fitness photography, sharp focus on subject, slightly blurred background, full body or major muscle groups clearly visible, photorealistic, 4K quality, no text, no watermarks, no logos"
"cmt1wcnad001q9yldaimp74k0","Battle ropes","Atleta Masculino 40s","Fit man in his early 40s, short beard and buzz cut, wearing black shirt and matching shorts, lean muscular build, athletic, performing Battle ropes exercise, using battle ropes, functional fitness movement, athletic stance, kettlebell or bodyweight, explosive power, targeting full body muscles, correct anatomical form and posture, modern clean gym environment, bright even studio lighting, professional fitness photography, sharp focus on subject, slightly blurred background, full body or major muscle groups clearly visible, photorealistic, 4K quality, no text, no watermarks, no logos"
"cmt1wcnjr001u9yldkjwlnzy3","Foam rolling","Atleta Masculino 40s","Fit man in his early 40s, short beard and buzz cut, wearing black shirt and matching shorts, lean muscular build, athletic, performing Foam rolling exercise, using foam roller on muscle, controlled stretching, relaxed focused expression, full range of motion, yoga mat or floor, targeting full body muscles, correct anatomical form and posture, modern clean gym environment, bright even studio lighting, professional fitness photography, sharp focus on subject, slightly blurred background, full body or major muscle groups clearly visible, photorealistic, 4K quality, no text, no watermarks, no logos"
"cmt1wcnt7001y9yld7msfz378","90/90 stretch","Atleta Masculino 40s","Fit man in his early 40s, short beard and buzz cut, wearing black shirt and matching shorts, lean muscular build, athletic, performing 90/90 stretch exercise, no equipment, bodyweight only, controlled stretching, relaxed focused expression, full range of motion, yoga mat or floor, targeting cadera muscles, correct anatomical form and posture, modern clean gym environment, bright even studio lighting, professional fitness photography, sharp focus on subject, slightly blurred background, full body or major muscle groups clearly visible, photorealistic, 4K quality, no text, no watermarks, no logos"
"cmt1wco2r00229yld2dqauo9t","Estiramiento de hombros","Atleta Masculino 40s","Fit man in his early 40s, short beard and buzz cut, wearing black shirt and matching shorts, lean muscular build, athletic, performing Estiramiento de hombros exercise, no equipment, bodyweight only, deep stretch pose, calm breathing, elongated muscles, floor exercise, peaceful expression, targeting hombros muscles, correct anatomical form and posture, modern clean gym environment, bright even studio lighting, professional fitness photography, sharp focus on subject, slightly blurred background, full body or major muscle groups clearly visible, photorealistic, 4K quality, no text, no watermarks, no logos"
"cmt1wcoci00269yldf9jf6t70","Mariposa","Atleta Masculino 40s","Fit man in his early 40s, short beard and buzz cut, wearing black shirt and matching shorts, lean muscular build, athletic, performing Mariposa exercise, no equipment, bodyweight only, deep stretch pose, calm breathing, elongated muscles, floor exercise, peaceful expression, targeting cadera muscles, correct anatomical form and posture, modern clean gym environment, bright even studio lighting, professional fitness photography, sharp focus on subject, slightly blurred background, full body or major muscle groups clearly visible, photorealistic, 4K quality, no text, no watermarks, no logos"
"cmt1wcomy002a9yld97kknkyq","Salto con peso corporal","Atleta Masculino 40s","Fit man in his early 40s, short beard and buzz cut, wearing black shirt and matching shorts, lean muscular build, athletic, performing Salto con peso corporal exercise, no equipment, bodyweight only, explosive athletic movement, mid-air capture, maximum power output, dynamic freeze frame, targeting piernas muscles, correct anatomical form and posture, modern clean gym environment, bright even studio lighting, professional fitness photography, sharp focus on subject, slightly blurred background, full body or major muscle groups clearly visible, photorealistic, 4K quality, no text, no watermarks, no logos"
"cmt1wcowi002e9yld1dgud3wv","Tuck jump","Atleta Masculino 40s","Fit man in his early 40s, short beard and buzz cut, wearing black shirt and matching shorts, lean muscular build, athletic, performing Tuck jump exercise, no equipment, bodyweight only, explosive athletic movement, mid-air capture, maximum power output, dynamic freeze frame, targeting piernas muscles, correct anatomical form and posture, modern clean gym environment, bright even studio lighting, professional fitness photography, sharp focus on subject, slightly blurred background, full body or major muscle groups clearly visible, photorealistic, 4K quality, no text, no watermarks, no logos"
"cmt1wcp68002i9yldobwmzbmv","Plancha en bosu","Atleta Masculino 40s","Fit man in his early 40s, short beard and buzz cut, wearing black shirt and matching shorts, lean muscular build, athletic, performing Plancha en bosu exercise, standing on bosu ball for instability, stable balanced pose, core engaged, focused concentration, unstable surface or single leg, targeting core muscles, correct anatomical form and posture, modern clean gym environment, bright even studio lighting, professional fitness photography, sharp focus on subject, slightly blurred background, full body or major muscle groups clearly visible, photorealistic, 4K quality, no text, no watermarks, no logos"
"cmt1wcpg0002m9yldsqeklwsv","Plancha con fitball","Atleta Masculino 40s","Fit man in his early 40s, short beard and buzz cut, wearing black shirt and matching shorts, lean muscular build, athletic, performing Plancha con fitball exercise, using stability swiss ball, stable balanced pose, core engaged, focused concentration, unstable surface or single leg, targeting core muscles, correct anatomical form and posture, modern clean gym environment, bright even studio lighting, professional fitness photography, sharp focus on subject, slightly blurred background, full body or major muscle groups clearly visible, photorealistic, 4K quality, no text, no watermarks, no logos"
"cmt1wcpq6002q9yldbljoteaz","Peso muerto con palo","Atleta Masculino 40s","Fit man in his early 40s, short beard and buzz cut, wearing black shirt and matching shorts, lean muscular build, athletic, performing Peso muerto con palo exercise, using PVC pipe or wooden stick, practicing movement pattern, light weight or PVC pipe, instructional form, slow controlled, targeting espalda muscles, correct anatomical form and posture, modern clean gym environment, bright even studio lighting, professional fitness photography, sharp focus on subject, slightly blurred background, full body or major muscle groups clearly visible, photorealistic, 4K quality, no text, no watermarks, no logos"
"cmt1wcpzu002u9yldfppinmk7","Clean pull","Atleta Masculino 40s","Fit man in his early 40s, short beard and buzz cut, wearing black shirt and matching shorts, lean muscular build, athletic, performing Clean pull exercise, holding olympic barbell with weight plates, practicing movement pattern, light weight or PVC pipe, instructional form, slow controlled, targeting full body muscles, correct anatomical form and posture, modern clean gym environment, bright even studio lighting, professional fitness photography, sharp focus on subject, slightly blurred background, full body or major muscle groups clearly visible, photorealistic, 4K quality, no text, no watermarks, no logos"
"cmt1wcq9l002y9yldfify1h8o","Arm circles","Atleta Masculino 40s","Fit man in his early 40s, short beard and buzz cut, wearing black shirt and matching shorts, lean muscular build, athletic, performing Arm circles exercise, no equipment, bodyweight only, light dynamic movement, warming up body, gradual motion, preparing for exercise, targeting hombros muscles, correct anatomical form and posture, modern clean gym environment, bright even studio lighting, professional fitness photography, sharp focus on subject, slightly blurred background, full body or major muscle groups clearly visible, photorealistic, 4K quality, no text, no watermarks, no logos"
"cmt1wcqk100329yldl5zmyibn","Rotaciones de muñecas","Atleta Masculino 40s","Fit man in his early 40s, short beard and buzz cut, wearing black shirt and matching shorts, lean muscular build, athletic, performing Rotaciones de muñecas exercise, no equipment, bodyweight only, light dynamic movement, warming up body, gradual motion, preparing for exercise, targeting antebrazos muscles, correct anatomical form and posture, modern clean gym environment, bright even studio lighting, professional fitness photography, sharp focus on subject, slightly blurred background, full body or major muscle groups clearly visible, photorealistic, 4K quality, no text, no watermarks, no logos"
"cmt1wcqtw00369yldp5tfduvq","Caminata lenta","Atleta Masculino 40s","Fit man in his early 40s, short beard and buzz cut, wearing black shirt and matching shorts, lean muscular build, athletic, performing Caminata lenta exercise, no equipment, bodyweight only, recovery stretching, deep breathing, relaxed posture, post-workout calm, gentle movement, targeting full body muscles, correct anatomical form and posture, modern clean gym environment, bright even studio lighting, professional fitness photography, sharp focus on subject, slightly blurred background, full body or major muscle groups clearly visible, photorealistic, 4K quality, no text, no watermarks, no logos"
"cmt1wcra6003a9yld14hu7n46","Shavasana","Atleta Masculino 40s","Fit man in his early 40s, short beard and buzz cut, wearing black shirt and matching shorts, lean muscular build, athletic, performing Shavasana exercise, no equipment, bodyweight only, recovery stretching, deep breathing, relaxed posture, post-workout calm, gentle movement, targeting full body muscles, correct anatomical form and posture, modern clean gym environment, bright even studio lighting, professional fitness photography, sharp focus on subject, slightly blurred background, full body or major muscle groups clearly visible, photorealistic, 4K quality, no text, no watermarks, no logos"
"cmt1wcrjp003e9yldf7ffngzt","Respiración costal","Atleta Masculino 40s","Fit man in his early 40s, short beard and buzz cut, wearing black shirt and matching shorts, lean muscular build, athletic, performing Respiración costal exercise, no equipment, bodyweight only, rehabilitation exercise, controlled activation, mind-muscle connection, precise small movement, targeting core muscles, correct anatomical form and posture, modern clean gym environment, bright even studio lighting, professional fitness photography, sharp focus on subject, slightly blurred background, full body or major muscle groups clearly visible, photorealistic, 4K quality, no text, no watermarks, no logos"
"cmt33a1gz0000ypj1zvzo7zyt","Remo T-bar","Atleta Masculino 40s","Fit man in his early 40s, short beard and buzz cut, wearing black shirt and matching shorts, lean muscular build, athletic, performing Remo T-bar exercise, using barra t, heavy weightlifting, intense focused expression, gym equipment visible, powerful stance, targeting espalda muscles, correct anatomical form and posture, modern clean gym environment, bright even studio lighting, professional fitness photography, sharp focus on subject, slightly blurred background, full body or major muscle groups clearly visible, photorealistic, 4K quality, no text, no watermarks, no logos"
"cmt33a2450004ypj1yjjwdrh8","Dominadas commando","Atleta Masculino 40s","Fit man in his early 40s, short beard and buzz cut, wearing black shirt and matching shorts, lean muscular build, athletic, performing Dominadas commando exercise, holding olympic barbell with weight plates, heavy weightlifting, intense focused expression, gym equipment visible, powerful stance, targeting espalda muscles, correct anatomical form and posture, modern clean gym environment, bright even studio lighting, professional fitness photography, sharp focus on subject, slightly blurred background, full body or major muscle groups clearly visible, photorealistic, 4K quality, no text, no watermarks, no logos"
"cmt33a2eh0008ypj1gtdn0uqk","Elevación de piernas L-sit","Atleta Masculino 40s","Fit man in his early 40s, short beard and buzz cut, wearing black shirt and matching shorts, lean muscular build, athletic, performing Elevación de piernas L-sit exercise, using banco / paralelas, heavy weightlifting, intense focused expression, gym equipment visible, powerful stance, targeting core muscles, correct anatomical form and posture, modern clean gym environment, bright even studio lighting, professional fitness photography, sharp focus on subject, slightly blurred background, full body or major muscle groups clearly visible, photorealistic, 4K quality, no text, no watermarks, no logos"
"cmt33a2pm000cypj1bvmz79vb","Aperturas en máquina","Atleta Masculino 40s","Fit man in his early 40s, short beard and buzz cut, wearing black shirt and matching shorts, lean muscular build, athletic, performing Aperturas en máquina exercise, using máquina de aperturas, heavy weightlifting, intense focused expression, gym equipment visible, powerful stance, targeting pecho muscles, correct anatomical form and posture, modern clean gym environment, bright even studio lighting, professional fitness photography, sharp focus on subject, slightly blurred background, full body or major muscle groups clearly visible, photorealistic, 4K quality, no text, no watermarks, no logos"
"cmt33a30a000gypj1wzcubnes","Pájaro con banda","Atleta Masculino 40s","Fit man in his early 40s, short beard and buzz cut, wearing black shirt and matching shorts, lean muscular build, athletic, performing Pájaro con banda exercise, using banda elástica, heavy weightlifting, intense focused expression, gym equipment visible, powerful stance, targeting hombros muscles, correct anatomical form and posture, modern clean gym environment, bright even studio lighting, professional fitness photography, sharp focus on subject, slightly blurred background, full body or major muscle groups clearly visible, photorealistic, 4K quality, no text, no watermarks, no logos"
"cmt33a3d4000kypj173bls22i","Remo en TRX","Atleta Masculino 40s","Fit man in his early 40s, short beard and buzz cut, wearing black shirt and matching shorts, lean muscular build, athletic, performing Remo en TRX exercise, using TRX suspension straps, heavy weightlifting, intense focused expression, gym equipment visible, powerful stance, targeting espalda muscles, correct anatomical form and posture, modern clean gym environment, bright even studio lighting, professional fitness photography, sharp focus on subject, slightly blurred background, full body or major muscle groups clearly visible, photorealistic, 4K quality, no text, no watermarks, no logos"
"cmt33a3ox000oypj1ysjfho5y","Elevación de talón de pie","Atleta Masculino 40s","Fit man in his early 40s, short beard and buzz cut, wearing black shirt and matching shorts, lean muscular build, athletic, performing Elevación de talón de pie exercise, using mancuernas / peso corporal, heavy weightlifting, intense focused expression, gym equipment visible, powerful stance, targeting pantorrilla muscles, correct anatomical form and posture, modern clean gym environment, bright even studio lighting, professional fitness photography, sharp focus on subject, slightly blurred background, full body or major muscle groups clearly visible, photorealistic, 4K quality, no text, no watermarks, no logos"
"cmt33a3zp000sypj18d5ngals","Russian twist con balón","Atleta Masculino 40s","Fit man in his early 40s, short beard and buzz cut, wearing black shirt and matching shorts, lean muscular build, athletic, performing Russian twist con balón exercise, using balón medicinal, heavy weightlifting, intense focused expression, gym equipment visible, powerful stance, targeting core muscles, correct anatomical form and posture, modern clean gym environment, bright even studio lighting, professional fitness photography, sharp focus on subject, slightly blurred background, full body or major muscle groups clearly visible, photorealistic, 4K quality, no text, no watermarks, no logos"
"cmt33a4as000wypj164phwaz8","Aperturas en polea baja","Atleta Masculino 40s","Fit man in his early 40s, short beard and buzz cut, wearing black shirt and matching shorts, lean muscular build, athletic, performing Aperturas en polea baja exercise, using poleas bajas, heavy weightlifting, intense focused expression, gym equipment visible, powerful stance, targeting pecho muscles, correct anatomical form and posture, modern clean gym environment, bright even studio lighting, professional fitness photography, sharp focus on subject, slightly blurred background, full body or major muscle groups clearly visible, photorealistic, 4K quality, no text, no watermarks, no logos"
"cmt33a4l30010ypj14j0ipyay","Patada de tríceps unilateral","Atleta Masculino 40s","Fit man in his early 40s, short beard and buzz cut, wearing black shirt and matching shorts, lean muscular build, athletic, performing Patada de tríceps unilateral exercise, holding single dumbbell, heavy weightlifting, intense focused expression, gym equipment visible, powerful stance, targeting tríceps muscles, correct anatomical form and posture, modern clean gym environment, bright even studio lighting, professional fitness photography, sharp focus on subject, slightly blurred background, full body or major muscle groups clearly visible, photorealistic, 4K quality, no text, no watermarks, no logos"
"cmt33a4v90014ypj1yskioni8","Crunch con banda","Atleta Masculino 40s","Fit man in his early 40s, short beard and buzz cut, wearing black shirt and matching shorts, lean muscular build, athletic, performing Crunch con banda exercise, using banda elástica, heavy weightlifting, intense focused expression, gym equipment visible, powerful stance, targeting core muscles, correct anatomical form and posture, modern clean gym environment, bright even studio lighting, professional fitness photography, sharp focus on subject, slightly blurred background, full body or major muscle groups clearly visible, photorealistic, 4K quality, no text, no watermarks, no logos"
"cmt33a57q0018ypj1npspf4ni","Aperturas en banco inclinado","Atleta Masculino 40s","Fit man in his early 40s, short beard and buzz cut, wearing black shirt and matching shorts, lean muscular build, athletic, performing Aperturas en banco inclinado exercise, using mancuernas + banco inclinado, heavy weightlifting, intense focused expression, gym equipment visible, powerful stance, targeting pecho muscles, correct anatomical form and posture, modern clean gym environment, bright even studio lighting, professional fitness photography, sharp focus on subject, slightly blurred background, full body or major muscle groups clearly visible, photorealistic, 4K quality, no text, no watermarks, no logos"
"cmt33a5jo001cypj1eh7ktvjg","Remo con kettlebell","Atleta Masculino 40s","Fit man in his early 40s, short beard and buzz cut, wearing black shirt and matching shorts, lean muscular build, athletic, performing Remo con kettlebell exercise, holding kettlebell with both hands or one, heavy weightlifting, intense focused expression, gym equipment visible, powerful stance, targeting espalda muscles, correct anatomical form and posture, modern clean gym environment, bright even studio lighting, professional fitness photography, sharp focus on subject, slightly blurred background, full body or major muscle groups clearly visible, photorealistic, 4K quality, no text, no watermarks, no logos"
"cmt33a5w7001gypj162wsjv3k","Press de hombros en máquina","Atleta Masculino 40s","Fit man in his early 40s, short beard and buzz cut, wearing black shirt and matching shorts, lean muscular build, athletic, performing Press de hombros en máquina exercise, using máquina de press de hombros, heavy weightlifting, intense focused expression, gym equipment visible, powerful stance, targeting hombros muscles, correct anatomical form and posture, modern clean gym environment, bright even studio lighting, professional fitness photography, sharp focus on subject, slightly blurred background, full body or major muscle groups clearly visible, photorealistic, 4K quality, no text, no watermarks, no logos"
"cmt33a68w001kypj1w05s7167","Elevación de talón sentado","Atleta Masculino 40s","Fit man in his early 40s, short beard and buzz cut, wearing black shirt and matching shorts, lean muscular build, athletic, performing Elevación de talón sentado exercise, using máquina de pantorrilla sentado, heavy weightlifting, intense focused expression, gym equipment visible, powerful stance, targeting pantorrilla muscles, correct anatomical form and posture, modern clean gym environment, bright even studio lighting, professional fitness photography, sharp focus on subject, slightly blurred background, full body or major muscle groups clearly visible, photorealistic, 4K quality, no text, no watermarks, no logos"
"cmt33a6jz001oypj1s79jnxv4","Press landmine","Atleta Masculino 40s","Fit man in his early 40s, short beard and buzz cut, wearing black shirt and matching shorts, lean muscular build, athletic, performing Press landmine exercise, using landmine, heavy weightlifting, intense focused expression, gym equipment visible, powerful stance, targeting hombros muscles, correct anatomical form and posture, modern clean gym environment, bright even studio lighting, professional fitness photography, sharp focus on subject, slightly blurred background, full body or major muscle groups clearly visible, photorealistic, 4K quality, no text, no watermarks, no logos"
"cmt33a6up001sypj1lu02a4ce","Cruces bajos","Atleta Masculino 40s","Fit man in his early 40s, short beard and buzz cut, wearing black shirt and matching shorts, lean muscular build, athletic, performing Cruces bajos exercise, using poleas altas, heavy weightlifting, intense focused expression, gym equipment visible, powerful stance, targeting pecho muscles, correct anatomical form and posture, modern clean gym environment, bright even studio lighting, professional fitness photography, sharp focus on subject, slightly blurred background, full body or major muscle groups clearly visible, photorealistic, 4K quality, no text, no watermarks, no logos"
"cmt33a757001wypj11285ac98","Elevación lateral en máquina","Atleta Masculino 40s","Fit man in his early 40s, short beard and buzz cut, wearing black shirt and matching shorts, lean muscular build, athletic, performing Elevación lateral en máquina exercise, using máquina de elevación lateral, heavy weightlifting, intense focused expression, gym equipment visible, powerful stance, targeting hombros muscles, correct anatomical form and posture, modern clean gym environment, bright even studio lighting, professional fitness photography, sharp focus on subject, slightly blurred background, full body or major muscle groups clearly visible, photorealistic, 4K quality, no text, no watermarks, no logos"
"cmt33a7fp0020ypj18ru5emcm","Prensa con banda","Atleta Masculino 40s","Fit man in his early 40s, short beard and buzz cut, wearing black shirt and matching shorts, lean muscular build, athletic, performing Prensa con banda exercise, using banda elástica, heavy weightlifting, intense focused expression, gym equipment visible, powerful stance, targeting cuádriceps muscles, correct anatomical form and posture, modern clean gym environment, bright even studio lighting, professional fitness photography, sharp focus on subject, slightly blurred background, full body or major muscle groups clearly visible, photorealistic, 4K quality, no text, no watermarks, no logos"
"cmt33a7q40024ypj1pbo6q2s2","Elevación de piernas colgado","Atleta Masculino 40s","Fit man in his early 40s, short beard and buzz cut, wearing black shirt and matching shorts, lean muscular build, athletic, performing Elevación de piernas colgado exercise, using barra de dominadas, heavy weightlifting, intense focused expression, gym equipment visible, powerful stance, targeting core muscles, correct anatomical form and posture, modern clean gym environment, bright even studio lighting, professional fitness photography, sharp focus on subject, slightly blurred background, full body or major muscle groups clearly visible, photorealistic, 4K quality, no text, no watermarks, no logos"
"cmt33a8110028ypj1e6gg1e3g","Fondos con kettlebell","Atleta Masculino 40s","Fit man in his early 40s, short beard and buzz cut, wearing black shirt and matching shorts, lean muscular build, athletic, performing Fondos con kettlebell exercise, using kettlebell + paralelas, heavy weightlifting, intense focused expression, gym equipment visible, powerful stance, targeting tríceps / pecho muscles, correct anatomical form and posture, modern clean gym environment, bright even studio lighting, professional fitness photography, sharp focus on subject, slightly blurred background, full body or major muscle groups clearly visible, photorealistic, 4K quality, no text, no watermarks, no logos"
"cmt33a8bo002cypj1e7k1lvvj","Dominadas con peso","Atleta Masculino 40s","Fit man in his early 40s, short beard and buzz cut, wearing black shirt and matching shorts, lean muscular build, athletic, performing Dominadas con peso exercise, holding olympic barbell with weight plates, heavy weightlifting, intense focused expression, gym equipment visible, powerful stance, targeting espalda muscles, correct anatomical form and posture, modern clean gym environment, bright even studio lighting, professional fitness photography, sharp focus on subject, slightly blurred background, full body or major muscle groups clearly visible, photorealistic, 4K quality, no text, no watermarks, no logos"
"cmt33a8m5002gypj13r6dsja7","Curl con banda","Atleta Masculino 40s","Fit man in his early 40s, short beard and buzz cut, wearing black shirt and matching shorts, lean muscular build, athletic, performing Curl con banda exercise, using banda elástica, heavy weightlifting, intense focused expression, gym equipment visible, powerful stance, targeting bíceps muscles, correct anatomical form and posture, modern clean gym environment, bright even studio lighting, professional fitness photography, sharp focus on subject, slightly blurred background, full body or major muscle groups clearly visible, photorealistic, 4K quality, no text, no watermarks, no logos"
"cmt33a8wi002kypj1isofkri8","Prensa unilateral","Atleta Masculino 40s","Fit man in his early 40s, short beard and buzz cut, wearing black shirt and matching shorts, lean muscular build, athletic, performing Prensa unilateral exercise, using máquina de prensa, heavy weightlifting, intense focused expression, gym equipment visible, powerful stance, targeting cuádriceps muscles, correct anatomical form and posture, modern clean gym environment, bright even studio lighting, professional fitness photography, sharp focus on subject, slightly blurred background, full body or major muscle groups clearly visible, photorealistic, 4K quality, no text, no watermarks, no logos"
"cmt33a96z002oypj1l6lcn1b5","Peso muerto rack pull","Atleta Masculino 40s","Fit man in his early 40s, short beard and buzz cut, wearing black shirt and matching shorts, lean muscular build, athletic, performing Peso muerto rack pull exercise, using barra + rack, heavy weightlifting, intense focused expression, gym equipment visible, powerful stance, targeting espalda / piernas muscles, correct anatomical form and posture, modern clean gym environment, bright even studio lighting, professional fitness photography, sharp focus on subject, slightly blurred background, full body or major muscle groups clearly visible, photorealistic, 4K quality, no text, no watermarks, no logos"
"cmt33a9h6002sypj1fv6x2jd6","Remo pendlay","Atleta Masculino 40s","Fit man in his early 40s, short beard and buzz cut, wearing black shirt and matching shorts, lean muscular build, athletic, performing Remo pendlay exercise, holding olympic barbell with weight plates, heavy weightlifting, intense focused expression, gym equipment visible, powerful stance, targeting espalda muscles, correct anatomical form and posture, modern clean gym environment, bright even studio lighting, professional fitness photography, sharp focus on subject, slightly blurred background, full body or major muscle groups clearly visible, photorealistic, 4K quality, no text, no watermarks, no logos"
"cmt33a9rs002wypj12zvhmfe8","Elevación lateral con banda","Atleta Masculino 40s","Fit man in his early 40s, short beard and buzz cut, wearing black shirt and matching shorts, lean muscular build, athletic, performing Elevación lateral con banda exercise, using banda elástica, heavy weightlifting, intense focused expression, gym equipment visible, powerful stance, targeting hombros muscles, correct anatomical form and posture, modern clean gym environment, bright even studio lighting, professional fitness photography, sharp focus on subject, slightly blurred background, full body or major muscle groups clearly visible, photorealistic, 4K quality, no text, no watermarks, no logos"
"cmt33aa330030ypj1tmbxy5lp","Extensión de cuádriceps sissy","Atleta Masculino 40s","Fit man in his early 40s, short beard and buzz cut, wearing black shirt and matching shorts, lean muscular build, athletic, performing Extensión de cuádriceps sissy exercise, using peso corporal + soporte, heavy weightlifting, intense focused expression, gym equipment visible, powerful stance, targeting cuádriceps muscles, correct anatomical form and posture, modern clean gym environment, bright even studio lighting, professional fitness photography, sharp focus on subject, slightly blurred background, full body or major muscle groups clearly visible, photorealistic, 4K quality, no text, no watermarks, no logos"
"cmt33aadp0034ypj1sri0i82g","Patada de glúteo en el lugar","Atleta Masculino 40s","Fit man in his early 40s, short beard and buzz cut, wearing black shirt and matching shorts, lean muscular build, athletic, performing Patada de glúteo en el lugar exercise, no equipment, bodyweight only, dynamic motion, mid-movement, sweat visible, energetic expression, cardio machine or open floor, targeting piernas muscles, correct anatomical form and posture, modern clean gym environment, bright even studio lighting, professional fitness photography, sharp focus on subject, slightly blurred background, full body or major muscle groups clearly visible, photorealistic, 4K quality, no text, no watermarks, no logos"
"cmt33aanw0038ypj13ms3jo8y","Soga doble unders","Atleta Masculino 40s","Fit man in his early 40s, short beard and buzz cut, wearing black shirt and matching shorts, lean muscular build, athletic, performing Soga doble unders exercise, jumping rope, dynamic motion, mid-movement, sweat visible, energetic expression, cardio machine or open floor, targeting piernas muscles, correct anatomical form and posture, modern clean gym environment, bright even studio lighting, professional fitness photography, sharp focus on subject, slightly blurred background, full body or major muscle groups clearly visible, photorealistic, 4K quality, no text, no watermarks, no logos"
"cmt33aayc003cypj155vaags0","Jumping jack con banda","Atleta Masculino 40s","Fit man in his early 40s, short beard and buzz cut, wearing black shirt and matching shorts, lean muscular build, athletic, performing Jumping jack con banda exercise, using resistance band for tension, dynamic motion, mid-movement, sweat visible, energetic expression, cardio machine or open floor, targeting piernas muscles, correct anatomical form and posture, modern clean gym environment, bright even studio lighting, professional fitness photography, sharp focus on subject, slightly blurred background, full body or major muscle groups clearly visible, photorealistic, 4K quality, no text, no watermarks, no logos"
"cmt33ab8v003gypj1bxao8bpn","Step up con salto","Atleta Masculino 40s","Fit man in his early 40s, short beard and buzz cut, wearing black shirt and matching shorts, lean muscular build, athletic, performing Step up con salto exercise, using weight bench for support, dynamic motion, mid-movement, sweat visible, energetic expression, cardio machine or open floor, targeting piernas muscles, correct anatomical form and posture, modern clean gym environment, bright even studio lighting, professional fitness photography, sharp focus on subject, slightly blurred background, full body or major muscle groups clearly visible, photorealistic, 4K quality, no text, no watermarks, no logos"
"cmt33abk4003kypj1ao0ijwaj","Bicicleta recumbente","Atleta Masculino 40s","Fit man in his early 40s, short beard and buzz cut, wearing black shirt and matching shorts, lean muscular build, athletic, performing Bicicleta recumbente exercise, riding stationary bike, dynamic motion, mid-movement, sweat visible, energetic expression, cardio machine or open floor, targeting piernas muscles, correct anatomical form and posture, modern clean gym environment, bright even studio lighting, professional fitness photography, sharp focus on subject, slightly blurred background, full body or major muscle groups clearly visible, photorealistic, 4K quality, no text, no watermarks, no logos"
"cmt33abwf003oypj1sgxg3ui9","Crawl hacia atrás","Atleta Masculino 40s","Fit man in his early 40s, short beard and buzz cut, wearing black shirt and matching shorts, lean muscular build, athletic, performing Crawl hacia atrás exercise, no equipment, bodyweight only, dynamic motion, mid-movement, sweat visible, energetic expression, cardio machine or open floor, targeting full body muscles, correct anatomical form and posture, modern clean gym environment, bright even studio lighting, professional fitness photography, sharp focus on subject, slightly blurred background, full body or major muscle groups clearly visible, photorealistic, 4K quality, no text, no watermarks, no logos"
"cmt33ac71003sypj1kf7ks6qh","Caminata inclinada en cinta","Atleta Masculino 40s","Fit man in his early 40s, short beard and buzz cut, wearing black shirt and matching shorts, lean muscular build, athletic, performing Caminata inclinada en cinta exercise, using cinta de correr, dynamic motion, mid-movement, sweat visible, energetic expression, cardio machine or open floor, targeting piernas muscles, correct anatomical form and posture, modern clean gym environment, bright even studio lighting, professional fitness photography, sharp focus on subject, slightly blurred background, full body or major muscle groups clearly visible, photorealistic, 4K quality, no text, no watermarks, no logos"
"cmt33aci4003wypj1v427pho0","Burpees con salto al cajón","Atleta Masculino 40s","Fit man in his early 40s, short beard and buzz cut, wearing black shirt and matching shorts, lean muscular build, athletic, performing Burpees con salto al cajón exercise, using cajón pliométrico, dynamic motion, mid-movement, sweat visible, energetic expression, cardio machine or open floor, targeting piernas muscles, correct anatomical form and posture, modern clean gym environment, bright even studio lighting, professional fitness photography, sharp focus on subject, slightly blurred background, full body or major muscle groups clearly visible, photorealistic, 4K quality, no text, no watermarks, no logos"
"cmt33act00040ypj1heoqehtg","Step up rápido","Atleta Masculino 40s","Fit man in his early 40s, short beard and buzz cut, wearing black shirt and matching shorts, lean muscular build, athletic, performing Step up rápido exercise, using banco o step, dynamic motion, mid-movement, sweat visible, energetic expression, cardio machine or open floor, targeting piernas muscles, correct anatomical form and posture, modern clean gym environment, bright even studio lighting, professional fitness photography, sharp focus on subject, slightly blurred background, full body or major muscle groups clearly visible, photorealistic, 4K quality, no text, no watermarks, no logos"
"cmt33ad4r0044ypj1q3eokeos","Escalador de montaña","Atleta Masculino 40s","Fit man in his early 40s, short beard and buzz cut, wearing black shirt and matching shorts, lean muscular build, athletic, performing Escalador de montaña exercise, using máquina escaladora, dynamic motion, mid-movement, sweat visible, energetic expression, cardio machine or open floor, targeting full body muscles, correct anatomical form and posture, modern clean gym environment, bright even studio lighting, professional fitness photography, sharp focus on subject, slightly blurred background, full body or major muscle groups clearly visible, photorealistic, 4K quality, no text, no watermarks, no logos"
"cmt33adgh0048ypj1edvwoikv","Farmer carry con giro","Atleta Masculino 40s","Fit man in his early 40s, short beard and buzz cut, wearing black shirt and matching shorts, lean muscular build, athletic, performing Farmer carry con giro exercise, using mancuernas o kettlebells, functional fitness movement, athletic stance, kettlebell or bodyweight, explosive power, targeting core muscles, correct anatomical form and posture, modern clean gym environment, bright even studio lighting, professional fitness photography, sharp focus on subject, slightly blurred background, full body or major muscle groups clearly visible, photorealistic, 4K quality, no text, no watermarks, no logos"
"cmt33aduo004cypj13g4qbj8v","Snatch con kettlebell","Atleta Masculino 40s","Fit man in his early 40s, short beard and buzz cut, wearing black shirt and matching shorts, lean muscular build, athletic, performing Snatch con kettlebell exercise, holding kettlebell with both hands or one, functional fitness movement, athletic stance, kettlebell or bodyweight, explosive power, targeting full body muscles, correct anatomical form and posture, modern clean gym environment, bright even studio lighting, professional fitness photography, sharp focus on subject, slightly blurred background, full body or major muscle groups clearly visible, photorealistic, 4K quality, no text, no watermarks, no logos"
"cmt33ae6n004gypj198aert9o","Farmer suitcase carry","Atleta Masculino 40s","Fit man in his early 40s, short beard and buzz cut, wearing black shirt and matching shorts, lean muscular build, athletic, performing Farmer suitcase carry exercise, using mancuerna o kettlebell, functional fitness movement, athletic stance, kettlebell or bodyweight, explosive power, targeting core muscles, correct anatomical form and posture, modern clean gym environment, bright even studio lighting, professional fitness photography, sharp focus on subject, slightly blurred background, full body or major muscle groups clearly visible, photorealistic, 4K quality, no text, no watermarks, no logos"
"cmt33aejb004kypj17ldnzjop","Snatch con mancuernas","Atleta Masculino 40s","Fit man in his early 40s, short beard and buzz cut, wearing black shirt and matching shorts, lean muscular build, athletic, performing Snatch con mancuernas exercise, holding dumbbells in each hand, functional fitness movement, athletic stance, kettlebell or bodyweight, explosive power, targeting full body muscles, correct anatomical form and posture, modern clean gym environment, bright even studio lighting, professional fitness photography, sharp focus on subject, slightly blurred background, full body or major muscle groups clearly visible, photorealistic, 4K quality, no text, no watermarks, no logos"
"cmt33aew1004oypj140nwn622","Wall ball con giro","Atleta Masculino 40s","Fit man in his early 40s, short beard and buzz cut, wearing black shirt and matching shorts, lean muscular build, athletic, performing Wall ball con giro exercise, using balón medicinal, functional fitness movement, athletic stance, kettlebell or bodyweight, explosive power, targeting core muscles, correct anatomical form and posture, modern clean gym environment, bright even studio lighting, professional fitness photography, sharp focus on subject, slightly blurred background, full body or major muscle groups clearly visible, photorealistic, 4K quality, no text, no watermarks, no logos"
"cmt33af7z004sypj17rz012je","Bear crawl con arrastre","Atleta Masculino 40s","Fit man in his early 40s, short beard and buzz cut, wearing black shirt and matching shorts, lean muscular build, athletic, performing Bear crawl con arrastre exercise, no equipment, bodyweight only, functional fitness movement, athletic stance, kettlebell or bodyweight, explosive power, targeting full body muscles, correct anatomical form and posture, modern clean gym environment, bright even studio lighting, professional fitness photography, sharp focus on subject, slightly blurred background, full body or major muscle groups clearly visible, photorealistic, 4K quality, no text, no watermarks, no logos"
"cmt33afic004wypj1xatx6j5f","Bird dog con banda","Atleta Masculino 40s","Fit man in his early 40s, short beard and buzz cut, wearing black shirt and matching shorts, lean muscular build, athletic, performing Bird dog con banda exercise, using banda elástica, functional fitness movement, athletic stance, kettlebell or bodyweight, explosive power, targeting core muscles, correct anatomical form and posture, modern clean gym environment, bright even studio lighting, professional fitness photography, sharp focus on subject, slightly blurred background, full body or major muscle groups clearly visible, photorealistic, 4K quality, no text, no watermarks, no logos"
"cmt33afxj0050ypj1d92qbzta","Turkish squat con kettlebell","Atleta Masculino 40s","Fit man in his early 40s, short beard and buzz cut, wearing black shirt and matching shorts, lean muscular build, athletic, performing Turkish squat con kettlebell exercise, holding kettlebell with both hands or one, functional fitness movement, athletic stance, kettlebell or bodyweight, explosive power, targeting piernas muscles, correct anatomical form and posture, modern clean gym environment, bright even studio lighting, professional fitness photography, sharp focus on subject, slightly blurred background, full body or major muscle groups clearly visible, photorealistic, 4K quality, no text, no watermarks, no logos"
"cmt33ag920054ypj1ifsxsluc","Sandbag press","Atleta Masculino 40s","Fit man in his early 40s, short beard and buzz cut, wearing black shirt and matching shorts, lean muscular build, athletic, performing Sandbag press exercise, carrying sandbag, functional fitness movement, athletic stance, kettlebell or bodyweight, explosive power, targeting hombros muscles, correct anatomical form and posture, modern clean gym environment, bright even studio lighting, professional fitness photography, sharp focus on subject, slightly blurred background, full body or major muscle groups clearly visible, photorealistic, 4K quality, no text, no watermarks, no logos"
"cmt33agkb0058ypj1vilfphj7","Thruster con sandbag","Atleta Masculino 40s","Fit man in his early 40s, short beard and buzz cut, wearing black shirt and matching shorts, lean muscular build, athletic, performing Thruster con sandbag exercise, carrying sandbag, functional fitness movement, athletic stance, kettlebell or bodyweight, explosive power, targeting full body muscles, correct anatomical form and posture, modern clean gym environment, bright even studio lighting, professional fitness photography, sharp focus on subject, slightly blurred background, full body or major muscle groups clearly visible, photorealistic, 4K quality, no text, no watermarks, no logos"
"cmt33agup005cypj1dlt1g01t","Kettlebell around the world","Atleta Masculino 40s","Fit man in his early 40s, short beard and buzz cut, wearing black shirt and matching shorts, lean muscular build, athletic, performing Kettlebell around the world exercise, holding kettlebell with both hands or one, functional fitness movement, athletic stance, kettlebell or bodyweight, explosive power, targeting core muscles, correct anatomical form and posture, modern clean gym environment, bright even studio lighting, professional fitness photography, sharp focus on subject, slightly blurred background, full body or major muscle groups clearly visible, photorealistic, 4K quality, no text, no watermarks, no logos"
"cmt33ah5b005gypj1yf5t41ao","Snatch con sandbag","Atleta Masculino 40s","Fit man in his early 40s, short beard and buzz cut, wearing black shirt and matching shorts, lean muscular build, athletic, performing Snatch con sandbag exercise, carrying sandbag, functional fitness movement, athletic stance, kettlebell or bodyweight, explosive power, targeting full body muscles, correct anatomical form and posture, modern clean gym environment, bright even studio lighting, professional fitness photography, sharp focus on subject, slightly blurred background, full body or major muscle groups clearly visible, photorealistic, 4K quality, no text, no watermarks, no logos"
"cmt33ahh1005kypj119a2m6mt","T-spine mobility en foam roller","Atleta Masculino 40s","Fit man in his early 40s, short beard and buzz cut, wearing black shirt and matching shorts, lean muscular build, athletic, performing T-spine mobility en foam roller exercise, using foam roller on muscle, controlled stretching, relaxed focused expression, full range of motion, yoga mat or floor, targeting espalda muscles, correct anatomical form and posture, modern clean gym environment, bright even studio lighting, professional fitness photography, sharp focus on subject, slightly blurred background, full body or major muscle groups clearly visible, photorealistic, 4K quality, no text, no watermarks, no logos"
"cmt33ahrj005oypj1d7w76nux","Psoas stretch en banco","Atleta Masculino 40s","Fit man in his early 40s, short beard and buzz cut, wearing black shirt and matching shorts, lean muscular build, athletic, performing Psoas stretch en banco exercise, using weight bench for support, controlled stretching, relaxed focused expression, full range of motion, yoga mat or floor, targeting cadera muscles, correct anatomical form and posture, modern clean gym environment, bright even studio lighting, professional fitness photography, sharp focus on subject, slightly blurred background, full body or major muscle groups clearly visible, photorealistic, 4K quality, no text, no watermarks, no logos"
"cmt33ai2g005sypj1hups44q0","Psoas stretch con banda","Atleta Masculino 40s","Fit man in his early 40s, short beard and buzz cut, wearing black shirt and matching shorts, lean muscular build, athletic, performing Psoas stretch con banda exercise, using banda elástica, controlled stretching, relaxed focused expression, full range of motion, yoga mat or floor, targeting cadera muscles, correct anatomical form and posture, modern clean gym environment, bright even studio lighting, professional fitness photography, sharp focus on subject, slightly blurred background, full body or major muscle groups clearly visible, photorealistic, 4K quality, no text, no watermarks, no logos"
"cmt33aidn005wypj1dn9kb670","Neck rotation","Atleta Masculino 40s","Fit man in his early 40s, short beard and buzz cut, wearing black shirt and matching shorts, lean muscular build, athletic, performing Neck rotation exercise, no equipment, bodyweight only, controlled stretching, relaxed focused expression, full range of motion, yoga mat or floor, targeting cuello muscles, correct anatomical form and posture, modern clean gym environment, bright even studio lighting, professional fitness photography, sharp focus on subject, slightly blurred background, full body or major muscle groups clearly visible, photorealistic, 4K quality, no text, no watermarks, no logos"
"cmt33aiok0060ypj1hdsplkoa","Rotación de muñeca","Atleta Masculino 40s","Fit man in his early 40s, short beard and buzz cut, wearing black shirt and matching shorts, lean muscular build, athletic, performing Rotación de muñeca exercise, no equipment, bodyweight only, controlled stretching, relaxed focused expression, full range of motion, yoga mat or floor, targeting muñecas muscles, correct anatomical form and posture, modern clean gym environment, bright even studio lighting, professional fitness photography, sharp focus on subject, slightly blurred background, full body or major muscle groups clearly visible, photorealistic, 4K quality, no text, no watermarks, no logos"
"cmt33aiyv0064ypj1ofu9sep7","Puente con rotación","Atleta Masculino 40s","Fit man in his early 40s, short beard and buzz cut, wearing black shirt and matching shorts, lean muscular build, athletic, performing Puente con rotación exercise, no equipment, bodyweight only, controlled stretching, relaxed focused expression, full range of motion, yoga mat or floor, targeting core muscles, correct anatomical form and posture, modern clean gym environment, bright even studio lighting, professional fitness photography, sharp focus on subject, slightly blurred background, full body or major muscle groups clearly visible, photorealistic, 4K quality, no text, no watermarks, no logos"
"cmt33aj9c0068ypj1ut7uamrd","Hip CARs","Atleta Masculino 40s","Fit man in his early 40s, short beard and buzz cut, wearing black shirt and matching shorts, lean muscular build, athletic, performing Hip CARs exercise, no equipment, bodyweight only, controlled stretching, relaxed focused expression, full range of motion, yoga mat or floor, targeting cadera muscles, correct anatomical form and posture, modern clean gym environment, bright even studio lighting, professional fitness photography, sharp focus on subject, slightly blurred background, full body or major muscle groups clearly visible, photorealistic, 4K quality, no text, no watermarks, no logos"
"cmt33ajkl006cypj1sluanqol","Wrist mobility circles","Atleta Masculino 40s","Fit man in his early 40s, short beard and buzz cut, wearing black shirt and matching shorts, lean muscular build, athletic, performing Wrist mobility circles exercise, no equipment, bodyweight only, controlled stretching, relaxed focused expression, full range of motion, yoga mat or floor, targeting muñecas muscles, correct anatomical form and posture, modern clean gym environment, bright even studio lighting, professional fitness photography, sharp focus on subject, slightly blurred background, full body or major muscle groups clearly visible, photorealistic, 4K quality, no text, no watermarks, no logos"
"cmt33ajvf006gypj1wjbyto1p","Postura del loto","Atleta Masculino 40s","Fit man in his early 40s, short beard and buzz cut, wearing black shirt and matching shorts, lean muscular build, athletic, performing Postura del loto exercise, no equipment, bodyweight only, deep stretch pose, calm breathing, elongated muscles, floor exercise, peaceful expression, targeting cadera muscles, correct anatomical form and posture, modern clean gym environment, bright even studio lighting, professional fitness photography, sharp focus on subject, slightly blurred background, full body or major muscle groups clearly visible, photorealistic, 4K quality, no text, no watermarks, no logos"
"cmt33ak99006kypj19coi2nve","Estiramiento activo de espalda","Atleta Masculino 40s","Fit man in his early 40s, short beard and buzz cut, wearing black shirt and matching shorts, lean muscular build, athletic, performing Estiramiento activo de espalda exercise, no equipment, bodyweight only, deep stretch pose, calm breathing, elongated muscles, floor exercise, peaceful expression, targeting espalda muscles, correct anatomical form and posture, modern clean gym environment, bright even studio lighting, professional fitness photography, sharp focus on subject, slightly blurred background, full body or major muscle groups clearly visible, photorealistic, 4K quality, no text, no watermarks, no logos"
"cmt33akkb006oypj1kuzq3uql","Fascial stretch de fascia lateral","Atleta Masculino 40s","Fit man in his early 40s, short beard and buzz cut, wearing black shirt and matching shorts, lean muscular build, athletic, performing Fascial stretch de fascia lateral exercise, no equipment, bodyweight only, deep stretch pose, calm breathing, elongated muscles, floor exercise, peaceful expression, targeting cadera muscles, correct anatomical form and posture, modern clean gym environment, bright even studio lighting, professional fitness photography, sharp focus on subject, slightly blurred background, full body or major muscle groups clearly visible, photorealistic, 4K quality, no text, no watermarks, no logos"
"cmt33akvn006sypj1np2uk4gk","Estiramiento PNF de hombros","Atleta Masculino 40s","Fit man in his early 40s, short beard and buzz cut, wearing black shirt and matching shorts, lean muscular build, athletic, performing Estiramiento PNF de hombros exercise, no equipment, bodyweight only, deep stretch pose, calm breathing, elongated muscles, floor exercise, peaceful expression, targeting hombros muscles, correct anatomical form and posture, modern clean gym environment, bright even studio lighting, professional fitness photography, sharp focus on subject, slightly blurred background, full body or major muscle groups clearly visible, photorealistic, 4K quality, no text, no watermarks, no logos"
"cmt33al6g006wypj11e9uxcb9","Stretch de adductor lateral","Atleta Masculino 40s","Fit man in his early 40s, short beard and buzz cut, wearing black shirt and matching shorts, lean muscular build, athletic, performing Stretch de adductor lateral exercise, no equipment, bodyweight only, deep stretch pose, calm breathing, elongated muscles, floor exercise, peaceful expression, targeting piernas muscles, correct anatomical form and posture, modern clean gym environment, bright even studio lighting, professional fitness photography, sharp focus on subject, slightly blurred background, full body or major muscle groups clearly visible, photorealistic, 4K quality, no text, no watermarks, no logos"
"cmt33alh80070ypj1j4xlcsfb","Pilates single leg stretch","Atleta Masculino 40s","Fit man in his early 40s, short beard and buzz cut, wearing black shirt and matching shorts, lean muscular build, athletic, performing Pilates single leg stretch exercise, no equipment, bodyweight only, deep stretch pose, calm breathing, elongated muscles, floor exercise, peaceful expression, targeting core muscles, correct anatomical form and posture, modern clean gym environment, bright even studio lighting, professional fitness photography, sharp focus on subject, slightly blurred background, full body or major muscle groups clearly visible, photorealistic, 4K quality, no text, no watermarks, no logos"
"cmt33alrd0074ypj1ya1m1pi1","Relajación progresiva de espalda","Atleta Masculino 40s","Fit man in his early 40s, short beard and buzz cut, wearing black shirt and matching shorts, lean muscular build, athletic, performing Relajación progresiva de espalda exercise, no equipment, bodyweight only, deep stretch pose, calm breathing, elongated muscles, floor exercise, peaceful expression, targeting espalda muscles, correct anatomical form and posture, modern clean gym environment, bright even studio lighting, professional fitness photography, sharp focus on subject, slightly blurred background, full body or major muscle groups clearly visible, photorealistic, 4K quality, no text, no watermarks, no logos"
"cmt33am1s0078ypj1ra5zswqi","Postura del perro","Atleta Masculino 40s","Fit man in his early 40s, short beard and buzz cut, wearing black shirt and matching shorts, lean muscular build, athletic, performing Postura del perro exercise, no equipment, bodyweight only, deep stretch pose, calm breathing, elongated muscles, floor exercise, peaceful expression, targeting espalda muscles, correct anatomical form and posture, modern clean gym environment, bright even studio lighting, professional fitness photography, sharp focus on subject, slightly blurred background, full body or major muscle groups clearly visible, photorealistic, 4K quality, no text, no watermarks, no logos"
"cmt33amc5007cypj1h31uziz7","Relajación progresiva de brazos","Atleta Masculino 40s","Fit man in his early 40s, short beard and buzz cut, wearing black shirt and matching shorts, lean muscular build, athletic, performing Relajación progresiva de brazos exercise, no equipment, bodyweight only, deep stretch pose, calm breathing, elongated muscles, floor exercise, peaceful expression, targeting brazos muscles, correct anatomical form and posture, modern clean gym environment, bright even studio lighting, professional fitness photography, sharp focus on subject, slightly blurred background, full body or major muscle groups clearly visible, photorealistic, 4K quality, no text, no watermarks, no logos"
"cmt33ammg007gypj1u9hd7o9q","Stretch de adductor sentado","Atleta Masculino 40s","Fit man in his early 40s, short beard and buzz cut, wearing black shirt and matching shorts, lean muscular build, athletic, performing Stretch de adductor sentado exercise, no equipment, bodyweight only, deep stretch pose, calm breathing, elongated muscles, floor exercise, peaceful expression, targeting piernas muscles, correct anatomical form and posture, modern clean gym environment, bright even studio lighting, professional fitness photography, sharp focus on subject, slightly blurred background, full body or major muscle groups clearly visible, photorealistic, 4K quality, no text, no watermarks, no logos"
"cmt33amwy007kypj1ap8n53mq","Hurdle hop a una pierna","Atleta Masculino 40s","Fit man in his early 40s, short beard and buzz cut, wearing black shirt and matching shorts, lean muscular build, athletic, performing Hurdle hop a una pierna exercise, using vallas o conos, explosive athletic movement, mid-air capture, maximum power output, dynamic freeze frame, targeting piernas muscles, correct anatomical form and posture, modern clean gym environment, bright even studio lighting, professional fitness photography, sharp focus on subject, slightly blurred background, full body or major muscle groups clearly visible, photorealistic, 4K quality, no text, no watermarks, no logos"
"cmt33an84007oypj1xvfrf9v4","Medicine ball rotational throw","Atleta Masculino 40s","Fit man in his early 40s, short beard and buzz cut, wearing black shirt and matching shorts, lean muscular build, athletic, performing Medicine ball rotational throw exercise, using balón medicinal, explosive athletic movement, mid-air capture, maximum power output, dynamic freeze frame, targeting core muscles, correct anatomical form and posture, modern clean gym environment, bright even studio lighting, professional fitness photography, sharp focus on subject, slightly blurred background, full body or major muscle groups clearly visible, photorealistic, 4K quality, no text, no watermarks, no logos"
"cmt33anke007sypj10ambec50","Salto al cajón lateral","Atleta Masculino 40s","Fit man in his early 40s, short beard and buzz cut, wearing black shirt and matching shorts, lean muscular build, athletic, performing Salto al cajón lateral exercise, using cajón pliométrico, explosive athletic movement, mid-air capture, maximum power output, dynamic freeze frame, targeting piernas muscles, correct anatomical form and posture, modern clean gym environment, bright even studio lighting, professional fitness photography, sharp focus on subject, slightly blurred background, full body or major muscle groups clearly visible, photorealistic, 4K quality, no text, no watermarks, no logos"
"cmt33anum007wypj1cn2p844o","Salto al cajón trasero","Atleta Masculino 40s","Fit man in his early 40s, short beard and buzz cut, wearing black shirt and matching shorts, lean muscular build, athletic, performing Salto al cajón trasero exercise, using cajón pliométrico, explosive athletic movement, mid-air capture, maximum power output, dynamic freeze frame, targeting piernas muscles, correct anatomical form and posture, modern clean gym environment, bright even studio lighting, professional fitness photography, sharp focus on subject, slightly blurred background, full body or major muscle groups clearly visible, photorealistic, 4K quality, no text, no watermarks, no logos"
"cmt33ao5h0080ypj1128p2a8m","Depth landing con salto","Atleta Masculino 40s","Fit man in his early 40s, short beard and buzz cut, wearing black shirt and matching shorts, lean muscular build, athletic, performing Depth landing con salto exercise, using cajones pliométricos, explosive athletic movement, mid-air capture, maximum power output, dynamic freeze frame, targeting piernas muscles, correct anatomical form and posture, modern clean gym environment, bright even studio lighting, professional fitness photography, sharp focus on subject, slightly blurred background, full body or major muscle groups clearly visible, photorealistic, 4K quality, no text, no watermarks, no logos"
"cmt33aofy0084ypj1jyq17co6","Sprint con paracaídas","Atleta Masculino 40s","Fit man in his early 40s, short beard and buzz cut, wearing black shirt and matching shorts, lean muscular build, athletic, performing Sprint con paracaídas exercise, using paracaídas de resistencia, explosive athletic movement, mid-air capture, maximum power output, dynamic freeze frame, targeting piernas muscles, correct anatomical form and posture, modern clean gym environment, bright even studio lighting, professional fitness photography, sharp focus on subject, slightly blurred background, full body or major muscle groups clearly visible, photorealistic, 4K quality, no text, no watermarks, no logos"
"cmt33aoqs0088ypj1jpfnz8dw","Jump straddle","Atleta Masculino 40s","Fit man in his early 40s, short beard and buzz cut, wearing black shirt and matching shorts, lean muscular build, athletic, performing Jump straddle exercise, no equipment, bodyweight only, explosive athletic movement, mid-air capture, maximum power output, dynamic freeze frame, targeting piernas muscles, correct anatomical form and posture, modern clean gym environment, bright even studio lighting, professional fitness photography, sharp focus on subject, slightly blurred background, full body or major muscle groups clearly visible, photorealistic, 4K quality, no text, no watermarks, no logos"
"cmt33ap18008cypj1tmbnnyhq","Lunge saltado con switch","Atleta Masculino 40s","Fit man in his early 40s, short beard and buzz cut, wearing black shirt and matching shorts, lean muscular build, athletic, performing Lunge saltado con switch exercise, no equipment, bodyweight only, explosive athletic movement, mid-air capture, maximum power output, dynamic freeze frame, targeting piernas muscles, correct anatomical form and posture, modern clean gym environment, bright even studio lighting, professional fitness photography, sharp focus on subject, slightly blurred background, full body or major muscle groups clearly visible, photorealistic, 4K quality, no text, no watermarks, no logos"
"cmt33apbi008gypj1uyjcq9q2","Puente con banda","Atleta Masculino 40s","Fit man in his early 40s, short beard and buzz cut, wearing black shirt and matching shorts, lean muscular build, athletic, performing Puente con banda exercise, using banda elástica, stable balanced pose, core engaged, focused concentration, unstable surface or single leg, targeting core muscles, correct anatomical form and posture, modern clean gym environment, bright even studio lighting, professional fitness photography, sharp focus on subject, slightly blurred background, full body or major muscle groups clearly visible, photorealistic, 4K quality, no text, no watermarks, no logos"
"cmt33apoq008kypj19qlg5k86","Equilibrio en una pierna con peso","Atleta Masculino 40s","Fit man in his early 40s, short beard and buzz cut, wearing black shirt and matching shorts, lean muscular build, athletic, performing Equilibrio en una pierna con peso exercise, using mancuernas o kettlebells, stable balanced pose, core engaged, focused concentration, unstable surface or single leg, targeting piernas muscles, correct anatomical form and posture, modern clean gym environment, bright even studio lighting, professional fitness photography, sharp focus on subject, slightly blurred background, full body or major muscle groups clearly visible, photorealistic, 4K quality, no text, no watermarks, no logos"
"cmt33apz7008oypj1cqa78ca8","Equilibrio en una pierna en bosu","Atleta Masculino 40s","Fit man in his early 40s, short beard and buzz cut, wearing black shirt and matching shorts, lean muscular build, athletic, performing Equilibrio en una pierna en bosu exercise, standing on bosu ball for instability, stable balanced pose, core engaged, focused concentration, unstable surface or single leg, targeting piernas muscles, correct anatomical form and posture, modern clean gym environment, bright even studio lighting, professional fitness photography, sharp focus on subject, slightly blurred background, full body or major muscle groups clearly visible, photorealistic, 4K quality, no text, no watermarks, no logos"
"cmt33aq9r008sypj19wusj842","Deadlift unilateral con mancuerna","Atleta Masculino 40s","Fit man in his early 40s, short beard and buzz cut, wearing black shirt and matching shorts, lean muscular build, athletic, performing Deadlift unilateral con mancuerna exercise, holding dumbbells in each hand, stable balanced pose, core engaged, focused concentration, unstable surface or single leg, targeting piernas muscles, correct anatomical form and posture, modern clean gym environment, bright even studio lighting, professional fitness photography, sharp focus on subject, slightly blurred background, full body or major muscle groups clearly visible, photorealistic, 4K quality, no text, no watermarks, no logos"
"cmt33aql9008wypj1kyfzkoz6","Equilibrio en una pierna con banda","Atleta Masculino 40s","Fit man in his early 40s, short beard and buzz cut, wearing black shirt and matching shorts, lean muscular build, athletic, performing Equilibrio en una pierna con banda exercise, using banda elástica, stable balanced pose, core engaged, focused concentration, unstable surface or single leg, targeting piernas muscles, correct anatomical form and posture, modern clean gym environment, bright even studio lighting, professional fitness photography, sharp focus on subject, slightly blurred background, full body or major muscle groups clearly visible, photorealistic, 4K quality, no text, no watermarks, no logos"
"cmt33aqvj0090ypj140uh077x","Puente con elevación de pierna","Atleta Masculino 40s","Fit man in his early 40s, short beard and buzz cut, wearing black shirt and matching shorts, lean muscular build, athletic, performing Puente con elevación de pierna exercise, no equipment, bodyweight only, stable balanced pose, core engaged, focused concentration, unstable surface or single leg, targeting core muscles, correct anatomical form and posture, modern clean gym environment, bright even studio lighting, professional fitness photography, sharp focus on subject, slightly blurred background, full body or major muscle groups clearly visible, photorealistic, 4K quality, no text, no watermarks, no logos"
"cmt33ar6g0094ypj18fiysqgu","Snatch con palo","Atleta Masculino 40s","Fit man in his early 40s, short beard and buzz cut, wearing black shirt and matching shorts, lean muscular build, athletic, performing Snatch con palo exercise, using palo o bastón, practicing movement pattern, light weight or PVC pipe, instructional form, slow controlled, targeting full body muscles, correct anatomical form and posture, modern clean gym environment, bright even studio lighting, professional fitness photography, sharp focus on subject, slightly blurred background, full body or major muscle groups clearly visible, photorealistic, 4K quality, no text, no watermarks, no logos"
"cmt33args0098ypj1mzyz2rkk","Peso muerto rumano con palo","Atleta Masculino 40s","Fit man in his early 40s, short beard and buzz cut, wearing black shirt and matching shorts, lean muscular build, athletic, performing Peso muerto rumano con palo exercise, using palo o bastón, practicing movement pattern, light weight or PVC pipe, instructional form, slow controlled, targeting piernas muscles, correct anatomical form and posture, modern clean gym environment, bright even studio lighting, professional fitness photography, sharp focus on subject, slightly blurred background, full body or major muscle groups clearly visible, photorealistic, 4K quality, no text, no watermarks, no logos"
"cmt33arrf009cypj1v5krjk1t","Press tempo","Atleta Masculino 40s","Fit man in his early 40s, short beard and buzz cut, wearing black shirt and matching shorts, lean muscular build, athletic, performing Press tempo exercise, using barra o mancuernas, practicing movement pattern, light weight or PVC pipe, instructional form, slow controlled, targeting hombros muscles, correct anatomical form and posture, modern clean gym environment, bright even studio lighting, professional fitness photography, sharp focus on subject, slightly blurred background, full body or major muscle groups clearly visible, photorealistic, 4K quality, no text, no watermarks, no logos"
"cmt33as1n009gypj1cbmsbkgm","Clean con barra vacía","Atleta Masculino 40s","Fit man in his early 40s, short beard and buzz cut, wearing black shirt and matching shorts, lean muscular build, athletic, performing Clean con barra vacía exercise, holding olympic barbell with weight plates, practicing movement pattern, light weight or PVC pipe, instructional form, slow controlled, targeting full body muscles, correct anatomical form and posture, modern clean gym environment, bright even studio lighting, professional fitness photography, sharp focus on subject, slightly blurred background, full body or major muscle groups clearly visible, photorealistic, 4K quality, no text, no watermarks, no logos"
"cmt33asff009kypj1eweej6th","Posición de overhead","Atleta Masculino 40s","Fit man in his early 40s, short beard and buzz cut, wearing black shirt and matching shorts, lean muscular build, athletic, performing Posición de overhead exercise, using barra o palo, practicing movement pattern, light weight or PVC pipe, instructional form, slow controlled, targeting hombros muscles, correct anatomical form and posture, modern clean gym environment, bright even studio lighting, professional fitness photography, sharp focus on subject, slightly blurred background, full body or major muscle groups clearly visible, photorealistic, 4K quality, no text, no watermarks, no logos"
"cmt33aspq009oypj1400hak3w","Drill de overhead","Atleta Masculino 40s","Fit man in his early 40s, short beard and buzz cut, wearing black shirt and matching shorts, lean muscular build, athletic, performing Drill de overhead exercise, using palo o bastón, practicing movement pattern, light weight or PVC pipe, instructional form, slow controlled, targeting hombros muscles, correct anatomical form and posture, modern clean gym environment, bright even studio lighting, professional fitness photography, sharp focus on subject, slightly blurred background, full body or major muscle groups clearly visible, photorealistic, 4K quality, no text, no watermarks, no logos"
"cmt33at0e009sypj1gc7pl760","Pull clean pull con mancuerna","Atleta Masculino 40s","Fit man in his early 40s, short beard and buzz cut, wearing black shirt and matching shorts, lean muscular build, athletic, performing Pull clean pull con mancuerna exercise, holding dumbbells in each hand, practicing movement pattern, light weight or PVC pipe, instructional form, slow controlled, targeting full body muscles, correct anatomical form and posture, modern clean gym environment, bright even studio lighting, professional fitness photography, sharp focus on subject, slightly blurred background, full body or major muscle groups clearly visible, photorealistic, 4K quality, no text, no watermarks, no logos"
"cmt33atar009wypj1z31vm27l","Drill de recepción","Atleta Masculino 40s","Fit man in his early 40s, short beard and buzz cut, wearing black shirt and matching shorts, lean muscular build, athletic, performing Drill de recepción exercise, using barra o mancuernas, practicing movement pattern, light weight or PVC pipe, instructional form, slow controlled, targeting full body muscles, correct anatomical form and posture, modern clean gym environment, bright even studio lighting, professional fitness photography, sharp focus on subject, slightly blurred background, full body or major muscle groups clearly visible, photorealistic, 4K quality, no text, no watermarks, no logos"
"cmt33atlx00a0ypj1qs2r2tah","Dinámico estiramiento de espalda","Atleta Masculino 40s","Fit man in his early 40s, short beard and buzz cut, wearing black shirt and matching shorts, lean muscular build, athletic, performing Dinámico estiramiento de espalda exercise, no equipment, bodyweight only, light dynamic movement, warming up body, gradual motion, preparing for exercise, targeting espalda muscles, correct anatomical form and posture, modern clean gym environment, bright even studio lighting, professional fitness photography, sharp focus on subject, slightly blurred background, full body or major muscle groups clearly visible, photorealistic, 4K quality, no text, no watermarks, no logos"
"cmt33atwh00a4ypj1s366c9h1","Movilidad de cadera dinámica","Atleta Masculino 40s","Fit man in his early 40s, short beard and buzz cut, wearing black shirt and matching shorts, lean muscular build, athletic, performing Movilidad de cadera dinámica exercise, no equipment, bodyweight only, light dynamic movement, warming up body, gradual motion, preparing for exercise, targeting cadera muscles, correct anatomical form and posture, modern clean gym environment, bright even studio lighting, professional fitness photography, sharp focus on subject, slightly blurred background, full body or major muscle groups clearly visible, photorealistic, 4K quality, no text, no watermarks, no logos"
"cmt33au7a00a8ypj1kdcu57o7","Apertura de pecho en pared","Atleta Masculino 40s","Fit man in his early 40s, short beard and buzz cut, wearing black shirt and matching shorts, lean muscular build, athletic, performing Apertura de pecho en pared exercise, no equipment, bodyweight only, light dynamic movement, warming up body, gradual motion, preparing for exercise, targeting pecho muscles, correct anatomical form and posture, modern clean gym environment, bright even studio lighting, professional fitness photography, sharp focus on subject, slightly blurred background, full body or major muscle groups clearly visible, photorealistic, 4K quality, no text, no watermarks, no logos"
"cmt33auht00acypj1gqh8akc8","Movilidad de espalda dinámica","Atleta Masculino 40s","Fit man in his early 40s, short beard and buzz cut, wearing black shirt and matching shorts, lean muscular build, athletic, performing Movilidad de espalda dinámica exercise, no equipment, bodyweight only, light dynamic movement, warming up body, gradual motion, preparing for exercise, targeting espalda muscles, correct anatomical form and posture, modern clean gym environment, bright even studio lighting, professional fitness photography, sharp focus on subject, slightly blurred background, full body or major muscle groups clearly visible, photorealistic, 4K quality, no text, no watermarks, no logos"
"cmt33ausa00agypj1ysd3tq93","Movilidad de hombros dinámica","Atleta Masculino 40s","Fit man in his early 40s, short beard and buzz cut, wearing black shirt and matching shorts, lean muscular build, athletic, performing Movilidad de hombros dinámica exercise, no equipment, bodyweight only, light dynamic movement, warming up body, gradual motion, preparing for exercise, targeting hombros muscles, correct anatomical form and posture, modern clean gym environment, bright even studio lighting, professional fitness photography, sharp focus on subject, slightly blurred background, full body or major muscle groups clearly visible, photorealistic, 4K quality, no text, no watermarks, no logos"
"cmt33av2u00akypj1bxqmnb9l","Prep de articulaciones","Atleta Masculino 40s","Fit man in his early 40s, short beard and buzz cut, wearing black shirt and matching shorts, lean muscular build, athletic, performing Prep de articulaciones exercise, no equipment, bodyweight only, light dynamic movement, warming up body, gradual motion, preparing for exercise, targeting full body muscles, correct anatomical form and posture, modern clean gym environment, bright even studio lighting, professional fitness photography, sharp focus on subject, slightly blurred background, full body or major muscle groups clearly visible, photorealistic, 4K quality, no text, no watermarks, no logos"
"cmt33avda00aoypj1sp9fh33d","Marcha con rotación","Atleta Masculino 40s","Fit man in his early 40s, short beard and buzz cut, wearing black shirt and matching shorts, lean muscular build, athletic, performing Marcha con rotación exercise, no equipment, bodyweight only, light dynamic movement, warming up body, gradual motion, preparing for exercise, targeting core muscles, correct anatomical form and posture, modern clean gym environment, bright even studio lighting, professional fitness photography, sharp focus on subject, slightly blurred background, full body or major muscle groups clearly visible, photorealistic, 4K quality, no text, no watermarks, no logos"
"cmt33avqa00asypj14odo951n","Flow de animal walk","Atleta Masculino 40s","Fit man in his early 40s, short beard and buzz cut, wearing black shirt and matching shorts, lean muscular build, athletic, performing Flow de animal walk exercise, no equipment, bodyweight only, light dynamic movement, warming up body, gradual motion, preparing for exercise, targeting full body muscles, correct anatomical form and posture, modern clean gym environment, bright even studio lighting, professional fitness photography, sharp focus on subject, slightly blurred background, full body or major muscle groups clearly visible, photorealistic, 4K quality, no text, no watermarks, no logos"
"cmt33aw1600awypj1yll6k03t","Circulación general","Atleta Masculino 40s","Fit man in his early 40s, short beard and buzz cut, wearing black shirt and matching shorts, lean muscular build, athletic, performing Circulación general exercise, no equipment, bodyweight only, light dynamic movement, warming up body, gradual motion, preparing for exercise, targeting full body muscles, correct anatomical form and posture, modern clean gym environment, bright even studio lighting, professional fitness photography, sharp focus on subject, slightly blurred background, full body or major muscle groups clearly visible, photorealistic, 4K quality, no text, no watermarks, no logos"
"cmt33awgc00b0ypj1gehrftto","Circulación de cuello","Atleta Masculino 40s","Fit man in his early 40s, short beard and buzz cut, wearing black shirt and matching shorts, lean muscular build, athletic, performing Circulación de cuello exercise, no equipment, bodyweight only, light dynamic movement, warming up body, gradual motion, preparing for exercise, targeting cuello muscles, correct anatomical form and posture, modern clean gym environment, bright even studio lighting, professional fitness photography, sharp focus on subject, slightly blurred background, full body or major muscle groups clearly visible, photorealistic, 4K quality, no text, no watermarks, no logos"
"cmt33awqs00b4ypj1enwyvpcs","Respiración ujjayi","Atleta Masculino 40s","Fit man in his early 40s, short beard and buzz cut, wearing black shirt and matching shorts, lean muscular build, athletic, performing Respiración ujjayi exercise, no equipment, bodyweight only, recovery stretching, deep breathing, relaxed posture, post-workout calm, gentle movement, targeting full body muscles, correct anatomical form and posture, modern clean gym environment, bright even studio lighting, professional fitness photography, sharp focus on subject, slightly blurred background, full body or major muscle groups clearly visible, photorealistic, 4K quality, no text, no watermarks, no logos"
"cmt33ax1400b8ypj1qvs7mf85","Respiración cuadrada","Atleta Masculino 40s","Fit man in his early 40s, short beard and buzz cut, wearing black shirt and matching shorts, lean muscular build, athletic, performing Respiración cuadrada exercise, no equipment, bodyweight only, recovery stretching, deep breathing, relaxed posture, post-workout calm, gentle movement, targeting full body muscles, correct anatomical form and posture, modern clean gym environment, bright even studio lighting, professional fitness photography, sharp focus on subject, slightly blurred background, full body or major muscle groups clearly visible, photorealistic, 4K quality, no text, no watermarks, no logos"
"cmt33axdz00bcypj1ijywnp09","Movilidad suave de tobillos","Atleta Masculino 40s","Fit man in his early 40s, short beard and buzz cut, wearing black shirt and matching shorts, lean muscular build, athletic, performing Movilidad suave de tobillos exercise, no equipment, bodyweight only, recovery stretching, deep breathing, relaxed posture, post-workout calm, gentle movement, targeting tobillos muscles, correct anatomical form and posture, modern clean gym environment, bright even studio lighting, professional fitness photography, sharp focus on subject, slightly blurred background, full body or major muscle groups clearly visible, photorealistic, 4K quality, no text, no watermarks, no logos"
"cmt33axol00bgypj1naxk9pjc","Masaje automasaje de piernas","Atleta Masculino 40s","Fit man in his early 40s, short beard and buzz cut, wearing black shirt and matching shorts, lean muscular build, athletic, performing Masaje automasaje de piernas exercise, no equipment, bodyweight only, recovery stretching, deep breathing, relaxed posture, post-workout calm, gentle movement, targeting piernas muscles, correct anatomical form and posture, modern clean gym environment, bright even studio lighting, professional fitness photography, sharp focus on subject, slightly blurred background, full body or major muscle groups clearly visible, photorealistic, 4K quality, no text, no watermarks, no logos"
"cmt33axz800bkypj1c9p2jxl8","Postura de recuperación supina","Atleta Masculino 40s","Fit man in his early 40s, short beard and buzz cut, wearing black shirt and matching shorts, lean muscular build, athletic, performing Postura de recuperación supina exercise, no equipment, bodyweight only, recovery stretching, deep breathing, relaxed posture, post-workout calm, gentle movement, targeting full body muscles, correct anatomical form and posture, modern clean gym environment, bright even studio lighting, professional fitness photography, sharp focus on subject, slightly blurred background, full body or major muscle groups clearly visible, photorealistic, 4K quality, no text, no watermarks, no logos"
"cmt33ay9p00boypj19kflutgm","Estiramiento pasivo de cuello","Atleta Masculino 40s","Fit man in his early 40s, short beard and buzz cut, wearing black shirt and matching shorts, lean muscular build, athletic, performing Estiramiento pasivo de cuello exercise, no equipment, bodyweight only, recovery stretching, deep breathing, relaxed posture, post-workout calm, gentle movement, targeting cuello muscles, correct anatomical form and posture, modern clean gym environment, bright even studio lighting, professional fitness photography, sharp focus on subject, slightly blurred background, full body or major muscle groups clearly visible, photorealistic, 4K quality, no text, no watermarks, no logos"
"cmt33ayka00bsypj1h1gjzf2g","Estiramiento pasivo completo","Atleta Masculino 40s","Fit man in his early 40s, short beard and buzz cut, wearing black shirt and matching shorts, lean muscular build, athletic, performing Estiramiento pasivo completo exercise, no equipment, bodyweight only, recovery stretching, deep breathing, relaxed posture, post-workout calm, gentle movement, targeting full body muscles, correct anatomical form and posture, modern clean gym environment, bright even studio lighting, professional fitness photography, sharp focus on subject, slightly blurred background, full body or major muscle groups clearly visible, photorealistic, 4K quality, no text, no watermarks, no logos"
"cmt33ayuu00bwypj1xj43s0a4","Movilidad de nervio ulnar","Atleta Masculino 40s","Fit man in his early 40s, short beard and buzz cut, wearing black shirt and matching shorts, lean muscular build, athletic, performing Movilidad de nervio ulnar exercise, no equipment, bodyweight only, rehabilitation exercise, controlled activation, mind-muscle connection, precise small movement, targeting brazos muscles, correct anatomical form and posture, modern clean gym environment, bright even studio lighting, professional fitness photography, sharp focus on subject, slightly blurred background, full body or major muscle groups clearly visible, photorealistic, 4K quality, no text, no watermarks, no logos"
"cmt33az6e00c0ypj1p81vq8v9","Recuperación con elevación","Atleta Masculino 40s","Fit man in his early 40s, short beard and buzz cut, wearing black shirt and matching shorts, lean muscular build, athletic, performing Recuperación con elevación exercise, no equipment, bodyweight only, rehabilitation exercise, controlled activation, mind-muscle connection, precise small movement, targeting piernas muscles, correct anatomical form and posture, modern clean gym environment, bright even studio lighting, professional fitness photography, sharp focus on subject, slightly blurred background, full body or major muscle groups clearly visible, photorealistic, 4K quality, no text, no watermarks, no logos"
"cmt33azgy00c4ypj1pkqhc3iv","Movilidad de nervio ciático","Atleta Masculino 40s","Fit man in his early 40s, short beard and buzz cut, wearing black shirt and matching shorts, lean muscular build, athletic, performing Movilidad de nervio ciático exercise, no equipment, bodyweight only, rehabilitation exercise, controlled activation, mind-muscle connection, precise small movement, targeting piernas muscles, correct anatomical form and posture, modern clean gym environment, bright even studio lighting, professional fitness photography, sharp focus on subject, slightly blurred background, full body or major muscle groups clearly visible, photorealistic, 4K quality, no text, no watermarks, no logos"
"cmt33azr400c8ypj1rkdxlsr7","Técnica de levantar objetos","Atleta Masculino 40s","Fit man in his early 40s, short beard and buzz cut, wearing black shirt and matching shorts, lean muscular build, athletic, performing Técnica de levantar objetos exercise, no equipment, bodyweight only, rehabilitation exercise, controlled activation, mind-muscle connection, precise small movement, targeting espalda muscles, correct anatomical form and posture, modern clean gym environment, bright even studio lighting, professional fitness photography, sharp focus on subject, slightly blurred background, full body or major muscle groups clearly visible, photorealistic, 4K quality, no text, no watermarks, no logos"
"cmt33b01700ccypj1xu8tpqfw","Técnica de acostarse","Atleta Masculino 40s","Fit man in his early 40s, short beard and buzz cut, wearing black shirt and matching shorts, lean muscular build, athletic, performing Técnica de acostarse exercise, no equipment, bodyweight only, rehabilitation exercise, controlled activation, mind-muscle connection, precise small movement, targeting espalda muscles, correct anatomical form and posture, modern clean gym environment, bright even studio lighting, professional fitness photography, sharp focus on subject, slightly blurred background, full body or major muscle groups clearly visible, photorealistic, 4K quality, no text, no watermarks, no logos"
"cmt33b0ci00cgypj16ne47i7r","Trabajo de respiración completa","Atleta Masculino 40s","Fit man in his early 40s, short beard and buzz cut, wearing black shirt and matching shorts, lean muscular build, athletic, performing Trabajo de respiración completa exercise, no equipment, bodyweight only, rehabilitation exercise, controlled activation, mind-muscle connection, precise small movement, targeting core muscles, correct anatomical form and posture, modern clean gym environment, bright even studio lighting, professional fitness photography, sharp focus on subject, slightly blurred background, full body or major muscle groups clearly visible, photorealistic, 4K quality, no text, no watermarks, no logos"
"cmt38lors0000h3d7a18jc72e","Encogimientos de hombros con mancuernas","Atleta Masculino 40s","Fit man in his early 40s, short beard and buzz cut, wearing black shirt and matching shorts, lean muscular build, athletic, performing Encogimientos de hombros con mancuernas exercise, holding dumbbells in each hand, heavy weightlifting, intense focused expression, gym equipment visible, powerful stance, targeting hombros muscles, correct anatomical form and posture, modern clean gym environment, bright even studio lighting, professional fitness photography, sharp focus on subject, slightly blurred background, full body or major muscle groups clearly visible, photorealistic, 4K quality, no text, no watermarks, no logos"
"cmtjc6kz300033iso3d6hvjar","Estiramiento de Pecho contra pared","Atleta Masculino 40s","Fit man in his early 40s, short beard and buzz cut, wearing black shirt and matching shorts, lean muscular build, athletic, performing Estiramiento de Pecho contra pared exercise, using pared, deep stretch pose, calm breathing, elongated muscles, floor exercise, peaceful expression, targeting pectorales muscles, correct anatomical form and posture, modern clean gym environment, bright even studio lighting, professional fitness photography, sharp focus on subject, slightly blurred background, full body or major muscle groups clearly visible, photorealistic, 4K quality, no text, no watermarks, no logos"
"cmtjc6l9v00073iso711fado7","Estiramiento de Tríceps en pared","Atleta Masculino 40s","Fit man in his early 40s, short beard and buzz cut, wearing black shirt and matching shorts, lean muscular build, athletic, performing Estiramiento de Tríceps en pared exercise, using pared, deep stretch pose, calm breathing, elongated muscles, floor exercise, peaceful expression, targeting tríceps muscles, correct anatomical form and posture, modern clean gym environment, bright even studio lighting, professional fitness photography, sharp focus on subject, slightly blurred background, full body or major muscle groups clearly visible, photorealistic, 4K quality, no text, no watermarks, no logos"
"cmtjc6lks000b3isopk5oezyl","Estiramiento de Bíceps con brazos detrás","Atleta Masculino 40s","Fit man in his early 40s, short beard and buzz cut, wearing black shirt and matching shorts, lean muscular build, athletic, performing Estiramiento de Bíceps con brazos detrás exercise, no equipment, bodyweight only, deep stretch pose, calm breathing, elongated muscles, floor exercise, peaceful expression, targeting bíceps muscles, correct anatomical form and posture, modern clean gym environment, bright even studio lighting, professional fitness photography, sharp focus on subject, slightly blurred background, full body or major muscle groups clearly visible, photorealistic, 4K quality, no text, no watermarks, no logos"
"cmtjc6lv8000f3isonk6h0tk6","Estiramiento de Hombro cruzado","Atleta Masculino 40s","Fit man in his early 40s, short beard and buzz cut, wearing black shirt and matching shorts, lean muscular build, athletic, performing Estiramiento de Hombro cruzado exercise, no equipment, bodyweight only, deep stretch pose, calm breathing, elongated muscles, floor exercise, peaceful expression, targeting hombros muscles, correct anatomical form and posture, modern clean gym environment, bright even studio lighting, professional fitness photography, sharp focus on subject, slightly blurred background, full body or major muscle groups clearly visible, photorealistic, 4K quality, no text, no watermarks, no logos"
"cmtjc6m63000j3iso4ktpirb7","Estiramiento de Pecho en puerta","Atleta Masculino 40s","Fit man in his early 40s, short beard and buzz cut, wearing black shirt and matching shorts, lean muscular build, athletic, performing Estiramiento de Pecho en puerta exercise, using puerta, deep stretch pose, calm breathing, elongated muscles, floor exercise, peaceful expression, targeting pectorales muscles, correct anatomical form and posture, modern clean gym environment, bright even studio lighting, professional fitness photography, sharp focus on subject, slightly blurred background, full body or major muscle groups clearly visible, photorealistic, 4K quality, no text, no watermarks, no logos"
"cmtjc6mgz000n3isoincyxa64","Estiramiento de Isquiotibiales con banda","Atleta Masculino 40s","Fit man in his early 40s, short beard and buzz cut, wearing black shirt and matching shorts, lean muscular build, athletic, performing Estiramiento de Isquiotibiales con banda exercise, using resistance band for tension, deep stretch pose, calm breathing, elongated muscles, floor exercise, peaceful expression, targeting femoral muscles, correct anatomical form and posture, modern clean gym environment, bright even studio lighting, professional fitness photography, sharp focus on subject, slightly blurred background, full body or major muscle groups clearly visible, photorealistic, 4K quality, no text, no watermarks, no logos"
"cmtjc6mvr000r3isoyx4d9ysj","Estiramiento de Pectorales contra pared","Atleta Masculino 40s","Fit man in his early 40s, short beard and buzz cut, wearing black shirt and matching shorts, lean muscular build, athletic, performing Estiramiento de Pectorales contra pared exercise, no equipment, bodyweight only, deep stretch pose, calm breathing, elongated muscles, floor exercise, peaceful expression, targeting pectorales muscles, correct anatomical form and posture, modern clean gym environment, bright even studio lighting, professional fitness photography, sharp focus on subject, slightly blurred background, full body or major muscle groups clearly visible, photorealistic, 4K quality, no text, no watermarks, no logos"
"cmtjc6nbb000v3isorovi86li","Rotación espinal acostado","Atleta Masculino 40s","Fit man in his early 40s, short beard and buzz cut, wearing black shirt and matching shorts, lean muscular build, athletic, performing Rotación espinal acostado exercise, no equipment, bodyweight only, deep stretch pose, calm breathing, elongated muscles, floor exercise, peaceful expression, targeting espalda baja muscles, correct anatomical form and posture, modern clean gym environment, bright even studio lighting, professional fitness photography, sharp focus on subject, slightly blurred background, full body or major muscle groups clearly visible, photorealistic, 4K quality, no text, no watermarks, no logos"
"cmtjc6rc1000z3isoy4t2xvb1","Elevación de cadera","Atleta Masculino 40s","Fit man in his early 40s, short beard and buzz cut, wearing black shirt and matching shorts, lean muscular build, athletic, performing Elevación de cadera exercise, no equipment, bodyweight only, controlled movement, focused espression, rehabilitation exercise, controlled activation, precise movement, targeting glúteos muscles, correct anatomical form and posture, modern clean gym environment, bright even studio lighting, professional fitness photography, sharp focus on subject, slightly blurred background, full body or major muscle groups clearly visible, photorealistic, 4K quality, no text, no watermarks, no logos"
"cmtjc6rn700133iso6ppo8xv9","Estiramiento de Aductores","Atleta Masculino 40s","Fit man in his early 40s, short beard and buzz cut, wearing black shirt and matching shorts, lean muscular build, athletic, performing Estiramiento de Aductores exercise, no equipment, bodyweight only, controlled movement, focused espression, rehabilitation exercise, controlled activation, precise movement, targeting aductores muscles, correct anatomical form and posture, modern clean gym environment, bright even studio lighting, professional fitness photography, sharp focus on subject, slightly blurred background, full body or major muscle groups clearly visible, photorealistic, 4K quality, no text, no watermarks, no logos"
"cmtjc6rya00173iso2an4gqia","Rotación torácica acostado de lado","Atleta Masculino 40s","Fit man in his early 40s, short beard and buzz cut, wearing black shirt and matching shorts, lean muscular build, athletic, performing Rotación torácica acostado de lado exercise, no equipment, bodyweight only, controlled movement, focused espression, rehabilitation exercise, controlled activation, precise movement, targeting columna torácica muscles, correct anatomical form and posture, modern clean gym environment, bright even studio lighting, professional fitness photography, sharp focus on subject, slightly blurred background, full body or major muscle groups clearly visible, photorealistic, 4K quality, no text, no watermarks, no logos"
"cmtjc6s9f001b3iso8ifzy7q1","Rotación torácica en cuadrupedia","Atleta Masculino 40s","Fit man in his early 40s, short beard and buzz cut, wearing black shirt and matching shorts, lean muscular build, athletic, performing Rotación torácica en cuadrupedia exercise, no equipment, bodyweight only, controlled movement, focused espression, rehabilitation exercise, controlled activation, precise movement, targeting columna torácica muscles, correct anatomical form and posture, modern clean gym environment, bright even studio lighting, professional fitness photography, sharp focus on subject, slightly blurred background, full body or major muscle groups clearly visible, photorealistic, 4K quality, no text, no watermarks, no logos"
"cmtjc6skh001f3isouwhfw0xs","Flexión de columna sentado","Atleta Masculino 40s","Fit man in his early 40s, short beard and buzz cut, wearing black shirt and matching shorts, lean muscular build, athletic, performing Flexión de columna sentado exercise, no equipment, bodyweight only, controlled movement, focused espression, rehabilitation exercise, controlled activation, precise movement, targeting columna torácica muscles, correct anatomical form and posture, modern clean gym environment, bright even studio lighting, professional fitness photography, sharp focus on subject, slightly blurred background, full body or major muscle groups clearly visible, photorealistic, 4K quality, no text, no watermarks, no logos"
"cmtjc6svb001j3isorid44kx0","Empuje isométrico frontal de cuello","Atleta Masculino 40s","Fit man in his early 40s, short beard and buzz cut, wearing black shirt and matching shorts, lean muscular build, athletic, performing Empuje isométrico frontal de cuello exercise, no equipment, bodyweight only, controlled movement, focused espression, rehabilitation exercise, controlled activation, precise movement, targeting cuello muscles, correct anatomical form and posture, modern clean gym environment, bright even studio lighting, professional fitness photography, sharp focus on subject, slightly blurred background, full body or major muscle groups clearly visible, photorealistic, 4K quality, no text, no watermarks, no logos"
"cmtjc6t92001n3isops7718se","Estiramiento del elevador de la escápula","Atleta Masculino 40s","Fit man in his early 40s, short beard and buzz cut, wearing black shirt and matching shorts, lean muscular build, athletic, performing Estiramiento del elevador de la escápula exercise, no equipment, bodyweight only, controlled movement, focused espression, rehabilitation exercise, controlled activation, precise movement, targeting cuello y escápulas muscles, correct anatomical form and posture, modern clean gym environment, bright even studio lighting, professional fitness photography, sharp focus on subject, slightly blurred background, full body or major muscle groups clearly visible, photorealistic, 4K quality, no text, no watermarks, no logos"
"cmtjc6tjp001r3iso5w2hzqsg","Rechazo escapular","Atleta Masculino 40s","Fit man in his early 40s, short beard and buzz cut, wearing black shirt and matching shorts, lean muscular build, athletic, performing Rechazo escapular exercise, no equipment, bodyweight only, controlled movement, focused espression, rehabilitation exercise, controlled activation, precise movement, targeting escápulas y serrato anterior muscles, correct anatomical form and posture, modern clean gym environment, bright even studio lighting, professional fitness photography, sharp focus on subject, slightly blurred background, full body or major muscle groups clearly visible, photorealistic, 4K quality, no text, no watermarks, no logos"
"cmtjc6tve001v3iso6kt5cn0q","Retracción escapular boca abajo","Atleta Masculino 40s","Fit man in his early 40s, short beard and buzz cut, wearing black shirt and matching shorts, lean muscular build, athletic, performing Retracción escapular boca abajo exercise, no equipment, bodyweight only, controlled movement, focused espression, rehabilitation exercise, controlled activation, precise movement, targeting espalda alta muscles, correct anatomical form and posture, modern clean gym environment, bright even studio lighting, professional fitness photography, sharp focus on subject, slightly blurred background, full body or major muscle groups clearly visible, photorealistic, 4K quality, no text, no watermarks, no logos"
"cmtjc6u7m001z3isoouwunuaq","Empuje escapular acostado","Atleta Masculino 40s","Fit man in his early 40s, short beard and buzz cut, wearing black shirt and matching shorts, lean muscular build, athletic, performing Empuje escapular acostado exercise, holding dumbbells in each hand, controlled movement, focused espression, rehabilitation exercise, controlled activation, precise movement, targeting serrato anterior y escápulas muscles, correct anatomical form and posture, modern clean gym environment, bright even studio lighting, professional fitness photography, sharp focus on subject, slightly blurred background, full body or major muscle groups clearly visible, photorealistic, 4K quality, no text, no watermarks, no logos"
"cmtjc6uju00233isor2d146eb","Protracción escapular","Atleta Masculino 40s","Fit man in his early 40s, short beard and buzz cut, wearing black shirt and matching shorts, lean muscular build, athletic, performing Protracción escapular exercise, no equipment, bodyweight only, controlled movement, focused espression, rehabilitation exercise, controlled activation, precise movement, targeting escápulas y serrato anterior muscles, correct anatomical form and posture, modern clean gym environment, bright even studio lighting, professional fitness photography, sharp focus on subject, slightly blurred background, full body or major muscle groups clearly visible, photorealistic, 4K quality, no text, no watermarks, no logos"
"cmtjc6uw800273isowj7sykqi","Rotación externa de brazo contra pared","Atleta Masculino 40s","Fit man in his early 40s, short beard and buzz cut, wearing black shirt and matching shorts, lean muscular build, athletic, performing Rotación externa de brazo contra pared exercise, no equipment, bodyweight only, controlled movement, focused espression, rehabilitation exercise, controlled activation, precise movement, targeting hombros y manguito rotador muscles, correct anatomical form and posture, modern clean gym environment, bright even studio lighting, professional fitness photography, sharp focus on subject, slightly blurred background, full body or major muscle groups clearly visible, photorealistic, 4K quality, no text, no watermarks, no logos"
"cmtjc6v7z002b3iso0mpy9sqa","Descenso desde cajón","Atleta Masculino 40s","Fit man in his early 40s, short beard and buzz cut, wearing black shirt and matching shorts, lean muscular build, athletic, performing Descenso desde cajón exercise, no equipment, bodyweight only, controlled movement, focused espression, rehabilitation exercise, controlled activation, precise movement, targeting rodillas y piernas muscles, correct anatomical form and posture, modern clean gym environment, bright even studio lighting, professional fitness photography, sharp focus on subject, slightly blurred background, full body or major muscle groups clearly visible, photorealistic, 4K quality, no text, no watermarks, no logos"
"cmtjc6vj1002f3iso0cqszv07","Estocada isométrica","Atleta Masculino 40s","Fit man in his early 40s, short beard and buzz cut, wearing black shirt and matching shorts, lean muscular build, athletic, performing Estocada isométrica exercise, no equipment, bodyweight only, controlled movement, focused espression, rehabilitation exercise, controlled activation, precise movement, targeting piernas y rodillas muscles, correct anatomical form and posture, modern clean gym environment, bright even studio lighting, professional fitness photography, sharp focus on subject, slightly blurred background, full body or major muscle groups clearly visible, photorealistic, 4K quality, no text, no watermarks, no logos"
"cmtjc6vtm002j3isoeml3j8ce","Subida en reversa al step","Atleta Masculino 40s","Fit man in his early 40s, short beard and buzz cut, wearing black shirt and matching shorts, lean muscular build, athletic, performing Subida en reversa al step exercise, no equipment, bodyweight only, controlled movement, focused espression, rehabilitation exercise, controlled activation, precise movement, targeting rodillas y piernas muscles, correct anatomical form and posture, modern clean gym environment, bright even studio lighting, professional fitness photography, sharp focus on subject, slightly blurred background, full body or major muscle groups clearly visible, photorealistic, 4K quality, no text, no watermarks, no logos"
"cmtjc6w4o002n3isoj9bedfr4","Elevación de la punta del pie","Atleta Masculino 40s","Fit man in his early 40s, short beard and buzz cut, wearing black shirt and matching shorts, lean muscular build, athletic, performing Elevación de la punta del pie exercise, no equipment, bodyweight only, controlled movement, focused espression, rehabilitation exercise, controlled activation, precise movement, targeting tibial anterior y tobillos muscles, correct anatomical form and posture, modern clean gym environment, bright even studio lighting, professional fitness photography, sharp focus on subject, slightly blurred background, full body or major muscle groups clearly visible, photorealistic, 4K quality, no text, no watermarks, no logos"
"cmtjc6wfp002r3isoobraa3p1","Equilibrio en un pie","Atleta Masculino 40s","Fit man in his early 40s, short beard and buzz cut, wearing black shirt and matching shorts, lean muscular build, athletic, performing Equilibrio en un pie exercise, no equipment, bodyweight only, controlled movement, focused espression, rehabilitation exercise, controlled activation, precise movement, targeting tobillos y pies muscles, correct anatomical form and posture, modern clean gym environment, bright even studio lighting, professional fitness photography, sharp focus on subject, slightly blurred background, full body or major muscle groups clearly visible, photorealistic, 4K quality, no text, no watermarks, no logos"
"cmtjc6wqu002v3isoh07xytic","Bicho muerto","Atleta Masculino 40s","Fit man in his early 40s, short beard and buzz cut, wearing black shirt and matching shorts, lean muscular build, athletic, performing Bicho muerto exercise, no equipment, bodyweight only, controlled movement, focused espression, rehabilitation exercise, controlled activation, precise movement, targeting core y zona lumbar muscles, correct anatomical form and posture, modern clean gym environment, bright even studio lighting, professional fitness photography, sharp focus on subject, slightly blurred background, full body or major muscle groups clearly visible, photorealistic, 4K quality, no text, no watermarks, no logos"
"cmtjc6x1u002z3iso2rnjo8aj","Rotación lumbar acostado","Atleta Masculino 40s","Fit man in his early 40s, short beard and buzz cut, wearing black shirt and matching shorts, lean muscular build, athletic, performing Rotación lumbar acostado exercise, no equipment, bodyweight only, controlled movement, focused espression, rehabilitation exercise, controlled activation, precise movement, targeting zona lumbar y cadera muscles, correct anatomical form and posture, modern clean gym environment, bright even studio lighting, professional fitness photography, sharp focus on subject, slightly blurred background, full body or major muscle groups clearly visible, photorealistic, 4K quality, no text, no watermarks, no logos"
"cmtjc6xfd00333isosw90gkjf","Lanzamiento de balón medicinal","Atleta Masculino 40s","Fit man in his early 40s, short beard and buzz cut, wearing black shirt and matching shorts, lean muscular build, athletic, performing Lanzamiento de balón medicinal exercise, using balón medicinal, functional fitness movement, athletic stance, kettlebell or bodyweight, explosive power, targeting tren superior y core muscles, correct anatomical form and posture, modern clean gym environment, bright even studio lighting, professional fitness photography, sharp focus on subject, slightly blurred background, full body or major muscle groups clearly visible, photorealistic, 4K quality, no text, no watermarks, no logos"
"cmtjc6xqb00373iso7s3qlbi6","Escalada de cuerda","Atleta Masculino 40s","Fit man in his early 40s, short beard and buzz cut, wearing black shirt and matching shorts, lean muscular build, athletic, performing Escalada de cuerda exercise, using cuerda, functional fitness movement, athletic stance, kettlebell or bodyweight, explosive power, targeting tren superior y core muscles, correct anatomical form and posture, modern clean gym environment, bright even studio lighting, professional fitness photography, sharp focus on subject, slightly blurred background, full body or major muscle groups clearly visible, photorealistic, 4K quality, no text, no watermarks, no logos"
"cmtjc6y1o003b3iso2fmsod7r","Desplazamiento lateral","Atleta Masculino 40s","Fit man in his early 40s, short beard and buzz cut, wearing black shirt and matching shorts, lean muscular build, athletic, performing Desplazamiento lateral exercise, no equipment, bodyweight only, functional fitness movement, athletic stance, kettlebell or bodyweight, explosive power, targeting tren inferior muscles, correct anatomical form and posture, modern clean gym environment, bright even studio lighting, professional fitness photography, sharp focus on subject, slightly blurred background, full body or major muscle groups clearly visible, photorealistic, 4K quality, no text, no watermarks, no logos"
"cmtjc6ye1003f3isotkp9eqbc","Salto reactivo","Atleta Masculino 40s","Fit man in his early 40s, short beard and buzz cut, wearing black shirt and matching shorts, lean muscular build, athletic, performing Salto reactivo exercise, no equipment, bodyweight only, functional fitness movement, athletic stance, kettlebell or bodyweight, explosive power, targeting tren inferior muscles, correct anatomical form and posture, modern clean gym environment, bright even studio lighting, professional fitness photography, sharp focus on subject, slightly blurred background, full body or major muscle groups clearly visible, photorealistic, 4K quality, no text, no watermarks, no logos"
"cmtjc6yq7003j3isox64r5gse","Med Ball Slam","Atleta Masculino 40s","Fit man in his early 40s, short beard and buzz cut, wearing black shirt and matching shorts, lean muscular build, athletic, performing Med Ball Slam exercise, using balón medicinal, functional fitness movement, athletic stance, kettlebell or bodyweight, explosive power, targeting cuerpo completo muscles, correct anatomical form and posture, modern clean gym environment, bright even studio lighting, professional fitness photography, sharp focus on subject, slightly blurred background, full body or major muscle groups clearly visible, photorealistic, 4K quality, no text, no watermarks, no logos"
"cmtjc6z4s003n3isoqdo0rfx6","Sentadilla con brazos elevados","Atleta Masculino 40s","Fit man in his early 40s, short beard and buzz cut, wearing black shirt and matching shorts, lean muscular build, athletic, performing Sentadilla con brazos elevados exercise, no equipment, bodyweight only, functional fitness movement, athletic stance, kettlebell or bodyweight, explosive power, targeting piernas y hombros muscles, correct anatomical form and posture, modern clean gym environment, bright even studio lighting, professional fitness photography, sharp focus on subject, slightly blurred background, full body or major muscle groups clearly visible, photorealistic, 4K quality, no text, no watermarks, no logos"
"cmtjc6zie003r3isosc7oerzt","Subidas al cajón","Atleta Masculino 40s","Fit man in his early 40s, short beard and buzz cut, wearing black shirt and matching shorts, lean muscular build, athletic, performing Subidas al cajón exercise, using plyometric box, functional fitness movement, athletic stance, kettlebell or bodyweight, explosive power, targeting piernas muscles, correct anatomical form and posture, modern clean gym environment, bright even studio lighting, professional fitness photography, sharp focus on subject, slightly blurred background, full body or major muscle groups clearly visible, photorealistic, 4K quality, no text, no watermarks, no logos"
"cmtjc6zth003v3iso9aw6to69","Remo en plancha","Atleta Masculino 40s","Fit man in his early 40s, short beard and buzz cut, wearing black shirt and matching shorts, lean muscular build, athletic, performing Remo en plancha exercise, holding dumbbells in each hand, functional fitness movement, athletic stance, kettlebell or bodyweight, explosive power, targeting core y espalda muscles, correct anatomical form and posture, modern clean gym environment, bright even studio lighting, professional fitness photography, sharp focus on subject, slightly blurred background, full body or major muscle groups clearly visible, photorealistic, 4K quality, no text, no watermarks, no logos"
"cmtjc705g003z3isoqe5zixcc","Sprint en bicicleta de aire","Atleta Masculino 40s","Fit man in his early 40s, short beard and buzz cut, wearing black shirt and matching shorts, lean muscular build, athletic, performing Sprint en bicicleta de aire exercise, using bicicleta de aire, functional fitness movement, athletic stance, kettlebell or bodyweight, explosive power, targeting cuerpo completo muscles, correct anatomical form and posture, modern clean gym environment, bright even studio lighting, professional fitness photography, sharp focus on subject, slightly blurred background, full body or major muscle groups clearly visible, photorealistic, 4K quality, no text, no watermarks, no logos"
"cmtjc70n200433isohuxjkfp9","Rodillas al pecho en plancha","Atleta Masculino 40s","Fit man in his early 40s, short beard and buzz cut, wearing black shirt and matching shorts, lean muscular build, athletic, performing Rodillas al pecho en plancha exercise, no equipment, bodyweight only, functional fitness movement, athletic stance, kettlebell or bodyweight, explosive power, targeting core muscles, correct anatomical form and posture, modern clean gym environment, bright even studio lighting, professional fitness photography, sharp focus on subject, slightly blurred background, full body or major muscle groups clearly visible, photorealistic, 4K quality, no text, no watermarks, no logos"
"cmtjc70y000473isoiont53t6","Ondas con soga","Atleta Masculino 40s","Fit man in his early 40s, short beard and buzz cut, wearing black shirt and matching shorts, lean muscular build, athletic, performing Ondas con soga exercise, using battle ropes, functional fitness movement, athletic stance, kettlebell or bodyweight, explosive power, targeting tren superior muscles, correct anatomical form and posture, modern clean gym environment, bright even studio lighting, professional fitness photography, sharp focus on subject, slightly blurred background, full body or major muscle groups clearly visible, photorealistic, 4K quality, no text, no watermarks, no logos"
"cmtjc71bi004b3isoe1t3umc6","Puente alternando piernas","Atleta Masculino 40s","Fit man in his early 40s, short beard and buzz cut, wearing black shirt and matching shorts, lean muscular build, athletic, performing Puente alternando piernas exercise, no equipment, bodyweight only, controlled stretching, relaxed focused expression, full range of motion, yoga mat or floor, targeting core y glúteos muscles, correct anatomical form and posture, modern clean gym environment, bright even studio lighting, professional fitness photography, sharp focus on subject, slightly blurred background, full body or major muscle groups clearly visible, photorealistic, 4K quality, no text, no watermarks, no logos"
"cmtjc71pj004f3isotz0w4w91","Bird dog controlado","Atleta Masculino 40s","Fit man in his early 40s, short beard and buzz cut, wearing black shirt and matching shorts, lean muscular build, athletic, performing Bird dog controlado exercise, no equipment, bodyweight only, controlled stretching, relaxed focused expression, full range of motion, yoga mat or floor, targeting core muscles, correct anatomical form and posture, modern clean gym environment, bright even studio lighting, professional fitness photography, sharp focus on subject, slightly blurred background, full body or major muscle groups clearly visible, photorealistic, 4K quality, no text, no watermarks, no logos"
"cmtjc7216004j3isok7iy2mo0","Puente de glúteos controlado","Atleta Masculino 40s","Fit man in his early 40s, short beard and buzz cut, wearing black shirt and matching shorts, lean muscular build, athletic, performing Puente de glúteos controlado exercise, no equipment, bodyweight only, controlled stretching, relaxed focused expression, full range of motion, yoga mat or floor, targeting cadera y glúteos muscles, correct anatomical form and posture, modern clean gym environment, bright even studio lighting, professional fitness photography, sharp focus on subject, slightly blurred background, full body or major muscle groups clearly visible, photorealistic, 4K quality, no text, no watermarks, no logos"
"cmtjc72dl004n3isobikb3m7i","Alcance controlado en pared","Atleta Masculino 40s","Fit man in his early 40s, short beard and buzz cut, wearing black shirt and matching shorts, lean muscular build, athletic, performing Alcance controlado en pared exercise, no equipment, bodyweight only, controlled stretching, relaxed focused expression, full range of motion, yoga mat or floor, targeting hombros muscles, correct anatomical form and posture, modern clean gym environment, bright even studio lighting, professional fitness photography, sharp focus on subject, slightly blurred background, full body or major muscle groups clearly visible, photorealistic, 4K quality, no text, no watermarks, no logos"
"cmtjc72pp004r3isoyc4rpq9w","Sostén de brazo extendido","Atleta Masculino 40s","Fit man in his early 40s, short beard and buzz cut, wearing black shirt and matching shorts, lean muscular build, athletic, performing Sostén de brazo extendido exercise, no equipment, bodyweight only, controlled stretching, relaxed focused expression, full range of motion, yoga mat or floor, targeting hombros muscles, correct anatomical form and posture, modern clean gym environment, bright even studio lighting, professional fitness photography, sharp focus on subject, slightly blurred background, full body or major muscle groups clearly visible, photorealistic, 4K quality, no text, no watermarks, no logos"
"cmtjc7317004v3iso52125ova","Rodillas altas coordinadas","Atleta Masculino 40s","Fit man in his early 40s, short beard and buzz cut, wearing black shirt and matching shorts, lean muscular build, athletic, performing Rodillas altas coordinadas exercise, no equipment, bodyweight only, controlled stretching, relaxed focused expression, full range of motion, yoga mat or floor, targeting piernas y core muscles, correct anatomical form and posture, modern clean gym environment, bright even studio lighting, professional fitness photography, sharp focus on subject, slightly blurred background, full body or major muscle groups clearly visible, photorealistic, 4K quality, no text, no watermarks, no logos"
"cmtjc73ew004z3isokxc9gosv","Pasos laterales rápidos","Atleta Masculino 40s","Fit man in his early 40s, short beard and buzz cut, wearing black shirt and matching shorts, lean muscular build, athletic, performing Pasos laterales rápidos exercise, no equipment, bodyweight only, controlled stretching, relaxed focused expression, full range of motion, yoga mat or floor, targeting piernas muscles, correct anatomical form and posture, modern clean gym environment, bright even studio lighting, professional fitness photography, sharp focus on subject, slightly blurred background, full body or major muscle groups clearly visible, photorealistic, 4K quality, no text, no watermarks, no logos"
"cmtjc73pk00533isovaiedvlc","Subir y bajar step en 4 tiempos","Atleta Masculino 40s","Fit man in his early 40s, short beard and buzz cut, wearing black shirt and matching shorts, lean muscular build, athletic, performing Subir y bajar step en 4 tiempos exercise, using step o plataforma, controlled stretching, relaxed focused expression, full range of motion, yoga mat or floor, targeting piernas muscles, correct anatomical form and posture, modern clean gym environment, bright even studio lighting, professional fitness photography, sharp focus on subject, slightly blurred background, full body or major muscle groups clearly visible, photorealistic, 4K quality, no text, no watermarks, no logos"
"cmtjc740800573isozko883kr","Pasos adelante y atrás","Atleta Masculino 40s","Fit man in his early 40s, short beard and buzz cut, wearing black shirt and matching shorts, lean muscular build, athletic, performing Pasos adelante y atrás exercise, no equipment, bodyweight only, controlled stretching, relaxed focused expression, full range of motion, yoga mat or floor, targeting piernas muscles, correct anatomical form and posture, modern clean gym environment, bright even studio lighting, professional fitness photography, sharp focus on subject, slightly blurred background, full body or major muscle groups clearly visible, photorealistic, 4K quality, no text, no watermarks, no logos"
"cmtjc74b3005b3isonez27ht2","Rotaciones de hombros","Atleta Masculino 40s","Fit man in his early 40s, short beard and buzz cut, wearing black shirt and matching shorts, lean muscular build, athletic, performing Rotaciones de hombros exercise, no equipment, bodyweight only, controlled stretching, relaxed focused expression, full range of motion, yoga mat or floor, targeting hombros muscles, correct anatomical form and posture, modern clean gym environment, bright even studio lighting, professional fitness photography, sharp focus on subject, slightly blurred background, full body or major muscle groups clearly visible, photorealistic, 4K quality, no text, no watermarks, no logos"
"cmtjc74on005f3isoqn1s9epu","Círculos de rodillas","Atleta Masculino 40s","Fit man in his early 40s, short beard and buzz cut, wearing black shirt and matching shorts, lean muscular build, athletic, performing Círculos de rodillas exercise, no equipment, bodyweight only, controlled stretching, relaxed focused expression, full range of motion, yoga mat or floor, targeting rodillas muscles, correct anatomical form and posture, modern clean gym environment, bright even studio lighting, professional fitness photography, sharp focus on subject, slightly blurred background, full body or major muscle groups clearly visible, photorealistic, 4K quality, no text, no watermarks, no logos"
"cmtjc74z4005j3isoyf3myv8n","Rotaciones completas de cadera","Atleta Masculino 40s","Fit man in his early 40s, short beard and buzz cut, wearing black shirt and matching shorts, lean muscular build, athletic, performing Rotaciones completas de cadera exercise, no equipment, bodyweight only, controlled stretching, relaxed focused expression, full range of motion, yoga mat or floor, targeting cadera muscles, correct anatomical form and posture, modern clean gym environment, bright even studio lighting, professional fitness photography, sharp focus on subject, slightly blurred background, full body or major muscle groups clearly visible, photorealistic, 4K quality, no text, no watermarks, no logos"
"cmtjc75a0005n3isokjl3rmxz","Movilidad de cadera en sentadilla","Atleta Masculino 40s","Fit man in his early 40s, short beard and buzz cut, wearing black shirt and matching shorts, lean muscular build, athletic, performing Movilidad de cadera en sentadilla exercise, no equipment, bodyweight only, controlled stretching, relaxed focused expression, full range of motion, yoga mat or floor, targeting cadera muscles, correct anatomical form and posture, modern clean gym environment, bright even studio lighting, professional fitness photography, sharp focus on subject, slightly blurred background, full body or major muscle groups clearly visible, photorealistic, 4K quality, no text, no watermarks, no logos"
"cmt1wcj7t00039yldl0jfmsq1","Aperturas con mancuernas","Atleta Femenino 35s","Athletic woman in her mid 30s, long blond hair, ponytail, wearing maroon athletic top and black leggings, strong physique, caucasian, performing Aperturas con mancuernas exercise, holding dumbbells in each hand, heavy weightlifting, intense focused expression, gym equipment visible, powerful stance, targeting pecho muscles, correct anatomical form and posture, modern clean gym environment, bright even studio lighting, professional fitness photography, sharp focus on subject, slightly blurred background, full body or major muscle groups clearly visible, photorealistic, 4K quality, no text, no watermarks, no logos"
"cmt1wcjhf00079yld2nduorws","Dominadas","Atleta Femenino 35s","Athletic woman in her mid 30s, long blond hair, ponytail, wearing maroon athletic top and black leggings, strong physique, caucasian, performing Dominadas exercise, holding olympic barbell with weight plates, heavy weightlifting, intense focused expression, gym equipment visible, powerful stance, targeting espalda muscles, correct anatomical form and posture, modern clean gym environment, bright even studio lighting, professional fitness photography, sharp focus on subject, slightly blurred background, full body or major muscle groups clearly visible, photorealistic, 4K quality, no text, no watermarks, no logos"
"cmt1wcjr2000b9yldxdxvej0a","Remo en máquina","Atleta Femenino 35s","Athletic woman in her mid 30s, long blond hair, ponytail, wearing maroon athletic top and black leggings, strong physique, caucasian, performing Remo en máquina exercise, using gym machine, seated or standing position, heavy weightlifting, intense focused expression, gym equipment visible, powerful stance, targeting espalda muscles, correct anatomical form and posture, modern clean gym environment, bright even studio lighting, professional fitness photography, sharp focus on subject, slightly blurred background, full body or major muscle groups clearly visible, photorealistic, 4K quality, no text, no watermarks, no logos"
"cmt1wck53000f9yldicxxtjqj","Press con mancuernas","Atleta Femenino 35s","Athletic woman in her mid 30s, long blond hair, ponytail, wearing maroon athletic top and black leggings, strong physique, caucasian, performing Press con mancuernas exercise, holding dumbbells in each hand, heavy weightlifting, intense focused expression, gym equipment visible, powerful stance, targeting hombros muscles, correct anatomical form and posture, modern clean gym environment, bright even studio lighting, professional fitness photography, sharp focus on subject, slightly blurred background, full body or major muscle groups clearly visible, photorealistic, 4K quality, no text, no watermarks, no logos"
"cmt1wckek000j9yldeplkioi0","Face pull","Atleta Femenino 35s","Athletic woman in her mid 30s, long blond hair, ponytail, wearing maroon athletic top and black leggings, strong physique, caucasian, performing Face pull exercise, using cable machine with attachment, heavy weightlifting, intense focused expression, gym equipment visible, powerful stance, targeting hombros muscles, correct anatomical form and posture, modern clean gym environment, bright even studio lighting, professional fitness photography, sharp focus on subject, slightly blurred background, full body or major muscle groups clearly visible, photorealistic, 4K quality, no text, no watermarks, no logos"
"cmt1wckot000n9yldmfjl6fpj","Curl en predicador","Atleta Femenino 35s","Athletic woman in her mid 30s, long blond hair, ponytail, wearing maroon athletic top and black leggings, strong physique, caucasian, performing Curl en predicador exercise, holding olympic barbell with weight plates, heavy weightlifting, intense focused expression, gym equipment visible, powerful stance, targeting bíceps muscles, correct anatomical form and posture, modern clean gym environment, bright even studio lighting, professional fitness photography, sharp focus on subject, slightly blurred background, full body or major muscle groups clearly visible, photorealistic, 4K quality, no text, no watermarks, no logos"
"cmt1wckyn000r9yldoso60map","Fondos","Atleta Femenino 35s","Athletic woman in her mid 30s, long blond hair, ponytail, wearing maroon athletic top and black leggings, strong physique, caucasian, performing Fondos exercise, using dip bars, heavy weightlifting, intense focused expression, gym equipment visible, powerful stance, targeting tríceps muscles, correct anatomical form and posture, modern clean gym environment, bright even studio lighting, professional fitness photography, sharp focus on subject, slightly blurred background, full body or major muscle groups clearly visible, photorealistic, 4K quality, no text, no watermarks, no logos"
"cmt1wcl8b000v9yldckgmn8x9","Prensa","Atleta Femenino 35s","Athletic woman in her mid 30s, long blond hair, ponytail, wearing maroon athletic top and black leggings, strong physique, caucasian, performing Prensa exercise, using gym machine, seated or standing position, heavy weightlifting, intense focused expression, gym equipment visible, powerful stance, targeting cuádriceps muscles, correct anatomical form and posture, modern clean gym environment, bright even studio lighting, professional fitness photography, sharp focus on subject, slightly blurred background, full body or major muscle groups clearly visible, photorealistic, 4K quality, no text, no watermarks, no logos"
"cmt1wclhu000z9yld35gmwna8","Hip thrust","Atleta Femenino 35s","Athletic woman in her mid 30s, long blond hair, ponytail, wearing maroon athletic top and black leggings, strong physique, caucasian, performing Hip thrust exercise, holding olympic barbell with weight plates, heavy weightlifting, intense focused expression, gym equipment visible, powerful stance, targeting glúteos muscles, correct anatomical form and posture, modern clean gym environment, bright even studio lighting, professional fitness photography, sharp focus on subject, slightly blurred background, full body or major muscle groups clearly visible, photorealistic, 4K quality, no text, no watermarks, no logos"
"cmt1wclrc00139yldadw7gupn","Elevación de piernas","Atleta Femenino 35s","Athletic woman in her mid 30s, long blond hair, ponytail, wearing maroon athletic top and black leggings, strong physique, caucasian, performing Elevación de piernas exercise, using weight bench for support, heavy weightlifting, intense focused expression, gym equipment visible, powerful stance, targeting core muscles, correct anatomical form and posture, modern clean gym environment, bright even studio lighting, professional fitness photography, sharp focus on subject, slightly blurred background, full body or major muscle groups clearly visible, photorealistic, 4K quality, no text, no watermarks, no logos"
"cmt1wcm1000179yldfq7aarqp","Elíptica","Atleta Femenino 35s","Athletic woman in her mid 30s, long blond hair, ponytail, wearing maroon athletic top and black leggings, strong physique, caucasian, performing Elíptica exercise, using elliptical machine, dynamic motion, mid-movement, sweat visible, energetic expression, cardio machine or open floor, targeting full body muscles, correct anatomical form and posture, modern clean gym environment, bright even studio lighting, professional fitness photography, sharp focus on subject, slightly blurred background, full body or major muscle groups clearly visible, photorealistic, 4K quality, no text, no watermarks, no logos"
"cmt1wcmai001b9yldunrkznuj","Burpees","Atleta Femenino 35s","Athletic woman in her mid 30s, long blond hair, ponytail, wearing maroon athletic top and black leggings, strong physique, caucasian, performing Burpees exercise, no equipment, bodyweight only, dynamic motion, mid-movement, sweat visible, energetic expression, cardio machine or open floor, targeting cuerpo completo muscles, correct anatomical form and posture, modern clean gym environment, bright even studio lighting, professional fitness photography, sharp focus on subject, slightly blurred background, full body or major muscle groups clearly visible, photorealistic, 4K quality, no text, no watermarks, no logos"
"cmt1wcmjy001f9yld50nudphn","Kettlebell swing","Atleta Femenino 35s","Athletic woman in her mid 30s, long blond hair, ponytail, wearing maroon athletic top and black leggings, strong physique, caucasian, performing Kettlebell swing exercise, holding kettlebell with both hands or one, functional fitness movement, athletic stance, kettlebell or bodyweight, explosive power, targeting full body muscles, correct anatomical form and posture, modern clean gym environment, bright even studio lighting, professional fitness photography, sharp focus on subject, slightly blurred background, full body or major muscle groups clearly visible, photorealistic, 4K quality, no text, no watermarks, no logos"
"cmt1wcmto001j9yld1epg2ogf","Thrusters","Atleta Femenino 35s","Athletic woman in her mid 30s, long blond hair, ponytail, wearing maroon athletic top and black leggings, strong physique, caucasian, performing Thrusters exercise, holding olympic barbell with weight plates, functional fitness movement, athletic stance, kettlebell or bodyweight, explosive power, targeting full body muscles, correct anatomical form and posture, modern clean gym environment, bright even studio lighting, professional fitness photography, sharp focus on subject, slightly blurred background, full body or major muscle groups clearly visible, photorealistic, 4K quality, no text, no watermarks, no logos"
"cmt1wcn3b001n9yldtne37wpy","Box jump","Atleta Femenino 35s","Athletic woman in her mid 30s, long blond hair, ponytail, wearing maroon athletic top and black leggings, strong physique, caucasian, performing Box jump exercise, using plyometric box, functional fitness movement, athletic stance, kettlebell or bodyweight, explosive power, targeting piernas muscles, correct anatomical form and posture, modern clean gym environment, bright even studio lighting, professional fitness photography, sharp focus on subject, slightly blurred background, full body or major muscle groups clearly visible, photorealistic, 4K quality, no text, no watermarks, no logos"
"cmt1wcnco001r9ylda12u9yjr","Puentes","Atleta Femenino 35s","Athletic woman in her mid 30s, long blond hair, ponytail, wearing maroon athletic top and black leggings, strong physique, caucasian, performing Puentes exercise, no equipment, bodyweight only, controlled stretching, relaxed focused expression, full range of motion, yoga mat or floor, targeting core muscles, correct anatomical form and posture, modern clean gym environment, bright even studio lighting, professional fitness photography, sharp focus on subject, slightly blurred background, full body or major muscle groups clearly visible, photorealistic, 4K quality, no text, no watermarks, no logos"
"cmt1wcnm4001v9yld6f6c1m1u","Dislocaciones con palo","Atleta Femenino 35s","Athletic woman in her mid 30s, long blond hair, ponytail, wearing maroon athletic top and black leggings, strong physique, caucasian, performing Dislocaciones con palo exercise, using PVC pipe or wooden stick, controlled stretching, relaxed focused expression, full range of motion, yoga mat or floor, targeting hombros muscles, correct anatomical form and posture, modern clean gym environment, bright even studio lighting, professional fitness photography, sharp focus on subject, slightly blurred background, full body or major muscle groups clearly visible, photorealistic, 4K quality, no text, no watermarks, no logos"
"cmt1wcnvl001z9yld17a5x2pw","Estiramiento de isquiotibiales","Atleta Femenino 35s","Athletic woman in her mid 30s, long blond hair, ponytail, wearing maroon athletic top and black leggings, strong physique, caucasian, performing Estiramiento de isquiotibiales exercise, no equipment, bodyweight only, deep stretch pose, calm breathing, elongated muscles, floor exercise, peaceful expression, targeting femoral muscles, correct anatomical form and posture, modern clean gym environment, bright even studio lighting, professional fitness photography, sharp focus on subject, slightly blurred background, full body or major muscle groups clearly visible, photorealistic, 4K quality, no text, no watermarks, no logos"
"cmt1wco5c00239yldm6ht9wfl","Estiramiento de pantorrilla","Atleta Femenino 35s","Athletic woman in her mid 30s, long blond hair, ponytail, wearing maroon athletic top and black leggings, strong physique, caucasian, performing Estiramiento de pantorrilla exercise, no equipment, bodyweight only, deep stretch pose, calm breathing, elongated muscles, floor exercise, peaceful expression, targeting pantorrilla muscles, correct anatomical form and posture, modern clean gym environment, bright even studio lighting, professional fitness photography, sharp focus on subject, slightly blurred background, full body or major muscle groups clearly visible, photorealistic, 4K quality, no text, no watermarks, no logos"
"cmt1wcof100279yld41nk837x","Postura del niño","Atleta Femenino 35s","Athletic woman in her mid 30s, long blond hair, ponytail, wearing maroon athletic top and black leggings, strong physique, caucasian, performing Postura del niño exercise, no equipment, bodyweight only, deep stretch pose, calm breathing, elongated muscles, floor exercise, peaceful expression, targeting espalda muscles, correct anatomical form and posture, modern clean gym environment, bright even studio lighting, professional fitness photography, sharp focus on subject, slightly blurred background, full body or major muscle groups clearly visible, photorealistic, 4K quality, no text, no watermarks, no logos"
"cmt1wcopi002b9yld384s8dco","Lunges saltados","Atleta Femenino 35s","Athletic woman in her mid 30s, long blond hair, ponytail, wearing maroon athletic top and black leggings, strong physique, caucasian, performing Lunges saltados exercise, no equipment, bodyweight only, explosive athletic movement, mid-air capture, maximum power output, dynamic freeze frame, targeting piernas muscles, correct anatomical form and posture, modern clean gym environment, bright even studio lighting, professional fitness photography, sharp focus on subject, slightly blurred background, full body or major muscle groups clearly visible, photorealistic, 4K quality, no text, no watermarks, no logos"
"cmt1wcoyx002f9yldamdcj6if","Depth jump","Atleta Femenino 35s","Athletic woman in her mid 30s, long blond hair, ponytail, wearing maroon athletic top and black leggings, strong physique, caucasian, performing Depth jump exercise, using cajón pliométrico, explosive athletic movement, mid-air capture, maximum power output, dynamic freeze frame, targeting piernas muscles, correct anatomical form and posture, modern clean gym environment, bright even studio lighting, professional fitness photography, sharp focus on subject, slightly blurred background, full body or major muscle groups clearly visible, photorealistic, 4K quality, no text, no watermarks, no logos"
"cmt1wcp8p002j9yldwgdgqjcb","Pájaro en bosu","Atleta Femenino 35s","Athletic woman in her mid 30s, long blond hair, ponytail, wearing maroon athletic top and black leggings, strong physique, caucasian, performing Pájaro en bosu exercise, standing on bosu ball for instability, stable balanced pose, core engaged, focused concentration, unstable surface or single leg, targeting core muscles, correct anatomical form and posture, modern clean gym environment, bright even studio lighting, professional fitness photography, sharp focus on subject, slightly blurred background, full body or major muscle groups clearly visible, photorealistic, 4K quality, no text, no watermarks, no logos"
"cmt1wcpii002n9yld4362i6c7","Puente en fitball","Atleta Femenino 35s","Athletic woman in her mid 30s, long blond hair, ponytail, wearing maroon athletic top and black leggings, strong physique, caucasian, performing Puente en fitball exercise, using stability swiss ball, stable balanced pose, core engaged, focused concentration, unstable surface or single leg, targeting glúteos muscles, correct anatomical form and posture, modern clean gym environment, bright even studio lighting, professional fitness photography, sharp focus on subject, slightly blurred background, full body or major muscle groups clearly visible, photorealistic, 4K quality, no text, no watermarks, no logos"
"cmt1wcpsh002r9yld4fu6jbrt","Front squat con palo","Atleta Femenino 35s","Athletic woman in her mid 30s, long blond hair, ponytail, wearing maroon athletic top and black leggings, strong physique, caucasian, performing Front squat con palo exercise, using PVC pipe or wooden stick, practicing movement pattern, light weight or PVC pipe, instructional form, slow controlled, targeting piernas muscles, correct anatomical form and posture, modern clean gym environment, bright even studio lighting, professional fitness photography, sharp focus on subject, slightly blurred background, full body or major muscle groups clearly visible, photorealistic, 4K quality, no text, no watermarks, no logos"
"cmt1wcq28002v9yld37f9ha9y","Snatch pull","Atleta Femenino 35s","Athletic woman in her mid 30s, long blond hair, ponytail, wearing maroon athletic top and black leggings, strong physique, caucasian, performing Snatch pull exercise, holding olympic barbell with weight plates, practicing movement pattern, light weight or PVC pipe, instructional form, slow controlled, targeting full body muscles, correct anatomical form and posture, modern clean gym environment, bright even studio lighting, professional fitness photography, sharp focus on subject, slightly blurred background, full body or major muscle groups clearly visible, photorealistic, 4K quality, no text, no watermarks, no logos"
"cmt1wcqc3002z9yld3pu80ro9","Leg swings","Atleta Femenino 35s","Athletic woman in her mid 30s, long blond hair, ponytail, wearing maroon athletic top and black leggings, strong physique, caucasian, performing Leg swings exercise, no equipment, bodyweight only, light dynamic movement, warming up body, gradual motion, preparing for exercise, targeting piernas muscles, correct anatomical form and posture, modern clean gym environment, bright even studio lighting, professional fitness photography, sharp focus on subject, slightly blurred background, full body or major muscle groups clearly visible, photorealistic, 4K quality, no text, no watermarks, no logos"
"cmt1wcqmj00339yld05q6sod2","Caminata de oso","Atleta Femenino 35s","Athletic woman in her mid 30s, long blond hair, ponytail, wearing maroon athletic top and black leggings, strong physique, caucasian, performing Caminata de oso exercise, no equipment, bodyweight only, light dynamic movement, warming up body, gradual motion, preparing for exercise, targeting cuerpo completo muscles, correct anatomical form and posture, modern clean gym environment, bright even studio lighting, professional fitness photography, sharp focus on subject, slightly blurred background, full body or major muscle groups clearly visible, photorealistic, 4K quality, no text, no watermarks, no logos"
"cmt1wcqwe00379yldcc8sbe9y","Respiración diafragmática","Atleta Femenino 35s","Athletic woman in her mid 30s, long blond hair, ponytail, wearing maroon athletic top and black leggings, strong physique, caucasian, performing Respiración diafragmática exercise, no equipment, bodyweight only, recovery stretching, deep breathing, relaxed posture, post-workout calm, gentle movement, targeting core muscles, correct anatomical form and posture, modern clean gym environment, bright even studio lighting, professional fitness photography, sharp focus on subject, slightly blurred background, full body or major muscle groups clearly visible, photorealistic, 4K quality, no text, no watermarks, no logos"
"cmt1wcrci003b9yldvllpvdl6","Meditación","Atleta Femenino 35s","Athletic woman in her mid 30s, long blond hair, ponytail, wearing maroon athletic top and black leggings, strong physique, caucasian, performing Meditación exercise, no equipment, bodyweight only, recovery stretching, deep breathing, relaxed posture, post-workout calm, gentle movement, targeting mental muscles, correct anatomical form and posture, modern clean gym environment, bright even studio lighting, professional fitness photography, sharp focus on subject, slightly blurred background, full body or major muscle groups clearly visible, photorealistic, 4K quality, no text, no watermarks, no logos"
"cmt1wcrm4003f9yldd4lftrim","Activación glútea","Atleta Femenino 35s","Athletic woman in her mid 30s, long blond hair, ponytail, wearing maroon athletic top and black leggings, strong physique, caucasian, performing Activación glútea exercise, using resistance band for tension, rehabilitation exercise, controlled activation, mind-muscle connection, precise small movement, targeting glúteos muscles, correct anatomical form and posture, modern clean gym environment, bright even studio lighting, professional fitness photography, sharp focus on subject, slightly blurred background, full body or major muscle groups clearly visible, photorealistic, 4K quality, no text, no watermarks, no logos"
"cmt33a1vw0001ypj1sy2zkij2","Remo yates","Atleta Femenino 35s","Athletic woman in her mid 30s, long blond hair, ponytail, wearing maroon athletic top and black leggings, strong physique, caucasian, performing Remo yates exercise, holding olympic barbell with weight plates, heavy weightlifting, intense focused expression, gym equipment visible, powerful stance, targeting espalda muscles, correct anatomical form and posture, modern clean gym environment, bright even studio lighting, professional fitness photography, sharp focus on subject, slightly blurred background, full body or major muscle groups clearly visible, photorealistic, 4K quality, no text, no watermarks, no logos"
"cmt33a26p0005ypj16e1fsutm","Elevación frontal con barra","Atleta Femenino 35s","Athletic woman in her mid 30s, long blond hair, ponytail, wearing maroon athletic top and black leggings, strong physique, caucasian, performing Elevación frontal con barra exercise, holding olympic barbell with weight plates, heavy weightlifting, intense focused expression, gym equipment visible, powerful stance, targeting hombros muscles, correct anatomical form and posture, modern clean gym environment, bright even studio lighting, professional fitness photography, sharp focus on subject, slightly blurred background, full body or major muscle groups clearly visible, photorealistic, 4K quality, no text, no watermarks, no logos"
"cmt33a2he0009ypj1a1t65tfi","Jalón a una mano","Atleta Femenino 35s","Athletic woman in her mid 30s, long blond hair, ponytail, wearing maroon athletic top and black leggings, strong physique, caucasian, performing Jalón a una mano exercise, using máquina de jalón, heavy weightlifting, intense focused expression, gym equipment visible, powerful stance, targeting espalda muscles, correct anatomical form and posture, modern clean gym environment, bright even studio lighting, professional fitness photography, sharp focus on subject, slightly blurred background, full body or major muscle groups clearly visible, photorealistic, 4K quality, no text, no watermarks, no logos"
"cmt33a2s9000dypj1iyg047zm","Hip thrust en máquina","Atleta Femenino 35s","Athletic woman in her mid 30s, long blond hair, ponytail, wearing maroon athletic top and black leggings, strong physique, caucasian, performing Hip thrust en máquina exercise, using máquina de hip thrust, heavy weightlifting, intense focused expression, gym equipment visible, powerful stance, targeting glúteos muscles, correct anatomical form and posture, modern clean gym environment, bright even studio lighting, professional fitness photography, sharp focus on subject, slightly blurred background, full body or major muscle groups clearly visible, photorealistic, 4K quality, no text, no watermarks, no logos"
"cmt33a32v000hypj1m74xmv33","Hiperextensiones inversas","Atleta Femenino 35s","Athletic woman in her mid 30s, long blond hair, ponytail, wearing maroon athletic top and black leggings, strong physique, caucasian, performing Hiperextensiones inversas exercise, using banco de hiperextensiones, heavy weightlifting, intense focused expression, gym equipment visible, powerful stance, targeting isquiotibiales / glúteos muscles, correct anatomical form and posture, modern clean gym environment, bright even studio lighting, professional fitness photography, sharp focus on subject, slightly blurred background, full body or major muscle groups clearly visible, photorealistic, 4K quality, no text, no watermarks, no logos"
"cmt33a3g5000lypj1w5zm6nw2","Face pull con banda","Atleta Femenino 35s","Athletic woman in her mid 30s, long blond hair, ponytail, wearing maroon athletic top and black leggings, strong physique, caucasian, performing Face pull con banda exercise, using banda elástica, heavy weightlifting, intense focused expression, gym equipment visible, powerful stance, targeting hombros muscles, correct anatomical form and posture, modern clean gym environment, bright even studio lighting, professional fitness photography, sharp focus on subject, slightly blurred background, full body or major muscle groups clearly visible, photorealistic, 4K quality, no text, no watermarks, no logos"
"cmt33a3rp000pypj1l4k9ioqq","Pull-over con kettlebell","Atleta Femenino 35s","Athletic woman in her mid 30s, long blond hair, ponytail, wearing maroon athletic top and black leggings, strong physique, caucasian, performing Pull-over con kettlebell exercise, using kettlebell + banco, heavy weightlifting, intense focused expression, gym equipment visible, powerful stance, targeting pecho / espalda muscles, correct anatomical form and posture, modern clean gym environment, bright even studio lighting, professional fitness photography, sharp focus on subject, slightly blurred background, full body or major muscle groups clearly visible, photorealistic, 4K quality, no text, no watermarks, no logos"
"cmt33a42g000typj1npu26vtk","Hip thrust b-stance","Atleta Femenino 35s","Athletic woman in her mid 30s, long blond hair, ponytail, wearing maroon athletic top and black leggings, strong physique, caucasian, performing Hip thrust b-stance exercise, using barra / mancuerna / peso corporal, heavy weightlifting, intense focused expression, gym equipment visible, powerful stance, targeting glúteos muscles, correct anatomical form and posture, modern clean gym environment, bright even studio lighting, professional fitness photography, sharp focus on subject, slightly blurred background, full body or major muscle groups clearly visible, photorealistic, 4K quality, no text, no watermarks, no logos"
"cmt33a4dg000xypj1z0p4bk7g","Russian twist en banco","Atleta Femenino 35s","Athletic woman in her mid 30s, long blond hair, ponytail, wearing maroon athletic top and black leggings, strong physique, caucasian, performing Russian twist en banco exercise, using banco plano, heavy weightlifting, intense focused expression, gym equipment visible, powerful stance, targeting core muscles, correct anatomical form and posture, modern clean gym environment, bright even studio lighting, professional fitness photography, sharp focus on subject, slightly blurred background, full body or major muscle groups clearly visible, photorealistic, 4K quality, no text, no watermarks, no logos"
"cmt33a4nm0011ypj15k3pawuu","Extensión de tríceps en polea alta","Atleta Femenino 35s","Athletic woman in her mid 30s, long blond hair, ponytail, wearing maroon athletic top and black leggings, strong physique, caucasian, performing Extensión de tríceps en polea alta exercise, using polea alta + barra / cuerda, heavy weightlifting, intense focused expression, gym equipment visible, powerful stance, targeting tríceps muscles, correct anatomical form and posture, modern clean gym environment, bright even studio lighting, professional fitness photography, sharp focus on subject, slightly blurred background, full body or major muscle groups clearly visible, photorealistic, 4K quality, no text, no watermarks, no logos"
"cmt33a4xt0015ypj1fzw3my0q","Jalón agarre cerrado","Atleta Femenino 35s","Athletic woman in her mid 30s, long blond hair, ponytail, wearing maroon athletic top and black leggings, strong physique, caucasian, performing Jalón agarre cerrado exercise, using polea alta + barra en v, heavy weightlifting, intense focused expression, gym equipment visible, powerful stance, targeting espalda muscles, correct anatomical form and posture, modern clean gym environment, bright even studio lighting, professional fitness photography, sharp focus on subject, slightly blurred background, full body or major muscle groups clearly visible, photorealistic, 4K quality, no text, no watermarks, no logos"
"cmt33a5ab0019ypj18a5jqu7b","Fondos en banco","Atleta Femenino 35s","Athletic woman in her mid 30s, long blond hair, ponytail, wearing maroon athletic top and black leggings, strong physique, caucasian, performing Fondos en banco exercise, using banco plano, heavy weightlifting, intense focused expression, gym equipment visible, powerful stance, targeting tríceps muscles, correct anatomical form and posture, modern clean gym environment, bright even studio lighting, professional fitness photography, sharp focus on subject, slightly blurred background, full body or major muscle groups clearly visible, photorealistic, 4K quality, no text, no watermarks, no logos"
"cmt33a5nt001dypj1ydjmgykf","Hip thrust con barra smith","Atleta Femenino 35s","Athletic woman in her mid 30s, long blond hair, ponytail, wearing maroon athletic top and black leggings, strong physique, caucasian, performing Hip thrust con barra smith exercise, using máquina smith, heavy weightlifting, intense focused expression, gym equipment visible, powerful stance, targeting glúteos muscles, correct anatomical form and posture, modern clean gym environment, bright even studio lighting, professional fitness photography, sharp focus on subject, slightly blurred background, full body or major muscle groups clearly visible, photorealistic, 4K quality, no text, no watermarks, no logos"
"cmt33a606001hypj17cjkyaey","Crunch con cuerda","Atleta Femenino 35s","Athletic woman in her mid 30s, long blond hair, ponytail, wearing maroon athletic top and black leggings, strong physique, caucasian, performing Crunch con cuerda exercise, using polea alta + cuerda, heavy weightlifting, intense focused expression, gym equipment visible, powerful stance, targeting core muscles, correct anatomical form and posture, modern clean gym environment, bright even studio lighting, professional fitness photography, sharp focus on subject, slightly blurred background, full body or major muscle groups clearly visible, photorealistic, 4K quality, no text, no watermarks, no logos"
"cmt33a6bh001lypj1w6xqu54j","Hip thrust con banda","Atleta Femenino 35s","Athletic woman in her mid 30s, long blond hair, ponytail, wearing maroon athletic top and black leggings, strong physique, caucasian, performing Hip thrust con banda exercise, using banda elástica + banco, heavy weightlifting, intense focused expression, gym equipment visible, powerful stance, targeting glúteos muscles, correct anatomical form and posture, modern clean gym environment, bright even studio lighting, professional fitness photography, sharp focus on subject, slightly blurred background, full body or major muscle groups clearly visible, photorealistic, 4K quality, no text, no watermarks, no logos"
"cmt33a6mg001pypj1vgl6tjlj","Face pull con cuerda alta","Atleta Femenino 35s","Athletic woman in her mid 30s, long blond hair, ponytail, wearing maroon athletic top and black leggings, strong physique, caucasian, performing Face pull con cuerda alta exercise, using polea alta + cuerda, heavy weightlifting, intense focused expression, gym equipment visible, powerful stance, targeting hombros muscles, correct anatomical form and posture, modern clean gym environment, bright even studio lighting, professional fitness photography, sharp focus on subject, slightly blurred background, full body or major muscle groups clearly visible, photorealistic, 4K quality, no text, no watermarks, no logos"
"cmt33a6xa001typj1b71k7369","Remo invertido","Atleta Femenino 35s","Athletic woman in her mid 30s, long blond hair, ponytail, wearing maroon athletic top and black leggings, strong physique, caucasian, performing Remo invertido exercise, using barra fija / trx, heavy weightlifting, intense focused expression, gym equipment visible, powerful stance, targeting espalda muscles, correct anatomical form and posture, modern clean gym environment, bright even studio lighting, professional fitness photography, sharp focus on subject, slightly blurred background, full body or major muscle groups clearly visible, photorealistic, 4K quality, no text, no watermarks, no logos"
"cmt33a77v001xypj1ubgd3zwg","Remo con banda","Atleta Femenino 35s","Athletic woman in her mid 30s, long blond hair, ponytail, wearing maroon athletic top and black leggings, strong physique, caucasian, performing Remo con banda exercise, using banda elástica, heavy weightlifting, intense focused expression, gym equipment visible, powerful stance, targeting espalda muscles, correct anatomical form and posture, modern clean gym environment, bright even studio lighting, professional fitness photography, sharp focus on subject, slightly blurred background, full body or major muscle groups clearly visible, photorealistic, 4K quality, no text, no watermarks, no logos"
"cmt33a7id0021ypj1zjywk295","Russian twist con mancuerna","Atleta Femenino 35s","Athletic woman in her mid 30s, long blond hair, ponytail, wearing maroon athletic top and black leggings, strong physique, caucasian, performing Russian twist con mancuerna exercise, holding single dumbbell, heavy weightlifting, intense focused expression, gym equipment visible, powerful stance, targeting core muscles, correct anatomical form and posture, modern clean gym environment, bright even studio lighting, professional fitness photography, sharp focus on subject, slightly blurred background, full body or major muscle groups clearly visible, photorealistic, 4K quality, no text, no watermarks, no logos"
"cmt33a7t30025ypj1gpw54zkj","Pájaro en máquina","Atleta Femenino 35s","Athletic woman in her mid 30s, long blond hair, ponytail, wearing maroon athletic top and black leggings, strong physique, caucasian, performing Pájaro en máquina exercise, using máquina de pájaro / pec deck inverso, heavy weightlifting, intense focused expression, gym equipment visible, powerful stance, targeting hombros muscles, correct anatomical form and posture, modern clean gym environment, bright even studio lighting, professional fitness photography, sharp focus on subject, slightly blurred background, full body or major muscle groups clearly visible, photorealistic, 4K quality, no text, no watermarks, no logos"
"cmt33a83p0029ypj1ysb6ld6i","Sentadilla sumo","Atleta Femenino 35s","Athletic woman in her mid 30s, long blond hair, ponytail, wearing maroon athletic top and black leggings, strong physique, caucasian, performing Sentadilla sumo exercise, using barra / mancuerna / peso corporal, heavy weightlifting, intense focused expression, gym equipment visible, powerful stance, targeting cuádriceps muscles, correct anatomical form and posture, modern clean gym environment, bright even studio lighting, professional fitness photography, sharp focus on subject, slightly blurred background, full body or major muscle groups clearly visible, photorealistic, 4K quality, no text, no watermarks, no logos"
"cmt33a8eg002dypj1ma5yulas","Press declinado con mancuernas","Atleta Femenino 35s","Athletic woman in her mid 30s, long blond hair, ponytail, wearing maroon athletic top and black leggings, strong physique, caucasian, performing Press declinado con mancuernas exercise, using mancuernas + banco declinado, heavy weightlifting, intense focused expression, gym equipment visible, powerful stance, targeting pecho muscles, correct anatomical form and posture, modern clean gym environment, bright even studio lighting, professional fitness photography, sharp focus on subject, slightly blurred background, full body or major muscle groups clearly visible, photorealistic, 4K quality, no text, no watermarks, no logos"
"cmt33a8ox002hypj1nhbenfkn","Extensión de cuádriceps con banda","Atleta Femenino 35s","Athletic woman in her mid 30s, long blond hair, ponytail, wearing maroon athletic top and black leggings, strong physique, caucasian, performing Extensión de cuádriceps con banda exercise, using banda elástica + anclaje bajo, heavy weightlifting, intense focused expression, gym equipment visible, powerful stance, targeting cuádriceps muscles, correct anatomical form and posture, modern clean gym environment, bright even studio lighting, professional fitness photography, sharp focus on subject, slightly blurred background, full body or major muscle groups clearly visible, photorealistic, 4K quality, no text, no watermarks, no logos"
"cmt33a8z4002lypj14ks9kpv6","Aperturas en banco declinado","Atleta Femenino 35s","Athletic woman in her mid 30s, long blond hair, ponytail, wearing maroon athletic top and black leggings, strong physique, caucasian, performing Aperturas en banco declinado exercise, using mancuernas + banco declinado, heavy weightlifting, intense focused expression, gym equipment visible, powerful stance, targeting pecho muscles, correct anatomical form and posture, modern clean gym environment, bright even studio lighting, professional fitness photography, sharp focus on subject, slightly blurred background, full body or major muscle groups clearly visible, photorealistic, 4K quality, no text, no watermarks, no logos"
"cmt33a99h002pypj17hf6l938","Press de hombros con barra","Atleta Femenino 35s","Athletic woman in her mid 30s, long blond hair, ponytail, wearing maroon athletic top and black leggings, strong physique, caucasian, performing Press de hombros con barra exercise, holding olympic barbell with weight plates, heavy weightlifting, intense focused expression, gym equipment visible, powerful stance, targeting hombros muscles, correct anatomical form and posture, modern clean gym environment, bright even studio lighting, professional fitness photography, sharp focus on subject, slightly blurred background, full body or major muscle groups clearly visible, photorealistic, 4K quality, no text, no watermarks, no logos"
"cmt33a9jr002typj1mj8626pc","Elevación de piernas con mancuerna entre pies","Atleta Femenino 35s","Athletic woman in her mid 30s, long blond hair, ponytail, wearing maroon athletic top and black leggings, strong physique, caucasian, performing Elevación de piernas con mancuerna entre pies exercise, using mancuerna + banco plano, heavy weightlifting, intense focused expression, gym equipment visible, powerful stance, targeting core muscles, correct anatomical form and posture, modern clean gym environment, bright even studio lighting, professional fitness photography, sharp focus on subject, slightly blurred background, full body or major muscle groups clearly visible, photorealistic, 4K quality, no text, no watermarks, no logos"
"cmt33a9um002xypj1yw569utf","Hiperextensiones unilateral","Atleta Femenino 35s","Athletic woman in her mid 30s, long blond hair, ponytail, wearing maroon athletic top and black leggings, strong physique, caucasian, performing Hiperextensiones unilateral exercise, using banco de hiperextensiones, heavy weightlifting, intense focused expression, gym equipment visible, powerful stance, targeting espalda baja / glúteos muscles, correct anatomical form and posture, modern clean gym environment, bright even studio lighting, professional fitness photography, sharp focus on subject, slightly blurred background, full body or major muscle groups clearly visible, photorealistic, 4K quality, no text, no watermarks, no logos"
"cmt33aa5w0031ypj1hhxfb7fb","Mountain climber cruzado","Atleta Femenino 35s","Athletic woman in her mid 30s, long blond hair, ponytail, wearing maroon athletic top and black leggings, strong physique, caucasian, performing Mountain climber cruzado exercise, no equipment, bodyweight only, dynamic motion, mid-movement, sweat visible, energetic expression, cardio machine or open floor, targeting core muscles, correct anatomical form and posture, modern clean gym environment, bright even studio lighting, professional fitness photography, sharp focus on subject, slightly blurred background, full body or major muscle groups clearly visible, photorealistic, 4K quality, no text, no watermarks, no logos"
"cmt33aag70035ypj1l0zm3x4y","Zancadas dinámicas laterales","Atleta Femenino 35s","Athletic woman in her mid 30s, long blond hair, ponytail, wearing maroon athletic top and black leggings, strong physique, caucasian, performing Zancadas dinámicas laterales exercise, no equipment, bodyweight only, dynamic motion, mid-movement, sweat visible, energetic expression, cardio machine or open floor, targeting piernas muscles, correct anatomical form and posture, modern clean gym environment, bright even studio lighting, professional fitness photography, sharp focus on subject, slightly blurred background, full body or major muscle groups clearly visible, photorealistic, 4K quality, no text, no watermarks, no logos"
"cmt33aaqn0039ypj1a3zmn0wn","Carrera intervalada en cinta","Atleta Femenino 35s","Athletic woman in her mid 30s, long blond hair, ponytail, wearing maroon athletic top and black leggings, strong physique, caucasian, performing Carrera intervalada en cinta exercise, running on treadmill, dynamic motion, mid-movement, sweat visible, energetic expression, cardio machine or open floor, targeting piernas muscles, correct anatomical form and posture, modern clean gym environment, bright even studio lighting, professional fitness photography, sharp focus on subject, slightly blurred background, full body or major muscle groups clearly visible, photorealistic, 4K quality, no text, no watermarks, no logos"
"cmt33ab0u003dypj1c6e5aqmu","Caminata en el lugar","Atleta Femenino 35s","Athletic woman in her mid 30s, long blond hair, ponytail, wearing maroon athletic top and black leggings, strong physique, caucasian, performing Caminata en el lugar exercise, no equipment, bodyweight only, dynamic motion, mid-movement, sweat visible, energetic expression, cardio machine or open floor, targeting piernas muscles, correct anatomical form and posture, modern clean gym environment, bright even studio lighting, professional fitness photography, sharp focus on subject, slightly blurred background, full body or major muscle groups clearly visible, photorealistic, 4K quality, no text, no watermarks, no logos"
"cmt33abc4003hypj1uirtseun","Sprint con chaleco","Atleta Femenino 35s","Athletic woman in her mid 30s, long blond hair, ponytail, wearing maroon athletic top and black leggings, strong physique, caucasian, performing Sprint con chaleco exercise, on running track, dynamic motion, mid-movement, sweat visible, energetic expression, cardio machine or open floor, targeting piernas muscles, correct anatomical form and posture, modern clean gym environment, bright even studio lighting, professional fitness photography, sharp focus on subject, slightly blurred background, full body or major muscle groups clearly visible, photorealistic, 4K quality, no text, no watermarks, no logos"
"cmt33abml003lypj1i2pgo2o2","Patada de glúteo con banda","Atleta Femenino 35s","Athletic woman in her mid 30s, long blond hair, ponytail, wearing maroon athletic top and black leggings, strong physique, caucasian, performing Patada de glúteo con banda exercise, using resistance band for tension, dynamic motion, mid-movement, sweat visible, energetic expression, cardio machine or open floor, targeting glúteos muscles, correct anatomical form and posture, modern clean gym environment, bright even studio lighting, professional fitness photography, sharp focus on subject, slightly blurred background, full body or major muscle groups clearly visible, photorealistic, 4K quality, no text, no watermarks, no logos"
"cmt33abyy003pypj1a2xu2anc","Bicicleta de ruta","Atleta Femenino 35s","Athletic woman in her mid 30s, long blond hair, ponytail, wearing maroon athletic top and black leggings, strong physique, caucasian, performing Bicicleta de ruta exercise, riding stationary bike, dynamic motion, mid-movement, sweat visible, energetic expression, cardio machine or open floor, targeting piernas muscles, correct anatomical form and posture, modern clean gym environment, bright even studio lighting, professional fitness photography, sharp focus on subject, slightly blurred background, full body or major muscle groups clearly visible, photorealistic, 4K quality, no text, no watermarks, no logos"
"cmt33aca8003typj137c6ol7k","Burpees con push-up","Atleta Femenino 35s","Athletic woman in her mid 30s, long blond hair, ponytail, wearing maroon athletic top and black leggings, strong physique, caucasian, performing Burpees con push-up exercise, no equipment, bodyweight only, dynamic motion, mid-movement, sweat visible, energetic expression, cardio machine or open floor, targeting full body muscles, correct anatomical form and posture, modern clean gym environment, bright even studio lighting, professional fitness photography, sharp focus on subject, slightly blurred background, full body or major muscle groups clearly visible, photorealistic, 4K quality, no text, no watermarks, no logos"
"cmt33acku003xypj1fu1e0nlb","Remo de resistencia","Atleta Femenino 35s","Athletic woman in her mid 30s, long blond hair, ponytail, wearing maroon athletic top and black leggings, strong physique, caucasian, performing Remo de resistencia exercise, using máquina de remo, dynamic motion, mid-movement, sweat visible, energetic expression, cardio machine or open floor, targeting full body muscles, correct anatomical form and posture, modern clean gym environment, bright even studio lighting, professional fitness photography, sharp focus on subject, slightly blurred background, full body or major muscle groups clearly visible, photorealistic, 4K quality, no text, no watermarks, no logos"
"cmt33acvi0041ypj1y2nkuiyb","Remo HIIT","Atleta Femenino 35s","Athletic woman in her mid 30s, long blond hair, ponytail, wearing maroon athletic top and black leggings, strong physique, caucasian, performing Remo HIIT exercise, using máquina de remo, dynamic motion, mid-movement, sweat visible, energetic expression, cardio machine or open floor, targeting full body muscles, correct anatomical form and posture, modern clean gym environment, bright even studio lighting, professional fitness photography, sharp focus on subject, slightly blurred background, full body or major muscle groups clearly visible, photorealistic, 4K quality, no text, no watermarks, no logos"
"cmt33ad7l0045ypj1cpbitzle","Bird dog contralateral","Atleta Femenino 35s","Athletic woman in her mid 30s, long blond hair, ponytail, wearing maroon athletic top and black leggings, strong physique, caucasian, performing Bird dog contralateral exercise, no equipment, bodyweight only, functional fitness movement, athletic stance, kettlebell or bodyweight, explosive power, targeting core muscles, correct anatomical form and posture, modern clean gym environment, bright even studio lighting, professional fitness photography, sharp focus on subject, slightly blurred background, full body or major muscle groups clearly visible, photorealistic, 4K quality, no text, no watermarks, no logos"
"cmt33adjh0049ypj1stigzixg","Dead bug con banda","Atleta Femenino 35s","Athletic woman in her mid 30s, long blond hair, ponytail, wearing maroon athletic top and black leggings, strong physique, caucasian, performing Dead bug con banda exercise, using banda elástica, functional fitness movement, athletic stance, kettlebell or bodyweight, explosive power, targeting core muscles, correct anatomical form and posture, modern clean gym environment, bright even studio lighting, professional fitness photography, sharp focus on subject, slightly blurred background, full body or major muscle groups clearly visible, photorealistic, 4K quality, no text, no watermarks, no logos"
"cmt33adxj004dypj1o42upy3d","Dead bug con peso","Atleta Femenino 35s","Athletic woman in her mid 30s, long blond hair, ponytail, wearing maroon athletic top and black leggings, strong physique, caucasian, performing Dead bug con peso exercise, using mancuerna o disco, functional fitness movement, athletic stance, kettlebell or bodyweight, explosive power, targeting core muscles, correct anatomical form and posture, modern clean gym environment, bright even studio lighting, professional fitness photography, sharp focus on subject, slightly blurred background, full body or major muscle groups clearly visible, photorealistic, 4K quality, no text, no watermarks, no logos"
"cmt33aebj004hypj19nrxhsqo","Box lateral jump","Atleta Femenino 35s","Athletic woman in her mid 30s, long blond hair, ponytail, wearing maroon athletic top and black leggings, strong physique, caucasian, performing Box lateral jump exercise, using cajón pliométrico, functional fitness movement, athletic stance, kettlebell or bodyweight, explosive power, targeting piernas muscles, correct anatomical form and posture, modern clean gym environment, bright even studio lighting, professional fitness photography, sharp focus on subject, slightly blurred background, full body or major muscle groups clearly visible, photorealistic, 4K quality, no text, no watermarks, no logos"
"cmt33aem1004lypj1yzzax22z","Clean con kettlebell","Atleta Femenino 35s","Athletic woman in her mid 30s, long blond hair, ponytail, wearing maroon athletic top and black leggings, strong physique, caucasian, performing Clean con kettlebell exercise, holding kettlebell with both hands or one, functional fitness movement, athletic stance, kettlebell or bodyweight, explosive power, targeting full body muscles, correct anatomical form and posture, modern clean gym environment, bright even studio lighting, professional fitness photography, sharp focus on subject, slightly blurred background, full body or major muscle groups clearly visible, photorealistic, 4K quality, no text, no watermarks, no logos"
"cmt33aeyv004pypj1lqau5wm1","Snatch hang snatch","Atleta Femenino 35s","Athletic woman in her mid 30s, long blond hair, ponytail, wearing maroon athletic top and black leggings, strong physique, caucasian, performing Snatch hang snatch exercise, using barra o mancuernas, functional fitness movement, athletic stance, kettlebell or bodyweight, explosive power, targeting full body muscles, correct anatomical form and posture, modern clean gym environment, bright even studio lighting, professional fitness photography, sharp focus on subject, slightly blurred background, full body or major muscle groups clearly visible, photorealistic, 4K quality, no text, no watermarks, no logos"
"cmt33afaj004typj120fhlwrc","Box burpee jump","Atleta Femenino 35s","Athletic woman in her mid 30s, long blond hair, ponytail, wearing maroon athletic top and black leggings, strong physique, caucasian, performing Box burpee jump exercise, using cajón pliométrico, functional fitness movement, athletic stance, kettlebell or bodyweight, explosive power, targeting full body muscles, correct anatomical form and posture, modern clean gym environment, bright even studio lighting, professional fitness photography, sharp focus on subject, slightly blurred background, full body or major muscle groups clearly visible, photorealistic, 4K quality, no text, no watermarks, no logos"
"cmt33afkw004xypj1t2520irj","Thruster con kettlebell","Atleta Femenino 35s","Athletic woman in her mid 30s, long blond hair, ponytail, wearing maroon athletic top and black leggings, strong physique, caucasian, performing Thruster con kettlebell exercise, holding kettlebell with both hands or one, functional fitness movement, athletic stance, kettlebell or bodyweight, explosive power, targeting full body muscles, correct anatomical form and posture, modern clean gym environment, bright even studio lighting, professional fitness photography, sharp focus on subject, slightly blurred background, full body or major muscle groups clearly visible, photorealistic, 4K quality, no text, no watermarks, no logos"
"cmt33ag0j0051ypj1y22k5yd3","Box over","Atleta Femenino 35s","Athletic woman in her mid 30s, long blond hair, ponytail, wearing maroon athletic top and black leggings, strong physique, caucasian, performing Box over exercise, using cajón pliométrico, functional fitness movement, athletic stance, kettlebell or bodyweight, explosive power, targeting piernas muscles, correct anatomical form and posture, modern clean gym environment, bright even studio lighting, professional fitness photography, sharp focus on subject, slightly blurred background, full body or major muscle groups clearly visible, photorealistic, 4K quality, no text, no watermarks, no logos"
"cmt33agbo0055ypj1iv60j3w1","Lunge con curl","Atleta Femenino 35s","Athletic woman in her mid 30s, long blond hair, ponytail, wearing maroon athletic top and black leggings, strong physique, caucasian, performing Lunge con curl exercise, holding dumbbells in each hand, functional fitness movement, athletic stance, kettlebell or bodyweight, explosive power, targeting piernas muscles, correct anatomical form and posture, modern clean gym environment, bright even studio lighting, professional fitness photography, sharp focus on subject, slightly blurred background, full body or major muscle groups clearly visible, photorealistic, 4K quality, no text, no watermarks, no logos"
"cmt33agms0059ypj13w2ecq2g","Kettlebell rack walk","Atleta Femenino 35s","Athletic woman in her mid 30s, long blond hair, ponytail, wearing maroon athletic top and black leggings, strong physique, caucasian, performing Kettlebell rack walk exercise, holding kettlebell with both hands or one, functional fitness movement, athletic stance, kettlebell or bodyweight, explosive power, targeting core muscles, correct anatomical form and posture, modern clean gym environment, bright even studio lighting, professional fitness photography, sharp focus on subject, slightly blurred background, full body or major muscle groups clearly visible, photorealistic, 4K quality, no text, no watermarks, no logos"
"cmt33agxa005dypj1zouoam8v","Turkish windmill","Atleta Femenino 35s","Athletic woman in her mid 30s, long blond hair, ponytail, wearing maroon athletic top and black leggings, strong physique, caucasian, performing Turkish windmill exercise, holding kettlebell with both hands or one, functional fitness movement, athletic stance, kettlebell or bodyweight, explosive power, targeting core muscles, correct anatomical form and posture, modern clean gym environment, bright even studio lighting, professional fitness photography, sharp focus on subject, slightly blurred background, full body or major muscle groups clearly visible, photorealistic, 4K quality, no text, no watermarks, no logos"
"cmt33ah82005hypj1puaok0wn","World's greatest stretch","Atleta Femenino 35s","Athletic woman in her mid 30s, long blond hair, ponytail, wearing maroon athletic top and black leggings, strong physique, caucasian, performing World's greatest stretch exercise, no equipment, bodyweight only, controlled stretching, relaxed focused expression, full range of motion, yoga mat or floor, targeting full body muscles, correct anatomical form and posture, modern clean gym environment, bright even studio lighting, professional fitness photography, sharp focus on subject, slightly blurred background, full body or major muscle groups clearly visible, photorealistic, 4K quality, no text, no watermarks, no logos"
"cmt33ahjj005lypj1w3tnzw09","Cat-cow con balanceo","Atleta Femenino 35s","Athletic woman in her mid 30s, long blond hair, ponytail, wearing maroon athletic top and black leggings, strong physique, caucasian, performing Cat-cow con balanceo exercise, no equipment, bodyweight only, controlled stretching, relaxed focused expression, full range of motion, yoga mat or floor, targeting espalda muscles, correct anatomical form and posture, modern clean gym environment, bright even studio lighting, professional fitness photography, sharp focus on subject, slightly blurred background, full body or major muscle groups clearly visible, photorealistic, 4K quality, no text, no watermarks, no logos"
"cmt33ahu6005pypj1etbgv7x5","Cat-cow con extensión lateral","Atleta Femenino 35s","Athletic woman in her mid 30s, long blond hair, ponytail, wearing maroon athletic top and black leggings, strong physique, caucasian, performing Cat-cow con extensión lateral exercise, no equipment, bodyweight only, controlled stretching, relaxed focused expression, full range of motion, yoga mat or floor, targeting espalda muscles, correct anatomical form and posture, modern clean gym environment, bright even studio lighting, professional fitness photography, sharp focus on subject, slightly blurred background, full body or major muscle groups clearly visible, photorealistic, 4K quality, no text, no watermarks, no logos"
"cmt33ai5c005typj130o1xv75","Estiramiento dinámico de pecho","Atleta Femenino 35s","Athletic woman in her mid 30s, long blond hair, ponytail, wearing maroon athletic top and black leggings, strong physique, caucasian, performing Estiramiento dinámico de pecho exercise, no equipment, bodyweight only, controlled stretching, relaxed focused expression, full range of motion, yoga mat or floor, targeting pecho muscles, correct anatomical form and posture, modern clean gym environment, bright even studio lighting, professional fitness photography, sharp focus on subject, slightly blurred background, full body or major muscle groups clearly visible, photorealistic, 4K quality, no text, no watermarks, no logos"
"cmt33aigd005xypj17jvkzigj","Dislocaciones con palo en agarre ancho","Atleta Femenino 35s","Athletic woman in her mid 30s, long blond hair, ponytail, wearing maroon athletic top and black leggings, strong physique, caucasian, performing Dislocaciones con palo en agarre ancho exercise, using palo o bastón, controlled stretching, relaxed focused expression, full range of motion, yoga mat or floor, targeting hombros muscles, correct anatomical form and posture, modern clean gym environment, bright even studio lighting, professional fitness photography, sharp focus on subject, slightly blurred background, full body or major muscle groups clearly visible, photorealistic, 4K quality, no text, no watermarks, no logos"
"cmt33air40061ypj1ko9z99ix","Neck chin tuck","Atleta Femenino 35s","Athletic woman in her mid 30s, long blond hair, ponytail, wearing maroon athletic top and black leggings, strong physique, caucasian, performing Neck chin tuck exercise, no equipment, bodyweight only, controlled stretching, relaxed focused expression, full range of motion, yoga mat or floor, targeting cuello muscles, correct anatomical form and posture, modern clean gym environment, bright even studio lighting, professional fitness photography, sharp focus on subject, slightly blurred background, full body or major muscle groups clearly visible, photorealistic, 4K quality, no text, no watermarks, no logos"
"cmt33aj1i0065ypj1wdbwjzf2","Shoulder cross-body","Atleta Femenino 35s","Athletic woman in her mid 30s, long blond hair, ponytail, wearing maroon athletic top and black leggings, strong physique, caucasian, performing Shoulder cross-body exercise, no equipment, bodyweight only, controlled stretching, relaxed focused expression, full range of motion, yoga mat or floor, targeting hombros muscles, correct anatomical form and posture, modern clean gym environment, bright even studio lighting, professional fitness photography, sharp focus on subject, slightly blurred background, full body or major muscle groups clearly visible, photorealistic, 4K quality, no text, no watermarks, no logos"
"cmt33ajc00069ypj1sxoqgksl","Shoulder CARs","Atleta Femenino 35s","Athletic woman in her mid 30s, long blond hair, ponytail, wearing maroon athletic top and black leggings, strong physique, caucasian, performing Shoulder CARs exercise, no equipment, bodyweight only, controlled stretching, relaxed focused expression, full range of motion, yoga mat or floor, targeting hombros muscles, correct anatomical form and posture, modern clean gym environment, bright even studio lighting, professional fitness photography, sharp focus on subject, slightly blurred background, full body or major muscle groups clearly visible, photorealistic, 4K quality, no text, no watermarks, no logos"
"cmt33ajnc006dypj1ocuwea21","Postura del pez","Atleta Femenino 35s","Athletic woman in her mid 30s, long blond hair, ponytail, wearing maroon athletic top and black leggings, strong physique, caucasian, performing Postura del pez exercise, no equipment, bodyweight only, deep stretch pose, calm breathing, elongated muscles, floor exercise, peaceful expression, targeting pecho muscles, correct anatomical form and posture, modern clean gym environment, bright even studio lighting, professional fitness photography, sharp focus on subject, slightly blurred background, full body or major muscle groups clearly visible, photorealistic, 4K quality, no text, no watermarks, no logos"
"cmt33ajy4006hypj16r0lkx4e","Estiramiento de espalda en extensión","Atleta Femenino 35s","Athletic woman in her mid 30s, long blond hair, ponytail, wearing maroon athletic top and black leggings, strong physique, caucasian, performing Estiramiento de espalda en extensión exercise, no equipment, bodyweight only, deep stretch pose, calm breathing, elongated muscles, floor exercise, peaceful expression, targeting espalda muscles, correct anatomical form and posture, modern clean gym environment, bright even studio lighting, professional fitness photography, sharp focus on subject, slightly blurred background, full body or major muscle groups clearly visible, photorealistic, 4K quality, no text, no watermarks, no logos"
"cmt33akcb006lypj1ae8ceb9l","Fascial stretch de fascia anterior","Atleta Femenino 35s","Athletic woman in her mid 30s, long blond hair, ponytail, wearing maroon athletic top and black leggings, strong physique, caucasian, performing Fascial stretch de fascia anterior exercise, no equipment, bodyweight only, deep stretch pose, calm breathing, elongated muscles, floor exercise, peaceful expression, targeting pecho muscles, correct anatomical form and posture, modern clean gym environment, bright even studio lighting, professional fitness photography, sharp focus on subject, slightly blurred background, full body or major muscle groups clearly visible, photorealistic, 4K quality, no text, no watermarks, no logos"
"cmt33akmv006pypj168ae1ltt","Pilates mermaid","Atleta Femenino 35s","Athletic woman in her mid 30s, long blond hair, ponytail, wearing maroon athletic top and black leggings, strong physique, caucasian, performing Pilates mermaid exercise, no equipment, bodyweight only, deep stretch pose, calm breathing, elongated muscles, floor exercise, peaceful expression, targeting core muscles, correct anatomical form and posture, modern clean gym environment, bright even studio lighting, professional fitness photography, sharp focus on subject, slightly blurred background, full body or major muscle groups clearly visible, photorealistic, 4K quality, no text, no watermarks, no logos"
"cmt33aky9006typj1h1epqsd5","Yoga lizard","Atleta Femenino 35s","Athletic woman in her mid 30s, long blond hair, ponytail, wearing maroon athletic top and black leggings, strong physique, caucasian, performing Yoga lizard exercise, no equipment, bodyweight only, deep stretch pose, calm breathing, elongated muscles, floor exercise, peaceful expression, targeting cadera muscles, correct anatomical form and posture, modern clean gym environment, bright even studio lighting, professional fitness photography, sharp focus on subject, slightly blurred background, full body or major muscle groups clearly visible, photorealistic, 4K quality, no text, no watermarks, no logos"
"cmt33al92006xypj1ukbgjork","Pilates spine stretch","Atleta Femenino 35s","Athletic woman in her mid 30s, long blond hair, ponytail, wearing maroon athletic top and black leggings, strong physique, caucasian, performing Pilates spine stretch exercise, no equipment, bodyweight only, deep stretch pose, calm breathing, elongated muscles, floor exercise, peaceful expression, targeting espalda muscles, correct anatomical form and posture, modern clean gym environment, bright even studio lighting, professional fitness photography, sharp focus on subject, slightly blurred background, full body or major muscle groups clearly visible, photorealistic, 4K quality, no text, no watermarks, no logos"
"cmt33aljv0071ypj1si10pnsy","Postura del arco","Atleta Femenino 35s","Athletic woman in her mid 30s, long blond hair, ponytail, wearing maroon athletic top and black leggings, strong physique, caucasian, performing Postura del arco exercise, no equipment, bodyweight only, deep stretch pose, calm breathing, elongated muscles, floor exercise, peaceful expression, targeting core muscles, correct anatomical form and posture, modern clean gym environment, bright even studio lighting, professional fitness photography, sharp focus on subject, slightly blurred background, full body or major muscle groups clearly visible, photorealistic, 4K quality, no text, no watermarks, no logos"
"cmt33alu10075ypj1gfdsmmu2","Estiramiento activo de cadera","Atleta Femenino 35s","Athletic woman in her mid 30s, long blond hair, ponytail, wearing maroon athletic top and black leggings, strong physique, caucasian, performing Estiramiento activo de cadera exercise, no equipment, bodyweight only, deep stretch pose, calm breathing, elongated muscles, floor exercise, peaceful expression, targeting cadera muscles, correct anatomical form and posture, modern clean gym environment, bright even studio lighting, professional fitness photography, sharp focus on subject, slightly blurred background, full body or major muscle groups clearly visible, photorealistic, 4K quality, no text, no watermarks, no logos"
"cmt33am4e0079ypj1privwyd2","Pilates roll up","Atleta Femenino 35s","Athletic woman in her mid 30s, long blond hair, ponytail, wearing maroon athletic top and black leggings, strong physique, caucasian, performing Pilates roll up exercise, no equipment, bodyweight only, deep stretch pose, calm breathing, elongated muscles, floor exercise, peaceful expression, targeting core muscles, correct anatomical form and posture, modern clean gym environment, bright even studio lighting, professional fitness photography, sharp focus on subject, slightly blurred background, full body or major muscle groups clearly visible, photorealistic, 4K quality, no text, no watermarks, no logos"
"cmt33ameo007dypj15jz3vui0","Estiramiento de lats","Atleta Femenino 35s","Athletic woman in her mid 30s, long blond hair, ponytail, wearing maroon athletic top and black leggings, strong physique, caucasian, performing Estiramiento de lats exercise, no equipment, bodyweight only, deep stretch pose, calm breathing, elongated muscles, floor exercise, peaceful expression, targeting espalda muscles, correct anatomical form and posture, modern clean gym environment, bright even studio lighting, professional fitness photography, sharp focus on subject, slightly blurred background, full body or major muscle groups clearly visible, photorealistic, 4K quality, no text, no watermarks, no logos"
"cmt33amp2007hypj1e46zyzl1","Hurdle hop","Atleta Femenino 35s","Athletic woman in her mid 30s, long blond hair, ponytail, wearing maroon athletic top and black leggings, strong physique, caucasian, performing Hurdle hop exercise, no equipment, bodyweight only, explosive athletic movement, mid-air capture, maximum power output, dynamic freeze frame, targeting piernas muscles, correct anatomical form and posture, modern clean gym environment, bright even studio lighting, professional fitness photography, sharp focus on subject, slightly blurred background, full body or major muscle groups clearly visible, photorealistic, 4K quality, no text, no watermarks, no logos"
"cmt33amzo007lypj1ln1mhx05","Lunge saltado con knee drive","Atleta Femenino 35s","Athletic woman in her mid 30s, long blond hair, ponytail, wearing maroon athletic top and black leggings, strong physique, caucasian, performing Lunge saltado con knee drive exercise, no equipment, bodyweight only, explosive athletic movement, mid-air capture, maximum power output, dynamic freeze frame, targeting piernas muscles, correct anatomical form and posture, modern clean gym environment, bright even studio lighting, professional fitness photography, sharp focus on subject, slightly blurred background, full body or major muscle groups clearly visible, photorealistic, 4K quality, no text, no watermarks, no logos"
"cmt33ancd007pypj1npnkcy5p","Lunge saltado","Atleta Femenino 35s","Athletic woman in her mid 30s, long blond hair, ponytail, wearing maroon athletic top and black leggings, strong physique, caucasian, performing Lunge saltado exercise, no equipment, bodyweight only, explosive athletic movement, mid-air capture, maximum power output, dynamic freeze frame, targeting piernas muscles, correct anatomical form and posture, modern clean gym environment, bright even studio lighting, professional fitness photography, sharp focus on subject, slightly blurred background, full body or major muscle groups clearly visible, photorealistic, 4K quality, no text, no watermarks, no logos"
"cmt33anmx007typj18mhm1fnu","Jump tuck","Atleta Femenino 35s","Athletic woman in her mid 30s, long blond hair, ponytail, wearing maroon athletic top and black leggings, strong physique, caucasian, performing Jump tuck exercise, no equipment, bodyweight only, explosive athletic movement, mid-air capture, maximum power output, dynamic freeze frame, targeting piernas muscles, correct anatomical form and posture, modern clean gym environment, bright even studio lighting, professional fitness photography, sharp focus on subject, slightly blurred background, full body or major muscle groups clearly visible, photorealistic, 4K quality, no text, no watermarks, no logos"
"cmt33anxa007xypj1c6ekrxvo","Depth landing","Atleta Femenino 35s","Athletic woman in her mid 30s, long blond hair, ponytail, wearing maroon athletic top and black leggings, strong physique, caucasian, performing Depth landing exercise, using cajón pliométrico, explosive athletic movement, mid-air capture, maximum power output, dynamic freeze frame, targeting piernas muscles, correct anatomical form and posture, modern clean gym environment, bright even studio lighting, professional fitness photography, sharp focus on subject, slightly blurred background, full body or major muscle groups clearly visible, photorealistic, 4K quality, no text, no watermarks, no logos"
"cmt33ao820081ypj1tk7jhxb8","Sprint de reacción","Atleta Femenino 35s","Athletic woman in her mid 30s, long blond hair, ponytail, wearing maroon athletic top and black leggings, strong physique, caucasian, performing Sprint de reacción exercise, no equipment, bodyweight only, explosive athletic movement, mid-air capture, maximum power output, dynamic freeze frame, targeting piernas muscles, correct anatomical form and posture, modern clean gym environment, bright even studio lighting, professional fitness photography, sharp focus on subject, slightly blurred background, full body or major muscle groups clearly visible, photorealistic, 4K quality, no text, no watermarks, no logos"
"cmt33aoik0085ypj1uioupwos","Jump bounding","Atleta Femenino 35s","Athletic woman in her mid 30s, long blond hair, ponytail, wearing maroon athletic top and black leggings, strong physique, caucasian, performing Jump bounding exercise, no equipment, bodyweight only, explosive athletic movement, mid-air capture, maximum power output, dynamic freeze frame, targeting piernas muscles, correct anatomical form and posture, modern clean gym environment, bright even studio lighting, professional fitness photography, sharp focus on subject, slightly blurred background, full body or major muscle groups clearly visible, photorealistic, 4K quality, no text, no watermarks, no logos"
"cmt33aot90089ypj1ci6k122p","Burpee lateral","Atleta Femenino 35s","Athletic woman in her mid 30s, long blond hair, ponytail, wearing maroon athletic top and black leggings, strong physique, caucasian, performing Burpee lateral exercise, no equipment, bodyweight only, explosive athletic movement, mid-air capture, maximum power output, dynamic freeze frame, targeting full body muscles, correct anatomical form and posture, modern clean gym environment, bright even studio lighting, professional fitness photography, sharp focus on subject, slightly blurred background, full body or major muscle groups clearly visible, photorealistic, 4K quality, no text, no watermarks, no logos"
"cmt33ap3u008dypj1w39gl3z2","Yoga dancer","Atleta Femenino 35s","Athletic woman in her mid 30s, long blond hair, ponytail, wearing maroon athletic top and black leggings, strong physique, caucasian, performing Yoga dancer exercise, no equipment, bodyweight only, stable balanced pose, core engaged, focused concentration, unstable surface or single leg, targeting piernas muscles, correct anatomical form and posture, modern clean gym environment, bright even studio lighting, professional fitness photography, sharp focus on subject, slightly blurred background, full body or major muscle groups clearly visible, photorealistic, 4K quality, no text, no watermarks, no logos"
"cmt33apgw008hypj1b68vdk5d","Stability ball plank circle","Atleta Femenino 35s","Athletic woman in her mid 30s, long blond hair, ponytail, wearing maroon athletic top and black leggings, strong physique, caucasian, performing Stability ball plank circle exercise, using stability swiss ball, stable balanced pose, core engaged, focused concentration, unstable surface or single leg, targeting core muscles, correct anatomical form and posture, modern clean gym environment, bright even studio lighting, professional fitness photography, sharp focus on subject, slightly blurred background, full body or major muscle groups clearly visible, photorealistic, 4K quality, no text, no watermarks, no logos"
"cmt33aprh008lypj1mnzjgyp0","Yoga eagle","Atleta Femenino 35s","Athletic woman in her mid 30s, long blond hair, ponytail, wearing maroon athletic top and black leggings, strong physique, caucasian, performing Yoga eagle exercise, no equipment, bodyweight only, stable balanced pose, core engaged, focused concentration, unstable surface or single leg, targeting piernas muscles, correct anatomical form and posture, modern clean gym environment, bright even studio lighting, professional fitness photography, sharp focus on subject, slightly blurred background, full body or major muscle groups clearly visible, photorealistic, 4K quality, no text, no watermarks, no logos"
"cmt33aq1u008pypj1nc9h5l7c","Sentadilla pistol asistida","Atleta Femenino 35s","Athletic woman in her mid 30s, long blond hair, ponytail, wearing maroon athletic top and black leggings, strong physique, caucasian, performing Sentadilla pistol asistida exercise, no equipment, bodyweight only, stable balanced pose, core engaged, focused concentration, unstable surface or single leg, targeting piernas muscles, correct anatomical form and posture, modern clean gym environment, bright even studio lighting, professional fitness photography, sharp focus on subject, slightly blurred background, full body or major muscle groups clearly visible, photorealistic, 4K quality, no text, no watermarks, no logos"
"cmt33aqcc008typj1p28rxm4u","Yoga half moon","Atleta Femenino 35s","Athletic woman in her mid 30s, long blond hair, ponytail, wearing maroon athletic top and black leggings, strong physique, caucasian, performing Yoga half moon exercise, no equipment, bodyweight only, stable balanced pose, core engaged, focused concentration, unstable surface or single leg, targeting piernas muscles, correct anatomical form and posture, modern clean gym environment, bright even studio lighting, professional fitness photography, sharp focus on subject, slightly blurred background, full body or major muscle groups clearly visible, photorealistic, 4K quality, no text, no watermarks, no logos"
"cmt33aqny008xypj1n6vf53h4","Press en fitball","Atleta Femenino 35s","Athletic woman in her mid 30s, long blond hair, ponytail, wearing maroon athletic top and black leggings, strong physique, caucasian, performing Press en fitball exercise, using fitball + mancuernas, stable balanced pose, core engaged, focused concentration, unstable surface or single leg, targeting pecho muscles, correct anatomical form and posture, modern clean gym environment, bright even studio lighting, professional fitness photography, sharp focus on subject, slightly blurred background, full body or major muscle groups clearly visible, photorealistic, 4K quality, no text, no watermarks, no logos"
"cmt33aqy40091ypj16n5uh2ld","Stability ball knee tuck","Atleta Femenino 35s","Athletic woman in her mid 30s, long blond hair, ponytail, wearing maroon athletic top and black leggings, strong physique, caucasian, performing Stability ball knee tuck exercise, using stability swiss ball, stable balanced pose, core engaged, focused concentration, unstable surface or single leg, targeting core muscles, correct anatomical form and posture, modern clean gym environment, bright even studio lighting, professional fitness photography, sharp focus on subject, slightly blurred background, full body or major muscle groups clearly visible, photorealistic, 4K quality, no text, no watermarks, no logos"
"cmt33ar8x0095ypj11dg5sg5x","Posición de rack","Atleta Femenino 35s","Athletic woman in her mid 30s, long blond hair, ponytail, wearing maroon athletic top and black leggings, strong physique, caucasian, performing Posición de rack exercise, holding olympic barbell with weight plates, practicing movement pattern, light weight or PVC pipe, instructional form, slow controlled, targeting full body muscles, correct anatomical form and posture, modern clean gym environment, bright even studio lighting, professional fitness photography, sharp focus on subject, slightly blurred background, full body or major muscle groups clearly visible, photorealistic, 4K quality, no text, no watermarks, no logos"
"cmt33arje0099ypj1jl2hj1q0","Clean muscle clean con palo","Atleta Femenino 35s","Athletic woman in her mid 30s, long blond hair, ponytail, wearing maroon athletic top and black leggings, strong physique, caucasian, performing Clean muscle clean con palo exercise, using palo o bastón, practicing movement pattern, light weight or PVC pipe, instructional form, slow controlled, targeting full body muscles, correct anatomical form and posture, modern clean gym environment, bright even studio lighting, professional fitness photography, sharp focus on subject, slightly blurred background, full body or major muscle groups clearly visible, photorealistic, 4K quality, no text, no watermarks, no logos"
"cmt33aru0009dypj1ul6xm2t3","Pull high pull con barra","Atleta Femenino 35s","Athletic woman in her mid 30s, long blond hair, ponytail, wearing maroon athletic top and black leggings, strong physique, caucasian, performing Pull high pull con barra exercise, holding olympic barbell with weight plates, practicing movement pattern, light weight or PVC pipe, instructional form, slow controlled, targeting full body muscles, correct anatomical form and posture, modern clean gym environment, bright even studio lighting, professional fitness photography, sharp focus on subject, slightly blurred background, full body or major muscle groups clearly visible, photorealistic, 4K quality, no text, no watermarks, no logos"
"cmt33as4e009hypj1xi2ulnza","Técnica de segundo tirón","Atleta Femenino 35s","Athletic woman in her mid 30s, long blond hair, ponytail, wearing maroon athletic top and black leggings, strong physique, caucasian, performing Técnica de segundo tirón exercise, holding olympic barbell with weight plates, practicing movement pattern, light weight or PVC pipe, instructional form, slow controlled, targeting full body muscles, correct anatomical form and posture, modern clean gym environment, bright even studio lighting, professional fitness photography, sharp focus on subject, slightly blurred background, full body or major muscle groups clearly visible, photorealistic, 4K quality, no text, no watermarks, no logos"
"cmt33asi2009lypj1kbxejpeq","Sentadilla sumo con palo","Atleta Femenino 35s","Athletic woman in her mid 30s, long blond hair, ponytail, wearing maroon athletic top and black leggings, strong physique, caucasian, performing Sentadilla sumo con palo exercise, using palo o bastón, practicing movement pattern, light weight or PVC pipe, instructional form, slow controlled, targeting piernas muscles, correct anatomical form and posture, modern clean gym environment, bright even studio lighting, professional fitness photography, sharp focus on subject, slightly blurred background, full body or major muscle groups clearly visible, photorealistic, 4K quality, no text, no watermarks, no logos"
"cmt33assc009pypj1z7xno2yz","Técnica de arranque","Atleta Femenino 35s","Athletic woman in her mid 30s, long blond hair, ponytail, wearing maroon athletic top and black leggings, strong physique, caucasian, performing Técnica de arranque exercise, no equipment, bodyweight only, practicing movement pattern, light weight or PVC pipe, instructional form, slow controlled, targeting full body muscles, correct anatomical form and posture, modern clean gym environment, bright even studio lighting, professional fitness photography, sharp focus on subject, slightly blurred background, full body or major muscle groups clearly visible, photorealistic, 4K quality, no text, no watermarks, no logos"
"cmt33at2v009typj1zhx0mqw5","Pull clean pull con barra","Atleta Femenino 35s","Athletic woman in her mid 30s, long blond hair, ponytail, wearing maroon athletic top and black leggings, strong physique, caucasian, performing Pull clean pull con barra exercise, holding olympic barbell with weight plates, practicing movement pattern, light weight or PVC pipe, instructional form, slow controlled, targeting full body muscles, correct anatomical form and posture, modern clean gym environment, bright even studio lighting, professional fitness photography, sharp focus on subject, slightly blurred background, full body or major muscle groups clearly visible, photorealistic, 4K quality, no text, no watermarks, no logos"
"cmt33atdd009xypj1zkxogtzk","Movilidad para squat","Atleta Femenino 35s","Athletic woman in her mid 30s, long blond hair, ponytail, wearing maroon athletic top and black leggings, strong physique, caucasian, performing Movilidad para squat exercise, no equipment, bodyweight only, practicing movement pattern, light weight or PVC pipe, instructional form, slow controlled, targeting full body muscles, correct anatomical form and posture, modern clean gym environment, bright even studio lighting, professional fitness photography, sharp focus on subject, slightly blurred background, full body or major muscle groups clearly visible, photorealistic, 4K quality, no text, no watermarks, no logos"
"cmt33atoi00a1ypj1u3hqmfrc","Marcha con balanceo de brazos","Atleta Femenino 35s","Athletic woman in her mid 30s, long blond hair, ponytail, wearing maroon athletic top and black leggings, strong physique, caucasian, performing Marcha con balanceo de brazos exercise, no equipment, bodyweight only, light dynamic movement, warming up body, gradual motion, preparing for exercise, targeting full body muscles, correct anatomical form and posture, modern clean gym environment, bright even studio lighting, professional fitness photography, sharp focus on subject, slightly blurred background, full body or major muscle groups clearly visible, photorealistic, 4K quality, no text, no watermarks, no logos"
"cmt33atz300a5ypj147bwmn2k","Cardio ligero de 5 minutos","Atleta Femenino 35s","Athletic woman in her mid 30s, long blond hair, ponytail, wearing maroon athletic top and black leggings, strong physique, caucasian, performing Cardio ligero de 5 minutos exercise, no equipment, bodyweight only, light dynamic movement, warming up body, gradual motion, preparing for exercise, targeting full body muscles, correct anatomical form and posture, modern clean gym environment, bright even studio lighting, professional fitness photography, sharp focus on subject, slightly blurred background, full body or major muscle groups clearly visible, photorealistic, 4K quality, no text, no watermarks, no logos"
"cmt33au9w00a9ypj1x7beo7x6","Marcha lateral","Atleta Femenino 35s","Athletic woman in her mid 30s, long blond hair, ponytail, wearing maroon athletic top and black leggings, strong physique, caucasian, performing Marcha lateral exercise, no equipment, bodyweight only, light dynamic movement, warming up body, gradual motion, preparing for exercise, targeting cadera muscles, correct anatomical form and posture, modern clean gym environment, bright even studio lighting, professional fitness photography, sharp focus on subject, slightly blurred background, full body or major muscle groups clearly visible, photorealistic, 4K quality, no text, no watermarks, no logos"
"cmt33aukj00adypj1zu7vadli","Apertura torácica con palo","Atleta Femenino 35s","Athletic woman in her mid 30s, long blond hair, ponytail, wearing maroon athletic top and black leggings, strong physique, caucasian, performing Apertura torácica con palo exercise, using PVC pipe or wooden stick, light dynamic movement, warming up body, gradual motion, preparing for exercise, targeting pecho muscles, correct anatomical form and posture, modern clean gym environment, bright even studio lighting, professional fitness photography, sharp focus on subject, slightly blurred background, full body or major muscle groups clearly visible, photorealistic, 4K quality, no text, no watermarks, no logos"
"cmt33auuy00ahypj182brj5zp","Flow de yoga","Atleta Femenino 35s","Athletic woman in her mid 30s, long blond hair, ponytail, wearing maroon athletic top and black leggings, strong physique, caucasian, performing Flow de yoga exercise, no equipment, bodyweight only, light dynamic movement, warming up body, gradual motion, preparing for exercise, targeting full body muscles, correct anatomical form and posture, modern clean gym environment, bright even studio lighting, professional fitness photography, sharp focus on subject, slightly blurred background, full body or major muscle groups clearly visible, photorealistic, 4K quality, no text, no watermarks, no logos"
"cmt33av5k00alypj1uyg70h5g","Circulación de tobillos","Atleta Femenino 35s","Athletic woman in her mid 30s, long blond hair, ponytail, wearing maroon athletic top and black leggings, strong physique, caucasian, performing Circulación de tobillos exercise, no equipment, bodyweight only, light dynamic movement, warming up body, gradual motion, preparing for exercise, targeting tobillos muscles, correct anatomical form and posture, modern clean gym environment, bright even studio lighting, professional fitness photography, sharp focus on subject, slightly blurred background, full body or major muscle groups clearly visible, photorealistic, 4K quality, no text, no watermarks, no logos"
"cmt33avfw00apypj1pewjwg60","Marcha con extensión de pierna","Atleta Femenino 35s","Athletic woman in her mid 30s, long blond hair, ponytail, wearing maroon athletic top and black leggings, strong physique, caucasian, performing Marcha con extensión de pierna exercise, no equipment, bodyweight only, light dynamic movement, warming up body, gradual motion, preparing for exercise, targeting piernas muscles, correct anatomical form and posture, modern clean gym environment, bright even studio lighting, professional fitness photography, sharp focus on subject, slightly blurred background, full body or major muscle groups clearly visible, photorealistic, 4K quality, no text, no watermarks, no logos"
"cmt33avsu00atypj1kad7lj5w","Prep neural de saltos","Atleta Femenino 35s","Athletic woman in her mid 30s, long blond hair, ponytail, wearing maroon athletic top and black leggings, strong physique, caucasian, performing Prep neural de saltos exercise, no equipment, bodyweight only, light dynamic movement, warming up body, gradual motion, preparing for exercise, targeting piernas muscles, correct anatomical form and posture, modern clean gym environment, bright even studio lighting, professional fitness photography, sharp focus on subject, slightly blurred background, full body or major muscle groups clearly visible, photorealistic, 4K quality, no text, no watermarks, no logos"
"cmt33aw4t00axypj13qeualxk","Movilidad de muñecas dinámica","Atleta Femenino 35s","Athletic woman in her mid 30s, long blond hair, ponytail, wearing maroon athletic top and black leggings, strong physique, caucasian, performing Movilidad de muñecas dinámica exercise, no equipment, bodyweight only, light dynamic movement, warming up body, gradual motion, preparing for exercise, targeting muñecas muscles, correct anatomical form and posture, modern clean gym environment, bright even studio lighting, professional fitness photography, sharp focus on subject, slightly blurred background, full body or major muscle groups clearly visible, photorealistic, 4K quality, no text, no watermarks, no logos"
"cmt33awj100b1ypj1j73h2c9b","Marcha con elevación de rodilla","Atleta Femenino 35s","Athletic woman in her mid 30s, long blond hair, ponytail, wearing maroon athletic top and black leggings, strong physique, caucasian, performing Marcha con elevación de rodilla exercise, no equipment, bodyweight only, light dynamic movement, warming up body, gradual motion, preparing for exercise, targeting piernas muscles, correct anatomical form and posture, modern clean gym environment, bright even studio lighting, professional fitness photography, sharp focus on subject, slightly blurred background, full body or major muscle groups clearly visible, photorealistic, 4K quality, no text, no watermarks, no logos"
"cmt33awth00b5ypj14dcquw3e","Respiración de fuego","Atleta Femenino 35s","Athletic woman in her mid 30s, long blond hair, ponytail, wearing maroon athletic top and black leggings, strong physique, caucasian, performing Respiración de fuego exercise, no equipment, bodyweight only, recovery stretching, deep breathing, relaxed posture, post-workout calm, gentle movement, targeting full body muscles, correct anatomical form and posture, modern clean gym environment, bright even studio lighting, professional fitness photography, sharp focus on subject, slightly blurred background, full body or major muscle groups clearly visible, photorealistic, 4K quality, no text, no watermarks, no logos"
"cmt33ax3m00b9ypj18kf30k7s","Postura de recuperación fetal","Atleta Femenino 35s","Athletic woman in her mid 30s, long blond hair, ponytail, wearing maroon athletic top and black leggings, strong physique, caucasian, performing Postura de recuperación fetal exercise, no equipment, bodyweight only, recovery stretching, deep breathing, relaxed posture, post-workout calm, gentle movement, targeting espalda muscles, correct anatomical form and posture, modern clean gym environment, bright even studio lighting, professional fitness photography, sharp focus on subject, slightly blurred background, full body or major muscle groups clearly visible, photorealistic, 4K quality, no text, no watermarks, no logos"
"cmt33axgn00bdypj1x6xu8w16","Estiramiento pasivo de hombros","Atleta Femenino 35s","Athletic woman in her mid 30s, long blond hair, ponytail, wearing maroon athletic top and black leggings, strong physique, caucasian, performing Estiramiento pasivo de hombros exercise, no equipment, bodyweight only, recovery stretching, deep breathing, relaxed posture, post-workout calm, gentle movement, targeting hombros muscles, correct anatomical form and posture, modern clean gym environment, bright even studio lighting, professional fitness photography, sharp focus on subject, slightly blurred background, full body or major muscle groups clearly visible, photorealistic, 4K quality, no text, no watermarks, no logos"
"cmt33axra00bhypj180ntflwl","Foam roller de lats","Atleta Femenino 35s","Athletic woman in her mid 30s, long blond hair, ponytail, wearing maroon athletic top and black leggings, strong physique, caucasian, performing Foam roller de lats exercise, using foam roller on muscle, recovery stretching, deep breathing, relaxed posture, post-workout calm, gentle movement, targeting espalda muscles, correct anatomical form and posture, modern clean gym environment, bright even studio lighting, professional fitness photography, sharp focus on subject, slightly blurred background, full body or major muscle groups clearly visible, photorealistic, 4K quality, no text, no watermarks, no logos"
"cmt33ay1u00blypj1zlr87mkp","Estiramiento pasivo de pecho","Atleta Femenino 35s","Athletic woman in her mid 30s, long blond hair, ponytail, wearing maroon athletic top and black leggings, strong physique, caucasian, performing Estiramiento pasivo de pecho exercise, no equipment, bodyweight only, recovery stretching, deep breathing, relaxed posture, post-workout calm, gentle movement, targeting pecho muscles, correct anatomical form and posture, modern clean gym environment, bright even studio lighting, professional fitness photography, sharp focus on subject, slightly blurred background, full body or major muscle groups clearly visible, photorealistic, 4K quality, no text, no watermarks, no logos"
"cmt33ayc900bpypj1malfrp6f","Masaje con pelota de espalda","Atleta Femenino 35s","Athletic woman in her mid 30s, long blond hair, ponytail, wearing maroon athletic top and black leggings, strong physique, caucasian, performing Masaje con pelota de espalda exercise, using small massage ball, recovery stretching, deep breathing, relaxed posture, post-workout calm, gentle movement, targeting espalda muscles, correct anatomical form and posture, modern clean gym environment, bright even studio lighting, professional fitness photography, sharp focus on subject, slightly blurred background, full body or major muscle groups clearly visible, photorealistic, 4K quality, no text, no watermarks, no logos"
"cmt33aymz00btypj1t92291rs","Movilidad suave de espalda","Atleta Femenino 35s","Athletic woman in her mid 30s, long blond hair, ponytail, wearing maroon athletic top and black leggings, strong physique, caucasian, performing Movilidad suave de espalda exercise, no equipment, bodyweight only, recovery stretching, deep breathing, relaxed posture, post-workout calm, gentle movement, targeting espalda muscles, correct anatomical form and posture, modern clean gym environment, bright even studio lighting, professional fitness photography, sharp focus on subject, slightly blurred background, full body or major muscle groups clearly visible, photorealistic, 4K quality, no text, no watermarks, no logos"
"cmt33ayxc00bxypj1yrvpx2km","Recuperación con compresión","Atleta Femenino 35s","Athletic woman in her mid 30s, long blond hair, ponytail, wearing maroon athletic top and black leggings, strong physique, caucasian, performing Recuperación con compresión exercise, using bandas de compresión, rehabilitation exercise, controlled activation, mind-muscle connection, precise small movement, targeting piernas muscles, correct anatomical form and posture, modern clean gym environment, bright even studio lighting, professional fitness photography, sharp focus on subject, slightly blurred background, full body or major muscle groups clearly visible, photorealistic, 4K quality, no text, no watermarks, no logos"
"cmt33az8y00c1ypj1r4lm44eq","Prehab de tobillos","Atleta Femenino 35s","Athletic woman in her mid 30s, long blond hair, ponytail, wearing maroon athletic top and black leggings, strong physique, caucasian, performing Prehab de tobillos exercise, using resistance band for tension, rehabilitation exercise, controlled activation, mind-muscle connection, precise small movement, targeting tobillos muscles, correct anatomical form and posture, modern clean gym environment, bright even studio lighting, professional fitness photography, sharp focus on subject, slightly blurred background, full body or major muscle groups clearly visible, photorealistic, 4K quality, no text, no watermarks, no logos"
"cmt33azjf00c5ypj11saf1s7i","Mindfulness de escaneo corporal","Atleta Femenino 35s","Athletic woman in her mid 30s, long blond hair, ponytail, wearing maroon athletic top and black leggings, strong physique, caucasian, performing Mindfulness de escaneo corporal exercise, no equipment, bodyweight only, rehabilitation exercise, controlled activation, mind-muscle connection, precise small movement, targeting full body muscles, correct anatomical form and posture, modern clean gym environment, bright even studio lighting, professional fitness photography, sharp focus on subject, slightly blurred background, full body or major muscle groups clearly visible, photorealistic, 4K quality, no text, no watermarks, no logos"
"cmt33aztp00c9ypj1t9p2pz80","Masaje automasaje con pelota de tenis","Atleta Femenino 35s","Athletic woman in her mid 30s, long blond hair, ponytail, wearing maroon athletic top and black leggings, strong physique, caucasian, performing Masaje automasaje con pelota de tenis exercise, using small massage ball, rehabilitation exercise, controlled activation, mind-muscle connection, precise small movement, targeting full body muscles, correct anatomical form and posture, modern clean gym environment, bright even studio lighting, professional fitness photography, sharp focus on subject, slightly blurred background, full body or major muscle groups clearly visible, photorealistic, 4K quality, no text, no watermarks, no logos"
"cmt33b03s00cdypj1kqqwh2q4","Activación de erectores","Atleta Femenino 35s","Athletic woman in her mid 30s, long blond hair, ponytail, wearing maroon athletic top and black leggings, strong physique, caucasian, performing Activación de erectores exercise, no equipment, bodyweight only, rehabilitation exercise, controlled activation, mind-muscle connection, precise small movement, targeting espalda muscles, correct anatomical form and posture, modern clean gym environment, bright even studio lighting, professional fitness photography, sharp focus on subject, slightly blurred background, full body or major muscle groups clearly visible, photorealistic, 4K quality, no text, no watermarks, no logos"
"cmt33b0f500chypj11l74xb2k","Recuperación activa de espalda","Atleta Femenino 35s","Athletic woman in her mid 30s, long blond hair, ponytail, wearing maroon athletic top and black leggings, strong physique, caucasian, performing Recuperación activa de espalda exercise, no equipment, bodyweight only, rehabilitation exercise, controlled activation, mind-muscle connection, precise small movement, targeting espalda muscles, correct anatomical form and posture, modern clean gym environment, bright even studio lighting, professional fitness photography, sharp focus on subject, slightly blurred background, full body or major muscle groups clearly visible, photorealistic, 4K quality, no text, no watermarks, no logos"
"cmtjc6kn300003isowg2vqv7j","Estiramiento de Hombro contra pared con rotación","Atleta Femenino 35s","Athletic woman in her mid 30s, long blond hair, ponytail, wearing maroon athletic top and black leggings, strong physique, caucasian, performing Estiramiento de Hombro contra pared con rotación exercise, using pared, deep stretch pose, calm breathing, elongated muscles, floor exercise, peaceful expression, targeting hombros muscles, correct anatomical form and posture, modern clean gym environment, bright even studio lighting, professional fitness photography, sharp focus on subject, slightly blurred background, full body or major muscle groups clearly visible, photorealistic, 4K quality, no text, no watermarks, no logos"
"cmtjc6l1q00043isotn3edhzk","Estiramiento de Glúteos acostado","Atleta Femenino 35s","Athletic woman in her mid 30s, long blond hair, ponytail, wearing maroon athletic top and black leggings, strong physique, caucasian, performing Estiramiento de Glúteos acostado exercise, no equipment, bodyweight only, deep stretch pose, calm breathing, elongated muscles, floor exercise, peaceful expression, targeting glúteos muscles, correct anatomical form and posture, modern clean gym environment, bright even studio lighting, professional fitness photography, sharp focus on subject, slightly blurred background, full body or major muscle groups clearly visible, photorealistic, 4K quality, no text, no watermarks, no logos"
"cmtjc6lcg00083isorfmdawdi","Estiramiento Lumbar con rotación","Atleta Femenino 35s","Athletic woman in her mid 30s, long blond hair, ponytail, wearing maroon athletic top and black leggings, strong physique, caucasian, performing Estiramiento Lumbar con rotación exercise, no equipment, bodyweight only, deep stretch pose, calm breathing, elongated muscles, floor exercise, peaceful expression, targeting espalda baja muscles, correct anatomical form and posture, modern clean gym environment, bright even studio lighting, professional fitness photography, sharp focus on subject, slightly blurred background, full body or major muscle groups clearly visible, photorealistic, 4K quality, no text, no watermarks, no logos"
"cmtjc6lnd000c3isoqzvp03zk","Estiramiento de Dorsales con abrazo","Atleta Femenino 35s","Athletic woman in her mid 30s, long blond hair, ponytail, wearing maroon athletic top and black leggings, strong physique, caucasian, performing Estiramiento de Dorsales con abrazo exercise, no equipment, bodyweight only, deep stretch pose, calm breathing, elongated muscles, floor exercise, peaceful expression, targeting dorsales muscles, correct anatomical form and posture, modern clean gym environment, bright even studio lighting, professional fitness photography, sharp focus on subject, slightly blurred background, full body or major muscle groups clearly visible, photorealistic, 4K quality, no text, no watermarks, no logos"
"cmtjc6lxy000g3isoldz0tptg","Estiramiento de Cuádriceps de pie","Atleta Femenino 35s","Athletic woman in her mid 30s, long blond hair, ponytail, wearing maroon athletic top and black leggings, strong physique, caucasian, performing Estiramiento de Cuádriceps de pie exercise, no equipment, bodyweight only, deep stretch pose, calm breathing, elongated muscles, floor exercise, peaceful expression, targeting cuádriceps muscles, correct anatomical form and posture, modern clean gym environment, bright even studio lighting, professional fitness photography, sharp focus on subject, slightly blurred background, full body or major muscle groups clearly visible, photorealistic, 4K quality, no text, no watermarks, no logos"
"cmtjc6m8y000k3isodcnhlvh1","Estiramiento de Hombro sobre la cabeza","Atleta Femenino 35s","Athletic woman in her mid 30s, long blond hair, ponytail, wearing maroon athletic top and black leggings, strong physique, caucasian, performing Estiramiento de Hombro sobre la cabeza exercise, no equipment, bodyweight only, deep stretch pose, calm breathing, elongated muscles, floor exercise, peaceful expression, targeting hombros muscles, correct anatomical form and posture, modern clean gym environment, bright even studio lighting, professional fitness photography, sharp focus on subject, slightly blurred background, full body or major muscle groups clearly visible, photorealistic, 4K quality, no text, no watermarks, no logos"
"cmtjc6mjk000o3iso0fuvhzc2","Estiramiento de Sóleo de pie","Atleta Femenino 35s","Athletic woman in her mid 30s, long blond hair, ponytail, wearing maroon athletic top and black leggings, strong physique, caucasian, performing Estiramiento de Sóleo de pie exercise, using pared, deep stretch pose, calm breathing, elongated muscles, floor exercise, peaceful expression, targeting sóleo muscles, correct anatomical form and posture, modern clean gym environment, bright even studio lighting, professional fitness photography, sharp focus on subject, slightly blurred background, full body or major muscle groups clearly visible, photorealistic, 4K quality, no text, no watermarks, no logos"
"cmtjc6n1r000s3ison5bmbbzl","Estiramiento lateral de Cuello","Atleta Femenino 35s","Athletic woman in her mid 30s, long blond hair, ponytail, wearing maroon athletic top and black leggings, strong physique, caucasian, performing Estiramiento lateral de Cuello exercise, no equipment, bodyweight only, deep stretch pose, calm breathing, elongated muscles, floor exercise, peaceful expression, targeting cuello muscles, correct anatomical form and posture, modern clean gym environment, bright even studio lighting, professional fitness photography, sharp focus on subject, slightly blurred background, full body or major muscle groups clearly visible, photorealistic, 4K quality, no text, no watermarks, no logos"
"cmtjc6ndy000w3iso3it3mebw","Estiramiento de Cuádriceps acostado","Atleta Femenino 35s","Athletic woman in her mid 30s, long blond hair, ponytail, wearing maroon athletic top and black leggings, strong physique, caucasian, performing Estiramiento de Cuádriceps acostado exercise, no equipment, bodyweight only, deep stretch pose, calm breathing, elongated muscles, floor exercise, peaceful expression, targeting cuádriceps muscles, correct anatomical form and posture, modern clean gym environment, bright even studio lighting, professional fitness photography, sharp focus on subject, slightly blurred background, full body or major muscle groups clearly visible, photorealistic, 4K quality, no text, no watermarks, no logos"
"cmtjc6res00103isop429ezax","Almeja","Atleta Femenino 35s","Athletic woman in her mid 30s, long blond hair, ponytail, wearing maroon athletic top and black leggings, strong physique, caucasian, performing Almeja exercise, using bandas, controlled movement, focused espression, rehabilitation exercise, controlled activation, precise movement, targeting glúteos muscles, correct anatomical form and posture, modern clean gym environment, bright even studio lighting, professional fitness photography, sharp focus on subject, slightly blurred background, full body or major muscle groups clearly visible, photorealistic, 4K quality, no text, no watermarks, no logos"
"cmtjc6rpz00143isoa52m3pbn","Rotación interna de cadera","Atleta Femenino 35s","Athletic woman in her mid 30s, long blond hair, ponytail, wearing maroon athletic top and black leggings, strong physique, caucasian, performing Rotación interna de cadera exercise, no equipment, bodyweight only, controlled movement, focused espression, rehabilitation exercise, controlled activation, precise movement, targeting cadera muscles, correct anatomical form and posture, modern clean gym environment, bright even studio lighting, professional fitness photography, sharp focus on subject, slightly blurred background, full body or major muscle groups clearly visible, photorealistic, 4K quality, no text, no watermarks, no logos"
"cmtjc6s1f00183isopm0jlf43","Flexión y extensión de columna","Atleta Femenino 35s","Athletic woman in her mid 30s, long blond hair, ponytail, wearing maroon athletic top and black leggings, strong physique, caucasian, performing Flexión y extensión de columna exercise, no equipment, bodyweight only, controlled movement, focused espression, rehabilitation exercise, controlled activation, precise movement, targeting columna torácica muscles, correct anatomical form and posture, modern clean gym environment, bright even studio lighting, professional fitness photography, sharp focus on subject, slightly blurred background, full body or major muscle groups clearly visible, photorealistic, 4K quality, no text, no watermarks, no logos"
"cmtjc6sca001c3isoy5p4ey4s","Rotación torácica sentado","Atleta Femenino 35s","Athletic woman in her mid 30s, long blond hair, ponytail, wearing maroon athletic top and black leggings, strong physique, caucasian, performing Rotación torácica sentado exercise, no equipment, bodyweight only, controlled movement, focused espression, rehabilitation exercise, controlled activation, precise movement, targeting columna torácica muscles, correct anatomical form and posture, modern clean gym environment, bright even studio lighting, professional fitness photography, sharp focus on subject, slightly blurred background, full body or major muscle groups clearly visible, photorealistic, 4K quality, no text, no watermarks, no logos"
"cmtjc6sn6001g3isoo7fzeaa7","Rotación controlada de columna","Atleta Femenino 35s","Athletic woman in her mid 30s, long blond hair, ponytail, wearing maroon athletic top and black leggings, strong physique, caucasian, performing Rotación controlada de columna exercise, no equipment, bodyweight only, controlled movement, focused espression, rehabilitation exercise, controlled activation, precise movement, targeting columna torácica muscles, correct anatomical form and posture, modern clean gym environment, bright even studio lighting, professional fitness photography, sharp focus on subject, slightly blurred background, full body or major muscle groups clearly visible, photorealistic, 4K quality, no text, no watermarks, no logos"
"cmtjc6sy6001k3isozykj4tja","Empuje isométrico posterior de cuello","Atleta Femenino 35s","Athletic woman in her mid 30s, long blond hair, ponytail, wearing maroon athletic top and black leggings, strong physique, caucasian, performing Empuje isométrico posterior de cuello exercise, no equipment, bodyweight only, controlled movement, focused espression, rehabilitation exercise, controlled activation, precise movement, targeting cuello muscles, correct anatomical form and posture, modern clean gym environment, bright even studio lighting, professional fitness photography, sharp focus on subject, slightly blurred background, full body or major muscle groups clearly visible, photorealistic, 4K quality, no text, no watermarks, no logos"
"cmtjc6tbr001o3iso1fn2rwr7","Rotación controlada de cuello","Atleta Femenino 35s","Athletic woman in her mid 30s, long blond hair, ponytail, wearing maroon athletic top and black leggings, strong physique, caucasian, performing Rotación controlada de cuello exercise, no equipment, bodyweight only, controlled movement, focused espression, rehabilitation exercise, controlled activation, precise movement, targeting cuello muscles, correct anatomical form and posture, modern clean gym environment, bright even studio lighting, professional fitness photography, sharp focus on subject, slightly blurred background, full body or major muscle groups clearly visible, photorealistic, 4K quality, no text, no watermarks, no logos"
"cmtjc6tmo001s3iso9rzi6h3z","Deslizamiento escapular en pared","Atleta Femenino 35s","Athletic woman in her mid 30s, long blond hair, ponytail, wearing maroon athletic top and black leggings, strong physique, caucasian, performing Deslizamiento escapular en pared exercise, no equipment, bodyweight only, controlled movement, focused espression, rehabilitation exercise, controlled activation, precise movement, targeting espalda alta y escápulas muscles, correct anatomical form and posture, modern clean gym environment, bright even studio lighting, professional fitness photography, sharp focus on subject, slightly blurred background, full body or major muscle groups clearly visible, photorealistic, 4K quality, no text, no watermarks, no logos"
"cmtjc6tyc001w3isoa5pe1xbd","Deslizamiento escapular con activación del serrato","Atleta Femenino 35s","Athletic woman in her mid 30s, long blond hair, ponytail, wearing maroon athletic top and black leggings, strong physique, caucasian, performing Deslizamiento escapular con activación del serrato exercise, no equipment, bodyweight only, controlled movement, focused espression, rehabilitation exercise, controlled activation, precise movement, targeting serrato anterior y escápulas muscles, correct anatomical form and posture, modern clean gym environment, bright even studio lighting, professional fitness photography, sharp focus on subject, slightly blurred background, full body or major muscle groups clearly visible, photorealistic, 4K quality, no text, no watermarks, no logos"
"cmtjc6uad00203isodv54apcu","Rotación controlada de hombro","Atleta Femenino 35s","Athletic woman in her mid 30s, long blond hair, ponytail, wearing maroon athletic top and black leggings, strong physique, caucasian, performing Rotación controlada de hombro exercise, no equipment, bodyweight only, controlled movement, focused espression, rehabilitation exercise, controlled activation, precise movement, targeting hombros muscles, correct anatomical form and posture, modern clean gym environment, bright even studio lighting, professional fitness photography, sharp focus on subject, slightly blurred background, full body or major muscle groups clearly visible, photorealistic, 4K quality, no text, no watermarks, no logos"
"cmtjc6umf00243isore84de9a","Estiramiento de rotación interna de hombro acostado","Atleta Femenino 35s","Athletic woman in her mid 30s, long blond hair, ponytail, wearing maroon athletic top and black leggings, strong physique, caucasian, performing Estiramiento de rotación interna de hombro acostado exercise, no equipment, bodyweight only, controlled movement, focused espression, rehabilitation exercise, controlled activation, precise movement, targeting hombros muscles, correct anatomical form and posture, modern clean gym environment, bright even studio lighting, professional fitness photography, sharp focus on subject, slightly blurred background, full body or major muscle groups clearly visible, photorealistic, 4K quality, no text, no watermarks, no logos"
"cmtjc6uz000283isou6n3ftjv","Círculos controlados de hombro","Atleta Femenino 35s","Athletic woman in her mid 30s, long blond hair, ponytail, wearing maroon athletic top and black leggings, strong physique, caucasian, performing Círculos controlados de hombro exercise, no equipment, bodyweight only, controlled movement, focused espression, rehabilitation exercise, controlled activation, precise movement, targeting hombros muscles, correct anatomical form and posture, modern clean gym environment, bright even studio lighting, professional fitness photography, sharp focus on subject, slightly blurred background, full body or major muscle groups clearly visible, photorealistic, 4K quality, no text, no watermarks, no logos"
"cmtjc6vaq002c3isopgwnd2d7","Sentadilla asistida con banda","Atleta Femenino 35s","Athletic woman in her mid 30s, long blond hair, ponytail, wearing maroon athletic top and black leggings, strong physique, caucasian, performing Sentadilla asistida con banda exercise, using bandas, controlled movement, focused espression, rehabilitation exercise, controlled activation, precise movement, targeting rodillas y piernas muscles, correct anatomical form and posture, modern clean gym environment, bright even studio lighting, professional fitness photography, sharp focus on subject, slightly blurred background, full body or major muscle groups clearly visible, photorealistic, 4K quality, no text, no watermarks, no logos"
"cmtjc6vln002g3iso5tbvf6a8","Sentadilla contra pared","Atleta Femenino 35s","Athletic woman in her mid 30s, long blond hair, ponytail, wearing maroon athletic top and black leggings, strong physique, caucasian, performing Sentadilla contra pared exercise, using pared, controlled movement, focused espression, rehabilitation exercise, controlled activation, precise movement, targeting piernas muscles, correct anatomical form and posture, modern clean gym environment, bright even studio lighting, professional fitness photography, sharp focus on subject, slightly blurred background, full body or major muscle groups clearly visible, photorealistic, 4K quality, no text, no watermarks, no logos"
"cmtjc6vwc002k3isova82xg8u","Rotaciones de tobillo","Atleta Femenino 35s","Athletic woman in her mid 30s, long blond hair, ponytail, wearing maroon athletic top and black leggings, strong physique, caucasian, performing Rotaciones de tobillo exercise, no equipment, bodyweight only, controlled movement, focused espression, rehabilitation exercise, controlled activation, precise movement, targeting tobillos muscles, correct anatomical form and posture, modern clean gym environment, bright even studio lighting, professional fitness photography, sharp focus on subject, slightly blurred background, full body or major muscle groups clearly visible, photorealistic, 4K quality, no text, no watermarks, no logos"
"cmtjc6w7a002o3iso9bn8e0in","Contracción del arco plantar","Atleta Femenino 35s","Athletic woman in her mid 30s, long blond hair, ponytail, wearing maroon athletic top and black leggings, strong physique, caucasian, performing Contracción del arco plantar exercise, no equipment, bodyweight only, controlled movement, focused espression, rehabilitation exercise, controlled activation, precise movement, targeting pie muscles, correct anatomical form and posture, modern clean gym environment, bright even studio lighting, professional fitness photography, sharp focus on subject, slightly blurred background, full body or major muscle groups clearly visible, photorealistic, 4K quality, no text, no watermarks, no logos"
"cmtjc6wii002s3isoxlg7x59x","Apertura de los dedos del pie","Atleta Femenino 35s","Athletic woman in her mid 30s, long blond hair, ponytail, wearing maroon athletic top and black leggings, strong physique, caucasian, performing Apertura de los dedos del pie exercise, no equipment, bodyweight only, controlled movement, focused espression, rehabilitation exercise, controlled activation, precise movement, targeting pie muscles, correct anatomical form and posture, modern clean gym environment, bright even studio lighting, professional fitness photography, sharp focus on subject, slightly blurred background, full body or major muscle groups clearly visible, photorealistic, 4K quality, no text, no watermarks, no logos"
"cmtjc6wtk002w3isom2ifnv1l","Perro ave","Atleta Femenino 35s","Athletic woman in her mid 30s, long blond hair, ponytail, wearing maroon athletic top and black leggings, strong physique, caucasian, performing Perro ave exercise, no equipment, bodyweight only, controlled movement, focused espression, rehabilitation exercise, controlled activation, precise movement, targeting core y zona lumbar muscles, correct anatomical form and posture, modern clean gym environment, bright even studio lighting, professional fitness photography, sharp focus on subject, slightly blurred background, full body or major muscle groups clearly visible, photorealistic, 4K quality, no text, no watermarks, no logos"
"cmtjc6x4j00303iso6epb3zg0","Puente de glúteos","Atleta Femenino 35s","Athletic woman in her mid 30s, long blond hair, ponytail, wearing maroon athletic top and black leggings, strong physique, caucasian, performing Puente de glúteos exercise, no equipment, bodyweight only, controlled movement, focused espression, rehabilitation exercise, controlled activation, precise movement, targeting glúteos y zona lumbar muscles, correct anatomical form and posture, modern clean gym environment, bright even studio lighting, professional fitness photography, sharp focus on subject, slightly blurred background, full body or major muscle groups clearly visible, photorealistic, 4K quality, no text, no watermarks, no logos"
"cmtjc6xi400343isotzmycmpf","Tire Flip","Atleta Femenino 35s","Athletic woman in her mid 30s, long blond hair, ponytail, wearing maroon athletic top and black leggings, strong physique, caucasian, performing Tire Flip exercise, using neumático, functional fitness movement, athletic stance, kettlebell or bodyweight, explosive power, targeting cuerpo completo muscles, correct anatomical form and posture, modern clean gym environment, bright even studio lighting, professional fitness photography, sharp focus on subject, slightly blurred background, full body or major muscle groups clearly visible, photorealistic, 4K quality, no text, no watermarks, no logos"
"cmtjc6xt300383iso4yddziah","Sprint multidireccional","Atleta Femenino 35s","Athletic woman in her mid 30s, long blond hair, ponytail, wearing maroon athletic top and black leggings, strong physique, caucasian, performing Sprint multidireccional exercise, no equipment, bodyweight only, functional fitness movement, athletic stance, kettlebell or bodyweight, explosive power, targeting cuerpo completo muscles, correct anatomical form and posture, modern clean gym environment, bright even studio lighting, professional fitness photography, sharp focus on subject, slightly blurred background, full body or major muscle groups clearly visible, photorealistic, 4K quality, no text, no watermarks, no logos"
"cmtjc6y4d003c3isouh3w45ml","Carrera en escalera de agilidad","Atleta Femenino 35s","Athletic woman in her mid 30s, long blond hair, ponytail, wearing maroon athletic top and black leggings, strong physique, caucasian, performing Carrera en escalera de agilidad exercise, using escalera de agilidad, functional fitness movement, athletic stance, kettlebell or bodyweight, explosive power, targeting tren inferior muscles, correct anatomical form and posture, modern clean gym environment, bright even studio lighting, professional fitness photography, sharp focus on subject, slightly blurred background, full body or major muscle groups clearly visible, photorealistic, 4K quality, no text, no watermarks, no logos"
"cmtjc6ygu003g3isoa38wfp8b","Shuffle reactivo","Atleta Femenino 35s","Athletic woman in her mid 30s, long blond hair, ponytail, wearing maroon athletic top and black leggings, strong physique, caucasian, performing Shuffle reactivo exercise, no equipment, bodyweight only, functional fitness movement, athletic stance, kettlebell or bodyweight, explosive power, targeting cuerpo completo muscles, correct anatomical form and posture, modern clean gym environment, bright even studio lighting, professional fitness photography, sharp focus on subject, slightly blurred background, full body or major muscle groups clearly visible, photorealistic, 4K quality, no text, no watermarks, no logos"
"cmtjc6ywc003k3iso1zofnqtz","Step Jacks","Atleta Femenino 35s","Athletic woman in her mid 30s, long blond hair, ponytail, wearing maroon athletic top and black leggings, strong physique, caucasian, performing Step Jacks exercise, no equipment, bodyweight only, functional fitness movement, athletic stance, kettlebell or bodyweight, explosive power, targeting cuerpo completo muscles, correct anatomical form and posture, modern clean gym environment, bright even studio lighting, professional fitness photography, sharp focus on subject, slightly blurred background, full body or major muscle groups clearly visible, photorealistic, 4K quality, no text, no watermarks, no logos"
"cmtjc6z7g003o3isocrh5q897","Estocadas laterales sin salto","Atleta Femenino 35s","Athletic woman in her mid 30s, long blond hair, ponytail, wearing maroon athletic top and black leggings, strong physique, caucasian, performing Estocadas laterales sin salto exercise, no equipment, bodyweight only, functional fitness movement, athletic stance, kettlebell or bodyweight, explosive power, targeting piernas y cadera muscles, correct anatomical form and posture, modern clean gym environment, bright even studio lighting, professional fitness photography, sharp focus on subject, slightly blurred background, full body or major muscle groups clearly visible, photorealistic, 4K quality, no text, no watermarks, no logos"
"cmtjc6zl2003s3isohwt31kx2","Flexión con toque de hombro","Atleta Femenino 35s","Athletic woman in her mid 30s, long blond hair, ponytail, wearing maroon athletic top and black leggings, strong physique, caucasian, performing Flexión con toque de hombro exercise, no equipment, bodyweight only, functional fitness movement, athletic stance, kettlebell or bodyweight, explosive power, targeting tren superior y core muscles, correct anatomical form and posture, modern clean gym environment, bright even studio lighting, professional fitness photography, sharp focus on subject, slightly blurred background, full body or major muscle groups clearly visible, photorealistic, 4K quality, no text, no watermarks, no logos"
"cmtjc6zwb003w3isojvwjvq2w","Swing con kettlebell","Atleta Femenino 35s","Athletic woman in her mid 30s, long blond hair, ponytail, wearing maroon athletic top and black leggings, strong physique, caucasian, performing Swing con kettlebell exercise, holding kettlebell with both hands or one, functional fitness movement, athletic stance, kettlebell or bodyweight, explosive power, targeting cadera y cadena posterior muscles, correct anatomical form and posture, modern clean gym environment, bright even studio lighting, professional fitness photography, sharp focus on subject, slightly blurred background, full body or major muscle groups clearly visible, photorealistic, 4K quality, no text, no watermarks, no logos"
"cmtjc70az00403isosaejyi3a","Thruster con peso","Atleta Femenino 35s","Athletic woman in her mid 30s, long blond hair, ponytail, wearing maroon athletic top and black leggings, strong physique, caucasian, performing Thruster con peso exercise, holding dumbbells in each hand, functional fitness movement, athletic stance, kettlebell or bodyweight, explosive power, targeting cuerpo completo muscles, correct anatomical form and posture, modern clean gym environment, bright even studio lighting, professional fitness photography, sharp focus on subject, slightly blurred background, full body or major muscle groups clearly visible, photorealistic, 4K quality, no text, no watermarks, no logos"
"cmtjc70pv00443isotpc3p3lq","Skipping HIIT","Atleta Femenino 35s","Athletic woman in her mid 30s, long blond hair, ponytail, wearing maroon athletic top and black leggings, strong physique, caucasian, performing Skipping HIIT exercise, no equipment, bodyweight only, functional fitness movement, athletic stance, kettlebell or bodyweight, explosive power, targeting piernas muscles, correct anatomical form and posture, modern clean gym environment, bright even studio lighting, professional fitness photography, sharp focus on subject, slightly blurred background, full body or major muscle groups clearly visible, photorealistic, 4K quality, no text, no watermarks, no logos"
"cmtjc710n00483isou6k80072","Saltos al cajón","Atleta Femenino 35s","Athletic woman in her mid 30s, long blond hair, ponytail, wearing maroon athletic top and black leggings, strong physique, caucasian, performing Saltos al cajón exercise, using plyometric box, functional fitness movement, athletic stance, kettlebell or bodyweight, explosive power, targeting piernas muscles, correct anatomical form and posture, modern clean gym environment, bright even studio lighting, professional fitness photography, sharp focus on subject, slightly blurred background, full body or major muscle groups clearly visible, photorealistic, 4K quality, no text, no watermarks, no logos"
"cmtjc71e6004c3isonkg8fwmh","Control de cadera de pie","Atleta Femenino 35s","Athletic woman in her mid 30s, long blond hair, ponytail, wearing maroon athletic top and black leggings, strong physique, caucasian, performing Control de cadera de pie exercise, no equipment, bodyweight only, controlled stretching, relaxed focused expression, full range of motion, yoga mat or floor, targeting cadera muscles, correct anatomical form and posture, modern clean gym environment, bright even studio lighting, professional fitness photography, sharp focus on subject, slightly blurred background, full body or major muscle groups clearly visible, photorealistic, 4K quality, no text, no watermarks, no logos"
"cmtjc71s9004g3iso77bi5p3e","Dead bug controlado","Atleta Femenino 35s","Athletic woman in her mid 30s, long blond hair, ponytail, wearing maroon athletic top and black leggings, strong physique, caucasian, performing Dead bug controlado exercise, no equipment, bodyweight only, controlled stretching, relaxed focused expression, full range of motion, yoga mat or floor, targeting core muscles, correct anatomical form and posture, modern clean gym environment, bright even studio lighting, professional fitness photography, sharp focus on subject, slightly blurred background, full body or major muscle groups clearly visible, photorealistic, 4K quality, no text, no watermarks, no logos"
"cmtjc724o004k3isoxl61pu2s","Caminata talón-punta","Atleta Femenino 35s","Athletic woman in her mid 30s, long blond hair, ponytail, wearing maroon athletic top and black leggings, strong physique, caucasian, performing Caminata talón-punta exercise, no equipment, bodyweight only, controlled stretching, relaxed focused expression, full range of motion, yoga mat or floor, targeting pies y tobillos muscles, correct anatomical form and posture, modern clean gym environment, bright even studio lighting, professional fitness photography, sharp focus on subject, slightly blurred background, full body or major muscle groups clearly visible, photorealistic, 4K quality, no text, no watermarks, no logos"
"cmtjc72gw004o3iso8ag6ago1","Equilibrio en posición de split","Atleta Femenino 35s","Athletic woman in her mid 30s, long blond hair, ponytail, wearing maroon athletic top and black leggings, strong physique, caucasian, performing Equilibrio en posición de split exercise, no equipment, bodyweight only, controlled stretching, relaxed focused expression, full range of motion, yoga mat or floor, targeting piernas muscles, correct anatomical form and posture, modern clean gym environment, bright even studio lighting, professional fitness photography, sharp focus on subject, slightly blurred background, full body or major muscle groups clearly visible, photorealistic, 4K quality, no text, no watermarks, no logos"
"cmtjc72t4004s3isoysfle6o7","Balanceo en cuadrupedia","Atleta Femenino 35s","Athletic woman in her mid 30s, long blond hair, ponytail, wearing maroon athletic top and black leggings, strong physique, caucasian, performing Balanceo en cuadrupedia exercise, no equipment, bodyweight only, controlled stretching, relaxed focused expression, full range of motion, yoga mat or floor, targeting core y cadera muscles, correct anatomical form and posture, modern clean gym environment, bright even studio lighting, professional fitness photography, sharp focus on subject, slightly blurred background, full body or major muscle groups clearly visible, photorealistic, 4K quality, no text, no watermarks, no logos"
"cmtjc7340004w3iso6dzlbf5i","Paso lateral cruzado","Atleta Femenino 35s","Athletic woman in her mid 30s, long blond hair, ponytail, wearing maroon athletic top and black leggings, strong physique, caucasian, performing Paso lateral cruzado exercise, no equipment, bodyweight only, controlled stretching, relaxed focused expression, full range of motion, yoga mat or floor, targeting piernas muscles, correct anatomical form and posture, modern clean gym environment, bright even studio lighting, professional fitness photography, sharp focus on subject, slightly blurred background, full body or major muscle groups clearly visible, photorealistic, 4K quality, no text, no watermarks, no logos"
"cmtjc73hh00503iso1vrq26ys","Saltos laterales coordinados","Atleta Femenino 35s","Athletic woman in her mid 30s, long blond hair, ponytail, wearing maroon athletic top and black leggings, strong physique, caucasian, performing Saltos laterales coordinados exercise, no equipment, bodyweight only, controlled stretching, relaxed focused expression, full range of motion, yoga mat or floor, targeting piernas muscles, correct anatomical form and posture, modern clean gym environment, bright even studio lighting, professional fitness photography, sharp focus on subject, slightly blurred background, full body or major muscle groups clearly visible, photorealistic, 4K quality, no text, no watermarks, no logos"
"cmtjc73sb00543isoh8nuai56","Saltos coordinados","Atleta Femenino 35s","Athletic woman in her mid 30s, long blond hair, ponytail, wearing maroon athletic top and black leggings, strong physique, caucasian, performing Saltos coordinados exercise, no equipment, bodyweight only, controlled stretching, relaxed focused expression, full range of motion, yoga mat or floor, targeting cuerpo completo muscles, correct anatomical form and posture, modern clean gym environment, bright even studio lighting, professional fitness photography, sharp focus on subject, slightly blurred background, full body or major muscle groups clearly visible, photorealistic, 4K quality, no text, no watermarks, no logos"
"cmtjc742u00583isoxcrej2kx","Paso diagonal con alcance","Atleta Femenino 35s","Athletic woman in her mid 30s, long blond hair, ponytail, wearing maroon athletic top and black leggings, strong physique, caucasian, performing Paso diagonal con alcance exercise, no equipment, bodyweight only, controlled stretching, relaxed focused expression, full range of motion, yoga mat or floor, targeting cuerpo completo muscles, correct anatomical form and posture, modern clean gym environment, bright even studio lighting, professional fitness photography, sharp focus on subject, slightly blurred background, full body or major muscle groups clearly visible, photorealistic, 4K quality, no text, no watermarks, no logos"
"cmtjc74dt005c3isodbb4jwyz","Movilidad de cuello","Atleta Femenino 35s","Athletic woman in her mid 30s, long blond hair, ponytail, wearing maroon athletic top and black leggings, strong physique, caucasian, performing Movilidad de cuello exercise, no equipment, bodyweight only, controlled stretching, relaxed focused expression, full range of motion, yoga mat or floor, targeting cuello muscles, correct anatomical form and posture, modern clean gym environment, bright even studio lighting, professional fitness photography, sharp focus on subject, slightly blurred background, full body or major muscle groups clearly visible, photorealistic, 4K quality, no text, no watermarks, no logos"
"cmtjc74r8005g3iso0ypiz8t0","Círculos de tobillos","Atleta Femenino 35s","Athletic woman in her mid 30s, long blond hair, ponytail, wearing maroon athletic top and black leggings, strong physique, caucasian, performing Círculos de tobillos exercise, no equipment, bodyweight only, controlled stretching, relaxed focused expression, full range of motion, yoga mat or floor, targeting tobillos muscles, correct anatomical form and posture, modern clean gym environment, bright even studio lighting, professional fitness photography, sharp focus on subject, slightly blurred background, full body or major muscle groups clearly visible, photorealistic, 4K quality, no text, no watermarks, no logos"
"cmtjc7525005k3isod36u3y8h","Ondulaciones de columna","Atleta Femenino 35s","Athletic woman in her mid 30s, long blond hair, ponytail, wearing maroon athletic top and black leggings, strong physique, caucasian, performing Ondulaciones de columna exercise, no equipment, bodyweight only, controlled stretching, relaxed focused expression, full range of motion, yoga mat or floor, targeting columna muscles, correct anatomical form and posture, modern clean gym environment, bright even studio lighting, professional fitness photography, sharp focus on subject, slightly blurred background, full body or major muscle groups clearly visible, photorealistic, 4K quality, no text, no watermarks, no logos"
"cmtjc75cq005o3isot7e04019","Extensiones de columna torácica","Atleta Femenino 35s","Athletic woman in her mid 30s, long blond hair, ponytail, wearing maroon athletic top and black leggings, strong physique, caucasian, performing Extensiones de columna torácica exercise, no equipment, bodyweight only, controlled stretching, relaxed focused expression, full range of motion, yoga mat or floor, targeting columna torácica muscles, correct anatomical form and posture, modern clean gym environment, bright even studio lighting, professional fitness photography, sharp focus on subject, slightly blurred background, full body or major muscle groups clearly visible, photorealistic, 4K quality, no text, no watermarks, no logos"