id,name,type,description,clientDescription,muscleGroup,equipment,videoUrl,imageUrl,gifUrl,tags,isPublic,createdAt
"cmt1wcj3300019yldszg7n1o7","Press de banca inclinado","STRENGTH","Ejercicio de pecho tipo strength. Requiere barra.","Igual que el press plano pero en un banco inclinado entre 30° y 45°. Enfoca más la parte superior del pecho y los hombros.","Pecho","Barra",,,,"[""press"",""pecho"",""inclinado""]","true","2026-08-20T19:11:36.351Z"
"cmt1wcj5j00029yldxgx6v0dw","Press de banca declinado","STRENGTH","Ejercicio de pecho tipo strength. Requiere barra.","Acostado en banco declinado (pies arriba), empujá la barra desde el pecho inferior. Trabaja más la parte baja del pecho.","Pecho","Barra",,,,"[""press"",""pecho"",""declinado""]","true","2026-08-20T19:11:36.440Z"
"cmt1wcj7t00039yldl0jfmsq1","Aperturas con mancuernas","STRENGTH","Ejercicio de pecho tipo strength. Requiere mancuernas.","Acostado en banco plano con mancuernas extendidas sobre el pecho. Abrí los brazos lateralmente en arco hasta sentir el estiramiento y volvé al centro.","Pecho","Mancuernas",,,,"[""aperturas"",""pecho"",""aislado""]","true","2026-08-20T19:11:36.522Z"
"cmt1wcja800049yld2j6u9qxx","Cruces en polea","STRENGTH","Ejercicio de pecho tipo strength. Requiere polea.","De pie en el centro de dos poleas altas, tirá las manos hacia abajo y adelante cruzándolas frente al pecho. Mantené los codos ligeramente flexionados.","Pecho","Polea",,,,"[""cruces"",""pecho"",""aislado""]","true","2026-08-20T19:11:36.608Z"
"cmt1wcjcm00059ylddizpm689","Fondos en paralelas","STRENGTH","Ejercicio de pecho tipo strength. Requiere paralelas.","Colgado de las paralelas con los codos extendidos, inclinate un poco hacia adelante y bajá flexionando los codos hasta que los hombros queden por debajo de los codos. Subí empujando.","Pecho","Paralelas",,,,"[""fondos"",""pecho"",""compound""]","true","2026-08-20T19:11:36.695Z"
"cmt1wcjf000069yld70w99n67","Pull-over","STRENGTH","Ejercicio de pecho tipo strength. Requiere mancuerna.","Acostado en banco plano con una mancuerna sostenida con ambas manos sobre el pecho. Bajá la mancuerna en arco por detrás de la cabeza estirando los brazos y volvé al centro.","Pecho","Mancuerna",,,,"[""pullover"",""pecho"",""aislado""]","true","2026-08-20T19:11:36.780Z"
"cmt1wcjhf00079yld2nduorws","Dominadas","STRENGTH","Ejercicio de espalda tipo strength. Requiere barra.","Colgado de una barra con las palmas hacia afuera (agarre prono), tirá de tu cuerpo hacia arriba hasta que la barbilla supere la barra. Bajá controladamente.","Espalda","Barra",,,,"[""dominadas"",""espalda"",""compound""]","true","2026-08-20T19:11:36.868Z"
"cmt1wcjm900099yldrez29er5","Remo con barra","STRENGTH","Ejercicio de espalda tipo strength. Requiere barra.","Inclinado hacia adelante con la espalda recta y la barra colgando, tirá la barra hacia tu abdomen inferior apretando los omóplatos juntos.","Espalda","Barra",,,,"[""remo"",""espalda"",""compound""]","true","2026-08-20T19:11:37.041Z"
"cmt1wcjor000a9yldgzpjzjs6","Remo con mancuerna","STRENGTH","Ejercicio de espalda tipo strength. Requiere mancuerna.","Apoyá una mano y la rodilla del mismo lado en un banco, con la otra mano tirá la mancuerna hacia tu cadera apretando el omóplato.","Espalda","Mancuerna",,,,"[""remo"",""espalda"",""unilateral""]","true","2026-08-20T19:11:37.131Z"
"cmt1wcjr2000b9yldxdxvej0a","Remo en máquina","STRENGTH","Ejercicio de espalda tipo strength. Requiere máquina.","Sentado en la máquina con el pecho apoyado en el soporte, tirá las manijas hacia atrás apretando los omóplatos. Mantené los codos cerca del cuerpo.","Espalda","Máquina",,,,"[""remo"",""espalda"",""maquina""]","true","2026-08-20T19:11:37.214Z"
"cmt1wcjvc000c9yldxsamglp5","Peso muerto","STRENGTH","Ejercicio de espalda tipo strength. Requiere barra.","De pie con la barra frente a los pies, inclinate hacia adelante manteniendo la espalda recta y levantá la barra extendiendo caderas y rodillas al mismo tiempo.","Espalda","Barra",,,,"[""peso muerto"",""espalda"",""compound""]","true","2026-08-20T19:11:37.368Z"
"cmt1wcjz8000d9yldoxq3copr","Hiperextensiones","STRENGTH","Ejercicio de espalda tipo strength. Requiere banco.","Acostado boca abajo en el banco de hiperextensiones con las caderas en el borde, bajá el torso hacia abajo y levantalo extendiendo la espalda baja.","Espalda","Banco",,,,"[""hiperextensiones"",""espalda baja"",""aislado""]","true","2026-08-20T19:11:37.508Z"
"cmt1wck2g000e9yld4xr43xd3","Press militar","STRENGTH","Ejercicio de hombros tipo strength. Requiere barra.","De pie o sentado con la barra a la altura de los hombros, empujá la barra hacia arriba hasta extender completamente los brazos. Bajá controladamente.","Hombros","Barra",,,,"[""press"",""hombros"",""compound""]","true","2026-08-20T19:11:37.624Z"
"cmt1wck53000f9yldicxxtjqj","Press con mancuernas","STRENGTH","Ejercicio de hombros tipo strength. Requiere mancuernas.","Sentado con mancuernas a la altura de los hombros, empujá hacia arriba hasta que las mancuernas casi se toquen. Bajá controladamente.","Hombros","Mancuernas",,,,"[""press"",""hombros"",""compound""]","true","2026-08-20T19:11:37.719Z"
"cmt1wck7k000g9ylds1f74e5f","Elevaciones laterales","STRENGTH","Ejercicio de hombros tipo strength. Requiere mancuernas.","De pie con mancuernas a los costados, elevá los brazos lateralmente hasta la altura de los hombros. Bajá lentamente. Mantené un leve flexión en los codos.","Hombros","Mancuernas",,,,"[""elevaciones"",""hombros"",""aislado""]","true","2026-08-20T19:11:37.808Z"
"cmt1wck9u000h9yldighc12y4","Elevaciones frontales","STRENGTH","Ejercicio de hombros tipo strength. Requiere mancuernas.","De pie con mancuernas frente a los muslos, elevá un brazo hacia adelante hasta la altura del hombro. Bajá y alterná con el otro brazo.","Hombros","Mancuernas",,,,"[""elevaciones"",""hombros"",""aislado""]","true","2026-08-20T19:11:37.890Z"
"cmt1wckc5000i9yldnlyofvjc","Pájaro","STRENGTH","Ejercicio de hombros tipo strength. Requiere mancuernas.","Inclinado hacia adelante con el torso casi paralelo al piso, elevá las mancuernas lateralmente con los codos ligeramente flexionados. Apretá los omóplatos.","Hombros","Mancuernas",,,,"[""pajaro"",""hombros"",""posterior""]","true","2026-08-20T19:11:37.974Z"
"cmt1wckek000j9yldeplkioi0","Face pull","STRENGTH","Ejercicio de hombros tipo strength. Requiere polea.","Con la polea a la altura de la cara y una cuerda, tirá hacia tu cara separando los codos y llevándolos hacia atrás. Apretá los omóplatos al final.","Hombros","Polea",,,,"[""face pull"",""hombros"",""posterior""]","true","2026-08-20T19:11:38.060Z"
"cmt1wckgy000k9yld3uhbxcmz","Curl con barra","STRENGTH","Ejercicio de bíceps tipo strength. Requiere barra.","De pie con la barra frente a los muslos, flexioná los codos llevando la barra hacia los hombros. Bajá controladamente sin dejar que los codos se muevan.","Bíceps","Barra",,,,"[""curl"",""biceps"",""aislado""]","true","2026-08-20T19:11:38.147Z"
"cmt1wcklw000m9yldbrf2c6vc","Curl martillo","STRENGTH","Ejercicio de bíceps tipo strength. Requiere mancuernas.","Igual que el curl con mancuernas pero con las palmas mirando hacia adentro (agarre neutro). Trabaja más el braquial.","Bíceps","Mancuernas",,,,"[""curl"",""biceps"",""martillo""]","true","2026-08-20T19:11:38.325Z"
"cmt1wckot000n9yldmfjl6fpj","Curl en predicador","STRENGTH","Ejercicio de bíceps tipo strength. Requiere barra.","Sentado en el banco predicador con los brazos apoyados en la almohadilla, flexioná los codos llevando la barra hacia los hombros. Bajá hasta extender casi por completo.","Bíceps","Barra",,,,"[""curl"",""biceps"",""predicador""]","true","2026-08-20T19:11:38.429Z"
"cmt1wckrp000o9yldwght3fhg","Curl concentrado","STRENGTH","Ejercicio de bíceps tipo strength. Requiere mancuerna.","Sentado en un banco con las piernas abiertas, apoyá el codo en el interior del muslo y flexioná la mancuerna hacia el hombro. Bajá lentamente.","Bíceps","Mancuerna",,,,"[""curl"",""biceps"",""concentrado""]","true","2026-08-20T19:11:38.533Z"
"cmt1wcku0000p9yldlixr5utq","Press francés","STRENGTH","Ejercicio de tríceps tipo strength. Requiere barra.","Acostado en banco plano con la barra sostenida sobre el pecho, bajá la barra hacia la frente flexionando solo los codos. Extendé los brazos para volver.","Tríceps","Barra",,,,"[""press frances"",""triceps"",""aislado""]","true","2026-08-20T19:11:38.616Z"
"cmt1wckwc000q9yldx9h39v95","Extensiones en polea","STRENGTH","Ejercicio de tríceps tipo strength. Requiere polea.","Con la polea alta y una cuerda o barra, flexioná los codos llevando las manos hacia la frente y luego extendé hacia abajo apretando los tríceps.","Tríceps","Polea",,,,"[""extensiones"",""triceps"",""aislado""]","true","2026-08-20T19:11:38.700Z"
"cmt1wckyn000r9yldoso60map","Fondos","STRENGTH","Ejercicio de tríceps tipo strength. Requiere paralelas.","Colgado de las paralelas con el torso vertical, bajá flexionando los codos hasta que los hombros estén por debajo. Subí empujando con los tríceps.","Tríceps","Paralelas",,,,"[""fondos"",""triceps"",""compound""]","true","2026-08-20T19:11:38.784Z"
"cmt1wcl10000s9yld7y30wfz3","Patada de tríceps","STRENGTH","Ejercicio de tríceps tipo strength. Requiere mancuerna.","Inclinado hacia adelante con una mancuerna en la mano, llevá el codo hacia arriba y extendé el brazo hacia atrás apretando el tríceps. Bajá lentamente.","Tríceps","Mancuerna",,,,"[""patada"",""triceps"",""aislado""]","true","2026-08-20T19:11:38.868Z"
"cmt1wcl3l000t9yldu1yg9vwg","Sentadilla","STRENGTH","Ejercicio de cuádriceps tipo strength. Requiere barra.","Con la barra sobre los trapecios, bajá flexionando rodillas y caderas hasta que los muslos estén paralelos al suelo. Mantené la espalda recta y subí empujando con los talones.","Cuádriceps","Barra",,,,"[""sentadilla"",""piernas"",""compound""]","true","2026-08-20T19:11:38.961Z"
"cmt1wcl5x000u9yldgor2pof3","Sentadilla frontal","STRENGTH","Ejercicio de cuádriceps tipo strength. Requiere barra.","Con la barra apoyada en los hombros delante del cuello (agarre de clean), bajá en sentadilla manteniendo el torso más vertical. Enfoca más los cuádriceps.","Cuádriceps","Barra",,,,"[""sentadilla"",""piernas"",""frontal""]","true","2026-08-20T19:11:39.045Z"
"cmt1wcl8b000v9yldckgmn8x9","Prensa","STRENGTH","Ejercicio de cuádriceps tipo strength. Requiere máquina.","Sentado en la máquina de prensa con los pies en la plataforma a la altura de los hombros, empujá extendiendo las piernas sin bloquear las rodillas. Bajá controladamente.","Cuádriceps","Máquina",,,,"[""prensa"",""piernas"",""compound""]","true","2026-08-20T19:11:39.131Z"
"cmt1wclaq000w9yldzyk12ehl","Extensión de cuádriceps","STRENGTH","Ejercicio de cuádriceps tipo strength. Requiere máquina.","Sentado en la máquina con los tobillos debajo del rodillo, extendé las rodillas hasta enderezar las piernas. Bajá lentamente sin dejar que el peso toque.","Cuádriceps","Máquina",,,,"[""extensiones"",""cuadriceps"",""aislado""]","true","2026-08-20T19:11:39.218Z"
"cmt1wcld1000x9yldxuasbajt","Curl femoral","STRENGTH","Ejercicio de femoral tipo strength. Requiere máquina.","Acostado boca abajo en la máquina con los talones debajo del rodillo, flexioná las rodillas llevando los talones hacia los glúteos. Bajá controladamente.","Femoral","Máquina",,,,"[""curl"",""femoral"",""aislado""]","true","2026-08-20T19:11:39.302Z"
"cmt1wclfh000y9yld4t5dr1qb","Peso muerto rumano","STRENGTH","Ejercicio de femoral tipo strength. Requiere barra.","De pie con la barra frente a los muslos, inclinate hacia adelante desde las caderas manteniendo las piernas casi rectas y la espalda recta. Bajá hasta sentir el estiramiento en los isquiotibiales.","Femoral","Barra",,,,"[""peso muerto"",""femoral"",""rumano""]","true","2026-08-20T19:11:39.389Z"
"cmt1wclhu000z9yld35gmwna8","Hip thrust","STRENGTH","Ejercicio de glúteos tipo strength. Requiere barra.","Con la espalda apoyada en un banco y la barra sobre las caderas, empujá las caderas hacia arriba apretando los glúteos hasta que el torso quede paralelo al piso. Bajá controladamente.","Glúteos","Barra",,,,"[""hip thrust"",""gluteos"",""compound""]","true","2026-08-20T19:11:39.474Z"
"cmt1wclk600109ylda2zsqp9r","Elevación de talones","STRENGTH","Ejercicio de pantorrilla tipo strength. Requiere máquina.","De pie en la máquina de pantorrillas con los hombros bajo el soporte, subí los talones lo más alto posible apretando las pantorrillas. Bajá hasta sentir el estiramiento.","Pantorrilla","Máquina",,,,"[""elevacion"",""pantorrilla"",""aislado""]","true","2026-08-20T19:11:39.558Z"
"cmt1wclmj00119yldiimvxlew","Plancha","STRENGTH","Ejercicio de core tipo strength. Requiere peso corporal.","Apoyado en antebrazos y puntas de los pies, mantené el cuerpo en línea recta desde la cabeza hasta los talones. Contraé el abdomen y las nalgas. Mantené la posición.","Core","Peso corporal",,,,"[""plancha"",""core"",""isometrico""]","true","2026-08-20T19:11:39.644Z"
"cmt1wcloz00129yldv3q1q1xf","Crunch","STRENGTH","Ejercicio de core tipo strength. Requiere peso corporal.","Acostado boca arriba con rodillas flexionadas y pies en el suelo, elevá los hombros del suelo contrayendo el abdomen. No tires del cuello. Bajá lentamente.","Core","Peso corporal",,,,"[""crunch"",""abdominales"",""aislado""]","true","2026-08-20T19:11:39.731Z"
"cmt1wclrc00139yldadw7gupn","Elevación de piernas","STRENGTH","Ejercicio de core tipo strength. Requiere banco.","Acostado en un banco plano, agarrá el borde del banco y elevá las piernas rectas hacia arriba hasta formar un ángulo de 90° con el torso. Bajá controladamente.","Core","Banco",,,,"[""elevacion"",""abdominales"",""aislado""]","true","2026-08-20T19:11:39.817Z"
"cmt1wclts00149yldci3unc7g","Russian twist","STRENGTH","Ejercicio de core tipo strength. Requiere peso corporal.","Sentado en el suelo con las piernas flexionadas y elevadas, inclinate ligeramente hacia atrás y girá el torso de un lado al otro tocando el suelo a cada lado.","Core","Peso corporal",,,,"[""russian twist"",""oblicuos"",""aislado""]","true","2026-08-20T19:11:39.905Z"
"cmt1wclyo00169yldmv5lfnfo","Carrera en cinta","CARDIO","Ejercicio de full body tipo cardio. Requiere cinta.","Corré sobre la cinta a un ritmo constante. Mantené una zancada natural y los brazos flexionados a 90°. Ajustá velocidad e inclinación progresivamente.","Full body","Cinta",,,,"[""cardio"",""cinta"",""running""]","true","2026-08-20T19:11:40.080Z"
"cmt1wcm1000179yldfq7aarqp","Elíptica","CARDIO","Ejercicio de full body tipo cardio. Requiere elíptica.","Sobre la elíptica, mové brazos y piernas en sincronía. Mantené la espalda recta, el core activado y una cadencia constante.","Full body","Elíptica",,,,"[""cardio"",""eliptica"",""bajo impacto""]","true","2026-08-20T19:11:40.164Z"
"cmt1wcm3c00189yldiob861cg","Bicicleta estática","CARDIO","Ejercicio de piernas tipo cardio. Requiere bicicleta.","Pedaleá sobre la bicicleta estática manteniendo una cadencia constante. Ajustá la resistencia según tu nivel. Mantené la espalda apoyada en el respaldo.","Piernas","Bicicleta",,,,"[""cardio"",""bicicleta"",""bajo impacto""]","true","2026-08-20T19:11:40.249Z"
"cmt1wcm5r00199yld2gmwylbq","Remo","CARDIO","Ejercicio de full body tipo cardio. Requiere remo.","Sentado en la máquina de remo, agarrá el mango con ambas manos. Extendé las piernas y tirá el mango hacia ti llevando los codos atrás. Volvé controladamente.","Full body","Remo",,,,"[""cardio"",""remo"",""full body""]","true","2026-08-20T19:11:40.335Z"
"cmt1wcm82001a9yldy1j4aa85","Saltar la soga","CARDIO","Ejercicio de full body tipo cardio. Requiere soga.","Con la soga detrás de los pies, saltá sobre ella girando las muñecas. Mantené los codos cerca del cuerpo y saltá solo lo necesario para pasar la soga.","Full body","Soga",,,,"[""cardio"",""soga"",""plyometrico""]","true","2026-08-20T19:11:40.418Z"
"cmt1wcmai001b9yldunrkznuj","Burpees","CARDIO","Ejercicio de full body tipo cardio. Requiere peso corporal.","Desde de pie, bajá a posición de plank, hacé una flexión, saltá los pies hacia las manos y terminá con un salto vertical con los brazos arriba. Repetí fluidamente.","Full body","Peso corporal",,,,"[""cardio"",""burpees"",""hiit""]","true","2026-08-20T19:11:40.506Z"
"cmt1wcmcv001c9yldhq5jad08","Escaladores","CARDIO","Ejercicio de full body tipo cardio. Requiere peso corporal.","En posición de plank, llevá alternadamente las rodillas hacia el pecho a ritmo rápido como si estuvieras corriendo en el lugar. Mantené la cadera baja y estable.","Full body","Peso corporal",,,,"[""cardio"",""escaladores"",""hiit""]","true","2026-08-20T19:11:40.592Z"
"cmt1wcmfa001d9yldl65t1zzj","Sprint","CARDIO","Ejercicio de piernas tipo cardio. Requiere pista.","Corré a máxima velocidad durante una distancia corta (20-100 metros). Mantené una zancada larga y los brazos impulsando fuerte. Recuperate caminando entre series.","Piernas","Pista",,,,"[""cardio"",""sprint"",""running""]","true","2026-08-20T19:11:40.679Z"
"cmt1wcmhm001e9yldn2fa0wjp","Zancadas dinámicas","CARDIO","Ejercicio de piernas tipo cardio. Requiere peso corporal.","Dando pasos largos hacia adelante, alterná piernas bajando la rodilla trasera casi hasta el suelo. Mantené el torso erguido y el core activado.","Piernas","Peso corporal",,,,"[""cardio"",""zancadas"",""dinamico""]","true","2026-08-20T19:11:40.763Z"
"cmt1wcmjy001f9yld50nudphn","Kettlebell swing","FUNCTIONAL","Ejercicio de full body tipo functional. Requiere kettlebell.","De pie con los pies más anchos que los hombros, agarrá la kettlebell con ambas manos. Inclinate hacia adelante llevándola entre las piernas y luego extendé las caderas explosivamente para llevarla a la altura del pecho.","Full body","Kettlebell",,,,"[""kettlebell"",""swing"",""posterior""]","true","2026-08-20T19:11:40.847Z"
"cmt1wcmmh001g9yldfaxhcjkl","Turkish get-up","FUNCTIONAL","Ejercicio de full body tipo functional. Requiere kettlebell.","Acostado con una kettlebell extendida sobre el hombro, levantate del suelo pasando por varias posiciones (plancha, rodilla, de pie) sin dejar caer el brazo. Bajá por el mismo camino.","Full body","Kettlebell",,,,"[""kettlebell"",""get up"",""movilidad""]","true","2026-08-20T19:11:40.937Z"
"cmt1wcmot001h9yldvf9zoght","Lunges con rotación","FUNCTIONAL","Ejercicio de core tipo functional. Requiere mancuerna.","Dá un paso largo hacia adelante en zancada y al bajar, rotá el torso hacia la pierna de adelante. Volvé al centro y alterná piernas.","Core","Mancuerna",,,,"[""lunge"",""rotacion"",""funcional""]","true","2026-08-20T19:11:41.022Z"
"cmt1wcmra001i9yldn17os8vx","Desplantes laterales","FUNCTIONAL","Ejercicio de piernas tipo functional. Requiere peso corporal.","De pie, dá un paso largo hacia un costado manteniendo la otra pierna recta. Bajá la cadera hacia abajo y empujá para volver. Alterná lados.","Piernas","Peso corporal",,,,"[""desplante"",""lateral"",""funcional""]","true","2026-08-20T19:11:41.111Z"
"cmt1wcmto001j9yld1epg2ogf","Thrusters","FUNCTIONAL","Ejercicio de full body tipo functional. Requiere barra.","Con la barra en posición de front squat, hacé una sentadilla completa y al subir empujá la barra hacia arriba en un press de hombros. Bajá controladamente.","Full body","Barra",,,,"[""thrusters"",""full body"",""crossfit""]","true","2026-08-20T19:11:41.196Z"
"cmt1wcmw3001k9yldt3534hkj","Clean and press","FUNCTIONAL","Ejercicio de full body tipo functional. Requiere barra.","Desde el suelo, levantá la barra explosivamente hasta los hombros en posición de front squat (clean) y luego empujá hacia arriba (press). Bajá controladamente.","Full body","Barra",,,,"[""clean"",""press"",""olimpico""]","true","2026-08-20T19:11:41.284Z"
"cmt1wcmye001l9yldl3xayb2u","Snatch","FUNCTIONAL","Ejercicio de full body tipo functional. Requiere barra.","Levantá la barra del suelo hasta por encima de la cabeza en un solo movimiento explosivo, recibiéndola con los brazos extendidos. Requiere técnica avanzada.","Full body","Barra",,,,"[""snatch"",""olimpico"",""potencia""]","true","2026-08-20T19:11:41.367Z"
"cmt1wcn0r001m9yldl9y8g9pb","Wall ball","FUNCTIONAL","Ejercicio de full body tipo functional. Requiere balón.","Con un balón medicinal en el pecho, hacé una sentadilla completa y al subir lanzá el balón hacia arriba contra la pared. Atrapá el balón al bajar y repetí.","Full body","Balón",,,,"[""wall ball"",""crossfit"",""full body""]","true","2026-08-20T19:11:41.452Z"
"cmt1wcn3b001n9yldtne37wpy","Box jump","FUNCTIONAL","Ejercicio de piernas tipo functional. Requiere cajón.","Frente a una caja pliométrica, flexioná ligeramente las rodillas y saltá sobre la caja aterrizando con ambos pies y extendiendo las caderas. Bajá caminando o saltando.","Piernas","Cajón",,,,"[""box jump"",""plyometrico"",""piernas""]","true","2026-08-20T19:11:41.543Z"
"cmt1wcn5n001o9yldtplepaaj","Farmer walk","FUNCTIONAL","Ejercicio de full body tipo functional. Requiere mancuernas.","De pie con mancuernas pesadas en cada mano, caminá manteniendo los hombros hacia atrás, el core apretado y una postura erguida. Recorré una distancia determinada.","Full body","Mancuernas",,,,"[""farmer walk"",""agarre"",""core""]","true","2026-08-20T19:11:41.628Z"
"cmt1wco5c00239yldm6ht9wfl","Estiramiento de pantorrilla","STRETCHING","Ejercicio de pantorrilla tipo stretching. Requiere peso corporal.","De pie frente a una pared, dá un paso atrás con una pierna y mantené el talón en el suelo. Inclinate hacia la pared sintiendo el estiramiento en la pantorrilla de atrás.","Pantorrilla","Peso corporal",,,,"[""estiramiento"",""pantorrilla"",""flexibilidad""]","true","2026-08-20T19:11:42.912Z"
"cmt1wcnvl001z9yld17a5x2pw","Estiramiento de isquiotibiales","STRETCHING","Ejercicio de femoral tipo stretching. Requiere peso corporal.","Sentado con una pierna extendida y la otra flexionada con el pie contra el muslo interno, inclinate hacia adelante intentando tocar los dedos del pie extendido. Mantené la espalda recta.","Femoral","Peso corporal",,,,"[""estiramiento"",""isquiotibiales"",""flexibilidad""]","true","2026-08-20T19:11:42.561Z"
"cmt1wcn7z001p9yldw0y2ziaq","Sled push","FUNCTIONAL","Ejercicio de piernas tipo functional. Requiere trineo.","Con las manos en el trineo cargado, empujá con las piernas manteniendo los brazos extendidos y la espalda recta. Empujá el trineo a lo largo de la distancia indicada.","Piernas","Trineo",,,,"[""sled"",""empuje"",""piernas""]","true","2026-08-20T19:11:41.712Z"
"cmt1wcnco001r9ylda12u9yjr","Puentes","MOBILITY","Ejercicio de core tipo mobility. Requiere peso corporal.","Acostado boca arriba con las rodillas flexionadas y pies en el suelo, elevá las caderas hacia arriba apretando los glúteos. Mantené la posición unos segundos y bajá.","Core","Peso corporal",,,,"[""puente"",""movilidad"",""core""]","true","2026-08-20T19:11:41.880Z"
"cmt1wcney001s9ylddd50d0ot","Gato-vaca","MOBILITY","Ejercicio de espalda tipo mobility. Requiere peso corporal.","A cuatro patas, arqueá la espalda hacia arriba metiendo el ombligo (gato) y luego arqueá hacia abajo mirando hacia arriba (vaca). Movete lentamente entre ambas posiciones.","Espalda","Peso corporal",,,,"[""gato vaca"",""movilidad"",""espalda""]","true","2026-08-20T19:11:41.963Z"
"cmt1wcnha001t9yld5henq82p","Rotación de cadera","MOBILITY","Ejercicio de cadera tipo mobility. Requiere peso corporal.","A cuatro patas, llevá una rodilla hacia adelante y rotá la cadera abriendo la pierna hacia afuera. Volvé al centro y alterná. Sentí el estiramiento en la cadera.","Cadera","Peso corporal",,,,"[""rotacion"",""cadera"",""movilidad""]","true","2026-08-20T19:11:42.047Z"
"cmt1wcnjr001u9yldkjwlnzy3","Foam rolling","MOBILITY","Ejercicio de full body tipo mobility. Requiere foam roller.","Acostado sobre el foam roller, ruedá lentamente por la zona muscular que querés liberar. Cuando encontrés un punto doloroso, detenete y mantené la presión unos segundos.","Full body","Foam roller",,,,"[""foam roller"",""movilidad"",""recuperacion""]","true","2026-08-20T19:11:42.136Z"
"cmt1wcnm4001v9yld6f6c1m1u","Dislocaciones con palo","MOBILITY","Ejercicio de hombros tipo mobility. Requiere palo.","De pie con un palo o banda elástica, agarrá con las manos amplias y llevá el palo por encima de la cabeza y detrás de la espalda. Volvé al frente. Ampliá el agarre progresivamente.","Hombros","Palo",,,,"[""dislocaciones"",""hombros"",""movilidad""]","true","2026-08-20T19:11:42.221Z"
"cmt1wcnoj001w9yld3kzzr4m2","Movilidad de tobillos","MOBILITY","Ejercicio de tobillos tipo mobility. Requiere peso corporal.","De pie frente a una pared, apoyá las manos y llevá una rodilla hacia la pared manteniendo el talón en el suelo. Sentí el estiramiento en el tobillo y la pantorrilla.","Tobillos","Peso corporal",,,,"[""tobillos"",""movilidad"",""calentamiento""]","true","2026-08-20T19:11:42.307Z"
"cmt1wcnqu001x9yld7sy1ikhw","Thoracic rotation","MOBILITY","Ejercicio de espalda tipo mobility. Requiere peso corporal.","A cuatro patas con una mano detrás de la cabeza, rotá el torso abriendo el codo hacia arriba. Volvé al centro y repetí. Enfoca la rotación de la columna torácica.","Espalda","Peso corporal",,,,"[""toracica"",""rotacion"",""movilidad""]","true","2026-08-20T19:11:42.390Z"
"cmt1wcnt7001y9yld7msfz378","90/90 stretch","MOBILITY","Ejercicio de cadera tipo mobility. Requiere peso corporal.","Sentado en el suelo con ambas piernas en ángulo de 90° (una adelante, una atrás), inclinate hacia adelante sobre la pierna delantera. Mantené la espalda recta.","Cadera","Peso corporal",,"https://cultivafitness.app/images/ejercicios/Rehabilitaci%C3%B3n%20y%20correctivos/cadera/Rotaciones%20a%2090%C2%BA.jpeg",,"[""90 90"",""cadera"",""movilidad""]","true","2026-08-20T19:11:42.475Z"
"cmt1wcny100209yldz5j5dx4j","Estiramiento de pectorales","STRETCHING","Ejercicio de pecho tipo stretching. Requiere peso corporal.","De pie junto a una pared o marco de puerta, colocá el antebrazo en la pared con el codo a la altura del hombro. Girá el torso hacia el lado opuesto sentí el estiramiento en el pecho.","Pecho","Peso corporal",,,,"[""estiramiento"",""pectorales"",""flexibilidad""]","true","2026-08-20T19:11:42.649Z"
"cmt1wco0e00219ylda8s3o89y","Estiramiento de cuádriceps","STRETCHING","Ejercicio de cuádriceps tipo stretching. Requiere peso corporal.","De pie, agarrá el tobillo con la mano del mismo lado y llevá el talón hacia los glúteos. Mantené las rodillas juntas y el torso erguido.","Cuádriceps","Peso corporal",,,,"[""estiramiento"",""cuadriceps"",""flexibilidad""]","true","2026-08-20T19:11:42.735Z"
"cmt1wco7p00249yldnnoisjky","Estiramiento de cadera","STRETCHING","Ejercicio de cadera tipo stretching. Requiere peso corporal.","De rodillas, llevá una pierna hacia adelante en ángulo de 90° y estirá la otra hacia atrás. Inclinate hacia adelante sintiendo el estiramiento en la cadera delantera.","Cadera","Peso corporal",,,,"[""estiramiento"",""cadera"",""flexibilidad""]","true","2026-08-20T19:11:42.998Z"
"cmt1wcoci00269yldf9jf6t70","Mariposa","STRETCHING","Ejercicio de cadera tipo stretching. Requiere peso corporal.","Sentado en el suelo con las plantas de los pies juntas y las rodillas hacia afuera, agarrá los tobillos y empujá suavemente las rodillas hacia el suelo con los codos.","Cadera","Peso corporal",,,,"[""mariposa"",""aductores"",""flexibilidad""]","true","2026-08-20T19:11:43.170Z"
"cmt1wcof100279yld41nk837x","Postura del niño","STRETCHING","Ejercicio de espalda tipo stretching. Requiere peso corporal.","Arrodillado con las rodillas separadas y los glúteos sobre los talones, inclinate hacia adelante extendiendo los brazos y apoyando la frente en el suelo. Relajá la espalda completamente.","Espalda","Peso corporal",,,,"[""yoga"",""espalda"",""relajacion""]","true","2026-08-20T19:11:43.261Z"
"cmt1wco2r00229yld2dqauo9t","Estiramiento de hombros","STRETCHING","Ejercicio de hombros tipo cooldown. Requiere peso corporal.","Llevá un brazo horizontalmente frente al pecho y sujetálo con el otro brazo. Mantené el estiramiento 20-30 segundos. Relajá los hombros.","Hombros","Peso corporal",,,,"[""estiramiento"",""hombros"",""vuelta a la calma""]","true","2026-08-20T19:11:42.819Z"
"cmt1wcokg00299yldisthpa88","Salto al cajón","PLYOMETRIC","Ejercicio de piernas tipo plyometric. Requiere cajón.","Frente a una caja pliométrica, flexioná ligeramente las rodillas y saltá sobre la caja aterrizando con ambos pies y extendiendo las caderas. Bajá caminando o saltando suavemente.","Piernas","Cajón",,,,"[""box jump"",""plyometrico"",""potencia""]","true","2026-08-20T19:11:43.456Z"
"cmt1wcomy002a9yld97kknkyq","Salto con peso corporal","PLYOMETRIC","Ejercicio de piernas tipo plyometric. Requiere peso corporal.","De pie con los pies a la altura de los hombros, flexioná las rodillas y saltá verticalmente lo más alto que puedas. Aterrizá suavemente con las rodillas ligeramente flexionadas y repetí inmediatamente.","Piernas","Peso corporal",,,,"[""salto"",""plyometrico"",""piernas""]","true","2026-08-20T19:11:43.547Z"
"cmt1wcopi002b9yld384s8dco","Lunges saltados","PLYOMETRIC","Ejercicio de piernas tipo plyometric. Requiere peso corporal.","En posición de zancada, saltá explosivamente cambiando de pierna en el aire y aterrizá en zancada con la otra pierna adelante. Mantené el torso erguido.","Piernas","Peso corporal",,,,"[""lunge"",""saltado"",""plyometrico""]","true","2026-08-20T19:11:43.639Z"
"cmt1wcoru002c9yldg0u7pvfn","Clapping push-ups","PLYOMETRIC","Ejercicio de pecho tipo plyometric. Requiere peso corporal.","En posición de flexión, bajá y empujá explosivamente levantando las manos del suelo lo suficiente para aplaudir antes de aterrizar. Requiere fuerza y coordinación.","Pecho","Peso corporal",,,,"[""push up"",""aplauso"",""plyometrico""]","true","2026-08-20T19:11:43.722Z"
"cmt1wcou5002d9yldnpnc3hql","Broad jump","PLYOMETRIC","Ejercicio de piernas tipo plyometric. Requiere peso corporal.","De pie con los pies a la altura de los hombros, flexioná las rodillas y saltá hacia adelante lo más lejos posible. Aterrizá con ambos pies y mantené el equilibrio.","Piernas","Peso corporal",,,,"[""salto"",""longitud"",""plyometrico""]","true","2026-08-20T19:11:43.805Z"
"cmt1wcowi002e9yld1dgud3wv","Tuck jump","PLYOMETRIC","Ejercicio de piernas tipo plyometric. Requiere peso corporal.","De pie, saltá verticalmente llevando las rodillas hacia el pecho. Aterrizá suavemente con las rodillas flexionadas y repetí inmediatamente.","Piernas","Peso corporal",,,,"[""tuck jump"",""plyometrico"",""piernas""]","true","2026-08-20T19:11:43.890Z"
"cmt1wcoyx002f9yldamdcj6if","Depth jump","PLYOMETRIC","Ejercicio de piernas tipo plyometric. Requiere cajón.","Parado sobre una caja, saltá al suelo y al tocar, saltá inmediatamente hacia arriba lo más alto posible. Requiere buena técnica y preparación física.","Piernas","Cajón",,,,"[""depth jump"",""plyometrico"",""potencia""]","true","2026-08-20T19:11:43.977Z"
"cmt1wcp1c002g9yldethdhcg5","Skater jumps","PLYOMETRIC","Ejercicio de piernas tipo plyometric. Requiere peso corporal.","De pie, saltá hacia un lado aterrizando sobre una pierna y luego saltá al lado opuesto. Simulá el movimiento de un patinador. Mantené el equilibrio en cada aterrizaje.","Piernas","Peso corporal",,,,"[""skater"",""lateral"",""plyometrico""]","true","2026-08-20T19:11:44.065Z"
"cmt1wcp3r002h9yldcqd8wndz","Sentadilla en bosu","BALANCE","Ejercicio de piernas tipo balance. Requiere bosu.","Parado sobre el bosu (parte redonda hacia arriba), hacé una sentadilla manteniendo el equilibrio. Los pies deben estar separados a la altura de los hombros. Bajá controladamente.","Piernas","Bosu",,,,"[""sentadilla"",""bosu"",""equilibrio""]","true","2026-08-20T19:11:44.151Z"
"cmt1wcp68002i9yldobwmzbmv","Plancha en bosu","BALANCE","Ejercicio de core tipo balance. Requiere bosu.","En posición de plank con los antebrazos sobre el bosu, mantené el cuerpo en línea recta. El desequilibrio del bosu hace trabajar más el core para estabilizar.","Core","Bosu",,,,"[""plancha"",""bosu"",""equilibrio""]","true","2026-08-20T19:11:44.240Z"
"cmt1wcp8p002j9yldwgdgqjcb","Pájaro en bosu","BALANCE","Ejercicio de hombros tipo balance. Requiere bosu.","Parado sobre el bosu con una mancuerna en cada mano, inclinate hacia adelante y elevá los brazos lateralmente. El bosu desafía tu equilibrio mientras trabajás los hombros.","Hombros","Bosu",,,,"[""pajaro"",""bosu"",""equilibrio""]","true","2026-08-20T19:11:44.329Z"
"cmt1wcpb3002k9yldkjo1iw1p","Single leg deadlift","BALANCE","Ejercicio de femoral tipo balance. Requiere mancuerna.","De pie sobre una pierna con una mancuerna en la mano del mismo lado, inclinate hacia adelante extendiendo la pierna libre hacia atrás. Bajá la mancuerna casi hasta el suelo y volvé.","Femoral","Mancuerna",,,,"[""single leg"",""deadlift"",""equilibrio""]","true","2026-08-20T19:11:44.415Z"
"cmt1wcpdi002l9ylddkvf0zsp","Equilibrio en una pierna","BALANCE","Ejercicio de piernas tipo balance. Requiere peso corporal.","De pie sobre una pierna con la otra flexionada, mantené el equilibrio. Podés cerrar los ojos o agregar movimientos de brazos para aumentar la dificultad.","Piernas","Peso corporal",,,,"[""equilibrio"",""una pierna"",""propiocepcion""]","true","2026-08-20T19:11:44.502Z"
"cmt1wcpg0002m9yldsqeklwsv","Plancha con fitball","BALANCE","Ejercicio de core tipo balance. Requiere fitball.","En posición de plank con los pies o las manos sobre el fitball. Mantené el cuerpo estable mientras la pelota se mueve. Trabaja mucho el core.","Core","Fitball",,,,"[""plancha"",""fitball"",""equilibrio""]","true","2026-08-20T19:11:44.592Z"
"cmt1wcpii002n9yld4362i6c7","Puente en fitball","BALANCE","Ejercicio de glúteos tipo balance. Requiere fitball.","Acostado boca arriba con los pies sobre el fitball, elevá las caderas apretando los glúteos. Mantené el equilibrio sobre la pelota inestable.","Glúteos","Fitball",,,,"[""puente"",""fitball"",""equilibrio""]","true","2026-08-20T19:11:44.682Z"
"cmt1wcpkw002o9yldpmc6rgsl","Sentadilla con palo","TECHNIQUE","Ejercicio de piernas tipo technique. Requiere palo.","Con un palo o PVC sobre los trapecios, practicá el movimiento de sentadilla enfocándote en la técnica: espalda recta, rodillas alineadas con los pies, profundidad controlada.","Piernas","Palo",,,,"[""sentadilla"",""tecnica"",""movilidad""]","true","2026-08-20T19:11:44.769Z"
"cmt1wcpnc002p9yldnraqltga","Press con palo","TECHNIQUE","Ejercicio de hombros tipo technique. Requiere palo.","Con un palo o PVC a la altura de los hombros, practicá el movimiento de press militar enfocándote en la trayectoria recta y la estabilidad del core.","Hombros","Palo",,,,"[""press"",""tecnica"",""hombros""]","true","2026-08-20T19:11:44.856Z"
"cmt1wcpq6002q9yldbljoteaz","Peso muerto con palo","TECHNIQUE","Ejercicio de espalda tipo technique. Requiere palo.","Con un palo o PVC frente a los muslos, practicá la bisagra de cadera manteniendo la espalda recta y la barra cerca de las piernas. Enfocate en la técnica, no en el peso.","Espalda","Palo",,,,"[""peso muerto"",""tecnica"",""movilidad""]","true","2026-08-20T19:11:44.958Z"
"cmt1wcpsh002r9yld4fu6jbrt","Front squat con palo","TECHNIQUE","Ejercicio de piernas tipo technique. Requiere palo.","Con el palo en posición de front rack (sobre los hombros delante del cuello), practicá la sentadilla manteniendo los codos altos y el torso vertical.","Piernas","Palo",,,,"[""front squat"",""tecnica"",""rack""]","true","2026-08-20T19:11:45.042Z"
"cmt1wcpuw002s9yldgkq8esur","Overhead squat con palo","TECHNIQUE","Ejercicio de full body tipo technique. Requiere palo.","Con el palo extendido sobre la cabeza, practicá la sentadilla. Requiere mucha movilidad de hombros y tobillos. Mantené los brazos extendidos y la barra sobre el centro de gravedad.","Full body","Palo",,,,"[""overhead squat"",""tecnica"",""movilidad""]","true","2026-08-20T19:11:45.128Z"
"cmt1wcpxc002t9yldkakvpbx4","Snatch balance con palo","TECHNIQUE","Ejercicio de full body tipo technique. Requiere palo.","Con el palo detrás de la cabeza, hacé una sentadilla parcial y al subir empujá el palo hacia arriba recibiéndolo con los brazos extendidos. Practica la recepción del snatch.","Full body","Palo",,,,"[""snatch balance"",""tecnica"",""olimpico""]","true","2026-08-20T19:11:45.216Z"
"cmt1wcpzu002u9yldfppinmk7","Clean pull","TECHNIQUE","Ejercicio de full body tipo technique. Requiere barra.","Desde el suelo, levantá la barra explosivamente hasta la altura del pecho sin recibirla. Enfocate en la extensión de caderas y la tracción vertical.","Full body","Barra",,,,"[""clean pull"",""tecnica"",""olimpico""]","true","2026-08-20T19:11:45.306Z"
"cmt1wcq28002v9yld37f9ha9y","Snatch pull","TECHNIQUE","Ejercicio de full body tipo technique. Requiere barra.","Desde el suelo, levantá la barra explosivamente hasta la altura del pecho con un agarre ancho, sin recibirla por encima de la cabeza. Trabaja la extensión y la tracción.","Full body","Barra",,,,"[""snatch pull"",""tecnica"",""olimpico""]","true","2026-08-20T19:11:45.393Z"
"cmt1wcq4o002w9yld0pso7wjp","Jumping jacks","WARMUP","Ejercicio de full body tipo warmup. Requiere peso corporal.","De pie, saltá abriendo las piernas y levantando los brazos lateralmente por encima de la cabeza. Volvé al centro. Mantené un ritmo constante para elevar la frecuencia cardíaca.","Full body","Peso corporal",,,,"[""jumping jacks"",""calentamiento"",""cardio""]","true","2026-08-20T19:11:45.481Z"
"cmt1wcq74002x9yldmy56x8lu","Skipping","WARMUP","Ejercicio de piernas tipo warmup. Requiere peso corporal.","Saltando en el lugar, llevá las rodillas alternadamente hacia arriba mientras movés los brazos como si corrieras. Mantené un ritmo ligero y los pies ágiles.","Piernas","Peso corporal",,,,"[""skipping"",""calentamiento"",""pies""]","true","2026-08-20T19:11:45.568Z"
"cmt1wcq9l002y9yldfify1h8o","Arm circles","WARMUP","Ejercicio de hombros tipo warmup. Requiere peso corporal.","De pie con los brazos extendidos lateralmente, hacé círculos pequeños hacia adelante y luego hacia atrás. Progresivamente aumentá el tamaño de los círculos.","Hombros","Peso corporal",,,,"[""arm circles"",""calentamiento"",""hombros""]","true","2026-08-20T19:11:45.658Z"
"cmt1wcqc3002z9yld3pu80ro9","Leg swings","WARMUP","Ejercicio de piernas tipo warmup. Requiere peso corporal.","Apoyado en una pared o barra, balanceá una pierna hacia adelante y atrás como un péndulo. Mantené el torso estable. Alterná piernas.","Piernas","Peso corporal",,,,"[""leg swings"",""calentamiento"",""cadera""]","true","2026-08-20T19:11:45.748Z"
"cmt1wcqeu00309yld5slfrjt0","Trotar en el lugar","WARMUP","Ejercicio de piernas tipo warmup. Requiere peso corporal.","Trotando en el lugar, levantá las rodillas moderadamente y balanceá los brazos naturalmente. Mantené un ritmo cómodo para elevar la temperatura corporal.","Piernas","Peso corporal",,,,"[""trotar"",""calentamiento"",""cardio""]","true","2026-08-20T19:11:45.847Z"
"cmt1wcqhm00319yldq18d48d3","Rotaciones de cuello","WARMUP","Ejercicio de cuello tipo warmup. Requiere peso corporal.","De pie con la espalda recta, rotá la cabeza lentamente hacia un lado, atrás, el otro lado y al frente. Hacelo suavemente sin forzar. Repetí en ambas direcciones.","Cuello","Peso corporal",,,,"[""cuello"",""calentamiento"",""movilidad""]","true","2026-08-20T19:11:45.947Z"
"cmt1wcqk100329yldl5zmyibn","Rotaciones de muñecas","WARMUP","Ejercicio de antebrazos tipo warmup. Requiere peso corporal.","Con los brazos extendidos, hacé círculos con las muñecas hacia adentro y hacia afuera. También flexioná y extendé las muñecas para calentar las articulaciones.","Antebrazos","Peso corporal",,,,"[""munecas"",""calentamiento"",""movilidad""]","true","2026-08-20T19:11:46.033Z"
"cmt1wcqmj00339yld05q6sod2","Caminata de oso","WARMUP","Ejercicio de full body tipo warmup. Requiere peso corporal.","Desde plank, llevá las manos hacia adelante un paso y luego los pies hacia las manos manteniendo las piernas rectas. Caminá así por el espacio disponible.","Full body","Peso corporal",,,,"[""oso"",""caminata"",""calentamiento""]","true","2026-08-20T19:11:46.123Z"
"cmt1wcqoy00349yld7q77a4h0","Inchworm","WARMUP","Ejercicio de full body tipo warmup. Requiere peso corporal.","De pie, inclinate hacia adelante y caminá con las manos hasta plank. Hacé una flexión opcional y caminá con las manos de vuelta hacia los pies. Levántate y repetí.","Full body","Peso corporal",,,,"[""inchworm"",""calentamiento"",""flexibilidad""]","true","2026-08-20T19:11:46.210Z"
"cmt1wcqrg00359yldtbotiwio","High knees","WARMUP","Ejercicio de piernas tipo warmup. Requiere peso corporal.","Corriendo en el lugar, llevá las rodillas lo más alto posible alternando rápidamente. Balanceá los brazos en sincronía. Mantené el ritmo y la postura erguida.","Piernas","Peso corporal",,,,"[""high knees"",""calentamiento"",""cardio""]","true","2026-08-20T19:11:46.300Z"
"cmt1wcqtw00369yldp5tfduvq","Caminata lenta","COOLDOWN","Ejercicio de full body tipo cooldown. Requiere peso corporal.","Caminá lentamente por el espacio durante 3-5 minutos. Permití que la frecuencia cardíaca baje gradualmente. Respirá profundamente y relajá los hombros.","Full body","Peso corporal",,,,"[""caminata"",""vuelta a la calma"",""cardio""]","true","2026-08-20T19:11:46.389Z"
"cmt1wcqwe00379yldcc8sbe9y","Respiración diafragmática","COOLDOWN","Ejercicio de core tipo cooldown. Requiere peso corporal.","Acostado boca arriba con una mano sobre el pecho y otra sobre el abdomen, inhalá profundamente expandiendo el abdomen (no el pecho). Exhalá lentamente. Repetí 10 veces.","Core","Peso corporal",,,,"[""respiracion"",""relajacion"",""vuelta a la calma""]","true","2026-08-20T19:11:46.478Z"
"cmt1wcr5h00389yld7eyxaqvx","Estiramiento de piernas","COOLDOWN","Ejercicio de piernas tipo cooldown. Requiere peso corporal.","Sentado con las piernas extendidas, inclinate hacia adelante suavemente. No fuerces, solo sentí el estiramiento en los isquiotibiales y la espalda baja.","Piernas","Peso corporal",,,,"[""estiramiento"",""piernas"",""vuelta a la calma""]","true","2026-08-20T19:11:46.805Z"
"cmt1wcr7w00399yldqfglmv8h","Foam roller de espalda","COOLDOWN","Ejercicio de espalda tipo cooldown. Requiere foam roller.","Acostado sobre el foam roller con éste a la altura de la espalda baja, ruedá lentamente hacia arriba y abajo por toda la espalda. Detenete en puntos tensos.","Espalda","Foam roller",,,,"[""foam roller"",""espalda"",""recuperacion""]","true","2026-08-20T19:11:46.893Z"
"cmt1wckja000l9yldf3ng4xka","Curl con mancuernas","STRENGTH","Ejercicio de bíceps tipo strength. Requiere mancuernas.","De pie con mancuernas a los costados, flexioná los codos alternando brazos. Mantené los codos pegados al cuerpo.","Bíceps","Mancuernas",,,,"[""curl"",""biceps"",""aislado""]","true","2026-08-20T19:11:38.231Z"
"cmt1wclwb00159ylda67ltf6x","Caminata en cinta","CARDIO","Ejercicio de full body tipo cardio. Requiere cinta.","Caminá sobre la cinta a un ritmo cómodo. Mantené la espalda recta y los brazos balanceándose naturalmente. Ajustá la velocidad e inclinación según tu nivel.","Full body","Cinta",,,,"[""cardio"",""cinta"",""bajo impacto""]","true","2026-08-20T19:11:39.995Z"
"cmt1wcnad001q9yldaimp74k0","Battle ropes","FUNCTIONAL","Ejercicio de core tipo functional. Requiere cuerdas.","De pie con una cuerda en cada mano, mové los brazos arriba y abajo alternadamente o juntos creando olas en las cuerdas. Mantené el core apretado y las rodillas ligeramente flexionadas.","Core","Cuerdas",,"https://cultivafitness.app/images/ejercicios/Metab%C3%B3lico%20y%20condicionamiento/HIIT/Golpes%20con%20la%20soga.jpeg",,"[""battle ropes"",""core"",""cardio""]","true","2026-08-20T19:11:41.798Z"
"cmt1wcohm00289yld4zc70gyf","Cobra","STRETCHING","Ejercicio de espalda tipo stretching. Requiere peso corporal.","Acostado boca abajo con las manos a los costados del pecho, empujá con los brazos elevando el torso del suelo y arqueando la espalda. Mantené las caderas en el suelo.","Espalda","Peso corporal",,,,"[""yoga"",""cobra"",""espalda""]","true","2026-08-20T19:11:43.354Z"
"cmt1wcoa300259yldu6mlzxxv","Estiramiento de espalda","STRETCHING","Ejercicio de espalda tipo cooldown. Requiere peso corporal.","De rodillas, sentate sobre los talones y extendé los brazos hacia adelante apoyando las manos en el suelo. Dejá caer la frente y relajá la espalda completamente.","Espalda","Peso corporal",,,,"[""estiramiento"",""espalda"",""vuelta a la calma""]","true","2026-08-20T19:11:43.083Z"
"cmt1wcra6003a9yld14hu7n46","Shavasana","COOLDOWN","Ejercicio de full body tipo cooldown. Requiere peso corporal.","Acostado boca arriba con los brazos a los costados y las palmas hacia arriba, relajá completamente todo el cuerpo. Cerrá los ojos y enfocate en la respiración durante 3-5 minutos.","Full body","Peso corporal",,,,"[""shavasana"",""relajacion"",""vuelta a la calma""]","true","2026-08-20T19:11:46.975Z"
"cmt1wcrci003b9yldvllpvdl6","Meditación","COOLDOWN","Ejercicio de mental tipo cooldown. Requiere peso corporal.","Sentado cómodamente con la espalda recta, cerrá los ojos y enfocate en tu respiración. Dejá pasar los pensamientos sin aferrarte a ellos. 3-5 minutos.","Mental","Peso corporal",,,,"[""meditacion"",""relajacion"",""vuelta a la calma""]","true","2026-08-20T19:11:47.059Z"
"cmt1wcrev003c9yldhms2cmt7","Vacío abdominal","OTHER","Ejercicio de core tipo other. Requiere peso corporal.","De pie o a cuatro patas, exhalá todo el aire y contraé el abdomen hacia adentro como si quisieras tocar la columna con el ombligo. Mantené 10-20 segundos. Respirá normalmente.","Core","Peso corporal",,,,"[""vacio abdominal"",""core"",""transverso""]","true","2026-08-20T19:11:47.143Z"
"cmt1wcrh9003d9yldii3wdvpm","Kegel","OTHER","Ejercicio de piso pélvico tipo other. Requiere peso corporal.","Contraé los músculos del piso pélvico (como si retuvieras la orina). Mantené la contracción 5-10 segundos y relajá. No contraigas glúteos ni abdomen.","Piso pélvico","Peso corporal",,,,"[""kegel"",""piso pelvico"",""rehabilitacion""]","true","2026-08-20T19:11:47.230Z"
"cmt1wcrjp003e9yldf7ffngzt","Respiración costal","OTHER","Ejercicio de core tipo other. Requiere peso corporal.","Acostado con una mano sobre el pecho y otra sobre las costillas, inhalá expandiendo las costillas lateralmente. Exhalá contrayendo las costillas. No muevas el abdomen.","Core","Peso corporal",,,,"[""respiracion"",""costal"",""core""]","true","2026-08-20T19:11:47.317Z"
"cmt1wcrm4003f9yldd4lftrim","Activación glútea","OTHER","Ejercicio de glúteos tipo other. Requiere banda.","Acostado boca arriba con las rodillas flexionadas y una banda elástica sobre las rodillas, separá las rodillas contra la resistencia de la banda apretando los glúteos.","Glúteos","Banda",,,,"[""activacion"",""gluteos"",""prehab""]","true","2026-08-20T19:11:47.405Z"
"cmt1wcrof003g9yld20wvmmmi","Activación de escápulas","OTHER","Ejercicio de espalda tipo other. Requiere peso corporal.","De pie o acostado boca arriba, empujá los omóplatos hacia abajo y juntos (retracción) sin mover los brazos. Mantené 5 segundos y relajá. Enfoca la conexión mente-músculo.","Espalda","Peso corporal",,,,"[""activacion"",""escapulas"",""postura""]","true","2026-08-20T19:11:47.487Z"
"cmt1wcrqs003h9yldpqrrxj1d","Masaje con pelota","OTHER","Ejercicio de full body tipo other. Requiere pelota.","Con una pelota de lacrosse o tenis, apoyala sobre el músculo tensos y movete lentamente sobre ella. Cuando encontrés un punto doloroso, mantené la presión 30-60 segundos.","Full body","Pelota",,,,"[""masaje"",""automasaje"",""recuperacion""]","true","2026-08-20T19:11:47.572Z"
"cmt33a1gz0000ypj1zvzo7zyt","Remo T-bar","STRENGTH","Variante de remo para pecho usando banda.","Ejecutá el movimiento de forma controlada enfocándote en pecho. Mantené la técnica correcta en todo momento.","Pecho","Banda",,,,"[""pecho"",""banda"",""remo""]","true","2026-08-21T15:13:23.700Z"
"cmt33a1vw0001ypj1sy2zkij2","Remo yates","STRENGTH","Variante de remo para tríceps usando kettlebell.","Ejecutá el movimiento de forma controlada enfocándote en tríceps. Mantené la técnica correcta en todo momento.","Tríceps","Kettlebell",,,,"[""tríceps"",""kettlebell"",""remo""]","true","2026-08-21T15:13:24.236Z"
"cmt33a1yg0002ypj1t5dgh0ri","Sentadilla goblet","STRENGTH","Ejercicio compuesto de hombros con kettlebell. Enfocado en fuerza.","Realizá el ejercicio con kettlebell concentrándote en la contracción de hombros. No uses momentum.","Hombros","Kettlebell",,,,"[""hombros"",""kettlebell"",""sentadilla""]","true","2026-08-21T15:13:24.329Z"
"cmt33a21g0003ypj1yh4w4jv7","Press con pausa","STRENGTH","Ejercicio de glúteos tipo strength. Requiere banda.","Ejecutá el movimiento de forma controlada enfocándote en glúteos. Mantené la técnica correcta en todo momento.","Glúteos","Banda",,,,"[""glúteos"",""banda"",""press""]","true","2026-08-21T15:13:24.436Z"
"cmt33a2450004ypj1yjjwdrh8","Dominadas commando","STRENGTH","Ejercicio de pecho tipo strength. Requiere barra.","Realizá el ejercicio con barra concentrándote en la contracción de pecho. No uses momentum.","Pecho","Barra",,,,"[""pecho"",""barra"",""dominada""]","true","2026-08-21T15:13:24.533Z"
"cmt33a26p0005ypj16e1fsutm","Elevación frontal con barra","STRENGTH","Movimiento de fuerza para hombros utilizando banda.","Con banda, realizá el ejercicio enfocándote exclusivamente en hombros. Controlá tanto la subida como la bajada.","Hombros","Banda",,,,"[""hombros"",""banda"",""elevacion""]","true","2026-08-21T15:13:24.625Z"
"cmt33a2980006ypj1ge92zo3r","Fondos entre bancos","STRENGTH","Variante de fondos para core usando peso corporal.","Usá peso corporal y mantené la tensión en core durante todo el recorrido. No bloquees las articulaciones.","Core","Peso corporal",,,,"[""core"",""peso_corporal"",""fondos""]","true","2026-08-21T15:13:24.716Z"
"cmt33a2by0007ypj1jpa6zleh","Patada de tríceps con mancuerna en banco","STRENGTH","Ejercicio de espalda tipo strength. Requiere kettlebell.","Con kettlebell, realizá el ejercicio enfocándote exclusivamente en espalda. Controlá tanto la subida como la bajada.","Espalda","Kettlebell",,,,"[""espalda"",""kettlebell""]","true","2026-08-21T15:13:24.814Z"
"cmt33a2eh0008ypj1gtdn0uqk","Elevación de piernas L-sit","STRENGTH","Movimiento de fuerza para bíceps utilizando banco.","Con banco, realizá el ejercicio enfocándote exclusivamente en bíceps. Controlá tanto la subida como la bajada.","Bíceps","Banco",,,,"[""bíceps"",""banco"",""elevacion""]","true","2026-08-21T15:13:24.905Z"
"cmt33a2he0009ypj1a1t65tfi","Jalón a una mano","STRENGTH","Ejercicio de pecho tipo strength. Requiere máquina.","Con máquina, realizá el ejercicio enfocándote exclusivamente en pecho. Controlá tanto la subida como la bajada.","Pecho","Máquina",,,,"[""pecho"",""máquina"",""jalon""]","true","2026-08-21T15:13:25.011Z"
"cmt33a2k0000aypj1i69n1xu2","Prensa horizontal","STRENGTH","Movimiento de fuerza para espalda utilizando kettlebell.","Con kettlebell, realizá el ejercicio enfocándote exclusivamente en espalda. Controlá tanto la subida como la bajada.","Espalda","Kettlebell",,,,"[""espalda"",""kettlebell""]","true","2026-08-21T15:13:25.104Z"
"cmt33a2mm000bypj10eeyz0gn","Curl en polea baja","STRENGTH","Ejercicio de bíceps tipo strength. Requiere kettlebell.","Realizá el ejercicio con kettlebell concentrándote en la contracción de bíceps. No uses momentum.","Bíceps","Kettlebell",,,,"[""bíceps"",""kettlebell"",""curl""]","true","2026-08-21T15:13:25.198Z"
"cmt33a2pm000cypj1bvmz79vb","Aperturas en máquina","STRENGTH","Ejercicio de pantorrilla tipo strength. Requiere kettlebell.","Posicionate correctamente con kettlebell y ejecutá el movimiento para trabajar pantorrilla. Respirá de forma constante.","Pantorrilla","Kettlebell",,,,"[""pantorrilla"",""kettlebell""]","true","2026-08-21T15:13:25.307Z"
"cmt33a2s9000dypj1iyg047zm","Hip thrust en máquina","STRENGTH","Variante de hip para tríceps usando barra.","Con barra, realizá el ejercicio enfocándote exclusivamente en tríceps. Controlá tanto la subida como la bajada.","Tríceps","Barra",,,,"[""tríceps"",""barra""]","true","2026-08-21T15:13:25.401Z"
"cmt33a2ut000eypj11p2nnhbe","Elevación de piernas en banco inclinado","STRENGTH","Ejercicio compuesto de cuádriceps con máquina. Enfocado en fuerza.","Usá máquina y mantené la tensión en cuádriceps durante todo el recorrido. No bloquees las articulaciones.","Cuádriceps","Máquina",,,,"[""cuádriceps"",""máquina"",""elevacion""]","true","2026-08-21T15:13:25.493Z"
"cmt33a2xh000fypj13o0r0up2","Pájaro con mancuerna en banco","STRENGTH","Ejercicio de glúteos tipo strength. Requiere barra.","Realizá el ejercicio con barra concentrándote en la contracción de glúteos. No uses momentum.","Glúteos","Barra",,,,"[""glúteos"",""barra"",""pajaro""]","true","2026-08-21T15:13:25.590Z"
"cmt33a30a000gypj1wzcubnes","Pájaro con banda","STRENGTH","Variante de pájaro para pecho usando kettlebell.","Con kettlebell, realizá el ejercicio enfocándote exclusivamente en pecho. Controlá tanto la subida como la bajada.","Pecho","Kettlebell",,,,"[""pecho"",""kettlebell"",""pajaro""]","true","2026-08-21T15:13:25.690Z"
"cmt33a32v000hypj1m74xmv33","Hiperextensiones inversas","STRENGTH","Movimiento de fuerza para pecho utilizando mancuernas.","Posicionate correctamente con mancuernas y ejecutá el movimiento para trabajar pecho. Respirá de forma constante.","Pecho","Mancuernas",,,,"[""pecho"",""mancuernas""]","true","2026-08-21T15:13:25.784Z"
"cmt33a35p000iypj17yh73bjb","Extensión de cuádriceps unilateral","STRENGTH","Movimiento de fuerza para pecho utilizando barra.","Con barra, realizá el ejercicio enfocándote exclusivamente en pecho. Controlá tanto la subida como la bajada.","Pecho","Barra",,,,"[""pecho"",""barra"",""extension""]","true","2026-08-21T15:13:25.885Z"
"cmt33a39u000jypj1od0ihwk7","Curl explosivo","STRENGTH","Ejercicio de femoral tipo strength. Requiere banda.","Posicionate correctamente con banda y ejecutá el movimiento para trabajar femoral. Respirá de forma constante.","Femoral","Banda",,,,"[""femoral"",""banda"",""curl""]","true","2026-08-21T15:13:25.985Z"
"cmt33a3d4000kypj173bls22i","Remo en TRX","STRENGTH","Ejercicio de hombros tipo strength. Requiere kettlebell.","Realizá el ejercicio con kettlebell concentrándote en la contracción de hombros. No uses momentum.","Hombros","Kettlebell",,,,"[""hombros"",""kettlebell"",""remo""]","true","2026-08-21T15:13:26.152Z"
"cmt33a3g5000lypj1w5zm6nw2","Face pull con banda","STRENGTH","Variante de face para femoral usando máquina.","Realizá el ejercicio con máquina concentrándote en la contracción de femoral. No uses momentum.","Femoral","Máquina",,,,"[""femoral"",""máquina""]","true","2026-08-21T15:13:26.261Z"
"cmt33a3ja000mypj198danzfv","Curl femoral sentado","STRENGTH","Movimiento de fuerza para pantorrilla utilizando barra.","Con barra, realizá el ejercicio enfocándote exclusivamente en pantorrilla. Controlá tanto la subida como la bajada.","Pantorrilla","Barra",,,,"[""pantorrilla"",""barra"",""curl""]","true","2026-08-21T15:13:26.375Z"
"cmt33a3m1000nypj1hxn3xyhv","Russian twist con banda","STRENGTH","Ejercicio de aislamiento de pecho con peso corporal.","Posicionate correctamente con peso corporal y ejecutá el movimiento para trabajar pecho. Respirá de forma constante.","Pecho","Peso corporal",,,,"[""pecho"",""peso_corporal""]","true","2026-08-21T15:13:26.473Z"
"cmt33a3ox000oypj1ysjfho5y","Elevación de talón de pie","STRENGTH","Ejercicio compuesto de full body con mancuernas. Enfocado en fuerza.","Usá mancuernas y mantené la tensión en full body durante todo el recorrido. No bloquees las articulaciones.","Full body","Mancuernas",,,,"[""full_body"",""mancuernas"",""elevacion""]","true","2026-08-21T15:13:26.577Z"
"cmt33a3rp000pypj1l4k9ioqq","Pull-over con kettlebell","STRENGTH","Ejercicio de aislamiento de pecho con máquina.","Ejecutá el movimiento de forma controlada enfocándote en pecho. Mantené la técnica correcta en todo momento.","Pecho","Máquina",,,,"[""pecho"",""máquina"",""kettlebell""]","true","2026-08-21T15:13:26.677Z"
"cmt33a3um000qypj1x470m7bq","Jalón con cuerda","STRENGTH","Variante de jalón para core usando banco.","Con banco, realizá el ejercicio enfocándote exclusivamente en core. Controlá tanto la subida como la bajada.","Core","Banco",,,,"[""core"",""banco"",""jalon""]","true","2026-08-21T15:13:26.783Z"
"cmt33a3x3000rypj19p7ud1ay","Patada de tríceps con banda","STRENGTH","Movimiento de fuerza para espalda utilizando kettlebell.","Usá kettlebell y mantené la tensión en espalda durante todo el recorrido. No bloquees las articulaciones.","Espalda","Kettlebell",,,,"[""espalda"",""kettlebell""]","true","2026-08-21T15:13:26.872Z"
"cmt33a3zp000sypj18d5ngals","Russian twist con balón","STRENGTH","Movimiento de fuerza para hombros utilizando mancuernas.","Posicionate correctamente con mancuernas y ejecutá el movimiento para trabajar hombros. Respirá de forma constante.","Hombros","Mancuernas",,,,"[""hombros"",""mancuernas""]","true","2026-08-21T15:13:26.965Z"
"cmt33a42g000typj1npu26vtk","Hip thrust b-stance","STRENGTH","Movimiento de fuerza para hombros utilizando peso corporal.","Realizá el ejercicio con peso corporal concentrándote en la contracción de hombros. No uses momentum.","Hombros","Peso corporal",,,,"[""hombros"",""peso_corporal""]","true","2026-08-21T15:13:27.064Z"
"cmt33a45d000uypj1tdwe7c0s","Peso muerto unilateral","STRENGTH","Movimiento de fuerza para espalda utilizando barra.","Ejecutá el movimiento de forma controlada enfocándote en espalda. Mantené la técnica correcta en todo momento.","Espalda","Barra",,,,"[""espalda"",""barra"",""peso_muerto""]","true","2026-08-21T15:13:27.169Z"
"cmt33a47w000vypj1dvnm6cqa","Peso muerto landmine","STRENGTH","Ejercicio compuesto de espalda con barra. Enfocado en fuerza.","Posicionate correctamente con barra y ejecutá el movimiento para trabajar espalda. Respirá de forma constante.","Espalda","Barra",,,,"[""espalda"",""barra"",""peso_muerto""]","true","2026-08-21T15:13:27.260Z"
"cmt33a4as000wypj164phwaz8","Aperturas en polea baja","STRENGTH","Ejercicio de pecho tipo strength. Requiere kettlebell.","Posicionate correctamente con kettlebell y ejecutá el movimiento para trabajar pecho. Respirá de forma constante.","Pecho","Kettlebell",,,,"[""pecho"",""kettlebell""]","true","2026-08-21T15:13:27.364Z"
"cmt33a4dg000xypj1z0p4bk7g","Russian twist en banco","STRENGTH","Ejercicio de aislamiento de pecho con máquina.","Con máquina, realizá el ejercicio enfocándote exclusivamente en pecho. Controlá tanto la subida como la bajada.","Pecho","Máquina",,,,"[""pecho"",""máquina""]","true","2026-08-21T15:13:27.461Z"
"cmt33a4g1000yypj1morkmwnu","Curl femoral con banda","STRENGTH","Movimiento de fuerza para glúteos utilizando peso corporal.","Con peso corporal, realizá el ejercicio enfocándote exclusivamente en glúteos. Controlá tanto la subida como la bajada.","Glúteos","Peso corporal",,,,"[""glúteos"",""peso_corporal"",""curl""]","true","2026-08-21T15:13:27.554Z"
"cmt33a4ij000zypj1s3myfc3v","Dominadas explosivas","STRENGTH","Movimiento de fuerza para antebrazos utilizando máquina.","Ejecutá el movimiento de forma controlada enfocándote en antebrazos. Mantené la técnica correcta en todo momento.","Antebrazos","Máquina",,,,"[""antebrazos"",""máquina"",""dominada""]","true","2026-08-21T15:13:27.643Z"
"cmt33a4l30010ypj14j0ipyay","Patada de tríceps unilateral","STRENGTH","Variante de patada para cuádriceps usando banco.","Usá banco y mantené la tensión en cuádriceps durante todo el recorrido. No bloquees las articulaciones.","Cuádriceps","Banco",,,,"[""cuádriceps"",""banco""]","true","2026-08-21T15:13:27.736Z"
"cmt33a4nm0011ypj15k3pawuu","Extensión de tríceps en polea alta","STRENGTH","Variante de extensión para pecho usando banco.","Con banco, realizá el ejercicio enfocándote exclusivamente en pecho. Controlá tanto la subida como la bajada.","Pecho","Banco",,,,"[""pecho"",""banco"",""extension""]","true","2026-08-21T15:13:27.827Z"
"cmt33a4q30012ypj1jyq39bno","Dominadas L-sit","STRENGTH","Variante de dominadas para espalda usando banco.","Realizá el ejercicio con banco concentrándote en la contracción de espalda. No uses momentum.","Espalda","Banco",,,,"[""espalda"",""banco"",""dominada""]","true","2026-08-21T15:13:27.915Z"
"cmt33a4v90014ypj1yskioni8","Crunch con banda","STRENGTH","Movimiento de fuerza para pantorrilla utilizando máquina.","Con máquina, realizá el ejercicio enfocándote exclusivamente en pantorrilla. Controlá tanto la subida como la bajada.","Pantorrilla","Máquina",,,,"[""pantorrilla"",""máquina"",""crunch""]","true","2026-08-21T15:13:28.102Z"
"cmt33a4xt0015ypj1fzw3my0q","Jalón agarre cerrado","STRENGTH","Variante de jalón para piernas usando mancuernas.","Usá mancuernas y mantené la tensión en piernas durante todo el recorrido. No bloquees las articulaciones.","Piernas","Mancuernas",,,,"[""piernas"",""mancuernas"",""jalon""]","true","2026-08-21T15:13:28.194Z"
"cmt33a50f0016ypj12l9xzgog","Cruces unilaterales","STRENGTH","Ejercicio de pecho tipo strength. Requiere banda.","Usá banda y mantené la tensión en pecho durante todo el recorrido. No bloquees las articulaciones.","Pecho","Banda",,,,"[""pecho"",""banda""]","true","2026-08-21T15:13:28.287Z"
"cmt33a54r0017ypj193zu3gci","Pull-over en máquina","STRENGTH","Ejercicio compuesto de pecho con kettlebell. Enfocado en fuerza.","Con kettlebell, realizá el ejercicio enfocándote exclusivamente en pecho. Controlá tanto la subida como la bajada.","Pecho","Kettlebell",,,,"[""pecho"",""kettlebell""]","true","2026-08-21T15:13:28.443Z"
"cmt33a57q0018ypj1npspf4ni","Aperturas en banco inclinado","STRENGTH","Movimiento de fuerza para hombros utilizando banco.","Usá banco y mantené la tensión en hombros durante todo el recorrido. No bloquees las articulaciones.","Hombros","Banco",,,,"[""hombros"",""banco""]","true","2026-08-21T15:13:28.550Z"
"cmt33a5ab0019ypj18a5jqu7b","Fondos en banco","STRENGTH","Ejercicio de piernas tipo strength. Requiere máquina.","Ejecutá el movimiento de forma controlada enfocándote en piernas. Mantené la técnica correcta en todo momento.","Piernas","Máquina",,,,"[""piernas"",""máquina"",""fondos""]","true","2026-08-21T15:13:28.644Z"
"cmt33a5ds001aypj1jd7pv7cd","Face pull unilateral","STRENGTH","Movimiento de fuerza para glúteos utilizando banco.","Ejecutá el movimiento de forma controlada enfocándote en glúteos. Mantené la técnica correcta en todo momento.","Glúteos","Banco",,,,"[""glúteos"",""banco""]","true","2026-08-21T15:13:28.769Z"
"cmt33a5ga001bypj12zawhixb","Plancha con pica","STRENGTH","Ejercicio compuesto de pecho con kettlebell. Enfocado en fuerza.","Usá kettlebell y mantené la tensión en pecho durante todo el recorrido. No bloquees las articulaciones.","Pecho","Kettlebell",,,,"[""pecho"",""kettlebell"",""plancha""]","true","2026-08-21T15:13:28.859Z"
"cmt33a5jo001cypj1eh7ktvjg","Remo con kettlebell","STRENGTH","Movimiento de fuerza para tríceps utilizando peso corporal.","Ejecutá el movimiento de forma controlada enfocándote en tríceps. Mantené la técnica correcta en todo momento.","Tríceps","Peso corporal",,,,"[""tríceps"",""peso_corporal"",""remo"",""kettlebell""]","true","2026-08-21T15:13:28.981Z"
"cmt33a5nt001dypj1ydjmgykf","Hip thrust con barra smith","STRENGTH","Variante de hip para antebrazos usando peso corporal.","Realizá el ejercicio con peso corporal concentrándote en la contracción de antebrazos. No uses momentum.","Antebrazos","Peso corporal",,,,"[""antebrazos"",""peso_corporal""]","true","2026-08-21T15:13:29.129Z"
"cmt33a5ql001eypj1i7clakmi","Face pull con cuerda baja","STRENGTH","Ejercicio de aislamiento de bíceps con barra.","Realizá el ejercicio con barra concentrándote en la contracción de bíceps. No uses momentum.","Bíceps","Barra",,,,"[""bíceps"",""barra""]","true","2026-08-21T15:13:29.230Z"
"cmt33a5tj001fypj1zzfjtedo","Peso muerto sumo","STRENGTH","Movimiento de fuerza para espalda utilizando máquina.","Realizá el ejercicio con máquina concentrándote en la contracción de espalda. No uses momentum.","Espalda","Máquina",,,,"[""espalda"",""máquina"",""peso_muerto""]","true","2026-08-21T15:13:29.335Z"
"cmt33a9eo002rypj17x7vfxr6","Plancha lateral","STRENGTH","Variante de plancha para hombros usando banco.","Posicionate correctamente con banco y ejecutá el movimiento para trabajar hombros. Respirá de forma constante.","Hombros","Banco",,,,"[""hombros"",""banco"",""plancha""]","true","2026-08-21T15:13:33.984Z"
"cmt33a5w7001gypj162wsjv3k","Press de hombros en máquina","STRENGTH","Ejercicio compuesto de core con banco. Enfocado en fuerza.","Posicionate correctamente con banco y ejecutá el movimiento para trabajar core. Respirá de forma constante.","Core","Banco",,,,"[""core"",""banco"",""press""]","true","2026-08-21T15:13:29.431Z"
"cmt33a606001hypj17cjkyaey","Crunch con cuerda","STRENGTH","Ejercicio compuesto de pecho con peso corporal. Enfocado en fuerza.","Usá peso corporal y mantené la tensión en pecho durante todo el recorrido. No bloquees las articulaciones.","Pecho","Peso corporal",,,,"[""pecho"",""peso_corporal"",""crunch""]","true","2026-08-21T15:13:29.575Z"
"cmt33a637001iypj1b0yuzfpb","Curl de pie","STRENGTH","Ejercicio de aislamiento de piernas con banda.","Ejecutá el movimiento de forma controlada enfocándote en piernas. Mantené la técnica correcta en todo momento.","Piernas","Banda",,,,"[""piernas"",""banda"",""curl""]","true","2026-08-21T15:13:29.683Z"
"cmt33a661001jypj1j0n9ykgp","Remo con mancuerna giratoria","STRENGTH","Movimiento de fuerza para bíceps utilizando banda.","Posicionate correctamente con banda y ejecutá el movimiento para trabajar bíceps. Respirá de forma constante.","Bíceps","Banda",,,,"[""bíceps"",""banda"",""remo""]","true","2026-08-21T15:13:29.785Z"
"cmt33a6bh001lypj1w6xqu54j","Hip thrust con banda","STRENGTH","Ejercicio de pecho tipo strength. Requiere barra.","Con barra, realizá el ejercicio enfocándote exclusivamente en pecho. Controlá tanto la subida como la bajada.","Pecho","Barra",,,,"[""pecho"",""barra""]","true","2026-08-21T15:13:29.982Z"
"cmt33a6e8001mypj159327hqm","Hiperextensiones en 45°","STRENGTH","Ejercicio compuesto de cuádriceps con barra. Enfocado en fuerza.","Con barra, realizá el ejercicio enfocándote exclusivamente en cuádriceps. Controlá tanto la subida como la bajada.","Cuádriceps","Barra",,,,"[""cuádriceps"",""barra""]","true","2026-08-21T15:13:30.080Z"
"cmt33a6go001nypj13datoq45","Extensión de cuádriceps en máquina","STRENGTH","Ejercicio de piernas tipo strength. Requiere peso corporal.","Posicionate correctamente con peso corporal y ejecutá el movimiento para trabajar piernas. Respirá de forma constante.","Piernas","Peso corporal",,,,"[""piernas"",""peso_corporal"",""extension""]","true","2026-08-21T15:13:30.168Z"
"cmt33a6jz001oypj1s79jnxv4","Press landmine","STRENGTH","Ejercicio de aislamiento de hombros con máquina.","Realizá el ejercicio con máquina concentrándote en la contracción de hombros. No uses momentum.","Hombros","Máquina",,,,"[""hombros"",""máquina"",""press""]","true","2026-08-21T15:13:30.287Z"
"cmt33a6mg001pypj1vgl6tjlj","Face pull con cuerda alta","STRENGTH","Ejercicio de aislamiento de tríceps con banda.","Usá banda y mantené la tensión en tríceps durante todo el recorrido. No bloquees las articulaciones.","Tríceps","Banda",,,,"[""tríceps"",""banda""]","true","2026-08-21T15:13:30.377Z"
"cmt33a6pj001qypj1jmx92yl8","Peso muerto rumano con mancuernas","STRENGTH","Ejercicio de pecho tipo strength. Requiere banco.","Posicionate correctamente con banco y ejecutá el movimiento para trabajar pecho. Respirá de forma constante.","Pecho","Banco",,,,"[""pecho"",""banco"",""peso_muerto""]","true","2026-08-21T15:13:30.487Z"
"cmt33a6s5001rypj10afi86kn","Curl femoral unilateral","STRENGTH","Ejercicio de antebrazos tipo strength. Requiere máquina.","Con máquina, realizá el ejercicio enfocándote exclusivamente en antebrazos. Controlá tanto la subida como la bajada.","Antebrazos","Máquina",,,,"[""antebrazos"",""máquina"",""curl""]","true","2026-08-21T15:13:30.582Z"
"cmt33a6up001sypj1lu02a4ce","Cruces bajos","STRENGTH","Variante de cruces para bíceps usando kettlebell.","Posicionate correctamente con kettlebell y ejecutá el movimiento para trabajar bíceps. Respirá de forma constante.","Bíceps","Kettlebell",,,,"[""bíceps"",""kettlebell""]","true","2026-08-21T15:13:30.673Z"
"cmt33a6xa001typj1b71k7369","Remo invertido","STRENGTH","Movimiento de fuerza para tríceps utilizando mancuernas.","Posicionate correctamente con mancuernas y ejecutá el movimiento para trabajar tríceps. Respirá de forma constante.","Tríceps","Mancuernas",,,,"[""tríceps"",""mancuernas"",""remo""]","true","2026-08-21T15:13:30.766Z"
"cmt33a6zu001uypj1khs6hgy3","Pull-over con cuerda","STRENGTH","Ejercicio compuesto de bíceps con banco. Enfocado en fuerza.","Ejecutá el movimiento de forma controlada enfocándote en bíceps. Mantené la técnica correcta en todo momento.","Bíceps","Banco",,,,"[""bíceps"",""banco""]","true","2026-08-21T15:13:30.858Z"
"cmt33a72k001vypj1q2f4aq7g","Sentadilla en máquina smith","STRENGTH","Ejercicio de pantorrilla tipo strength. Requiere kettlebell.","Ejecutá el movimiento de forma controlada enfocándote en pantorrilla. Mantené la técnica correcta en todo momento.","Pantorrilla","Kettlebell",,,,"[""pantorrilla"",""kettlebell"",""sentadilla""]","true","2026-08-21T15:13:30.957Z"
"cmt33a757001wypj11285ac98","Elevación lateral en máquina","STRENGTH","Ejercicio de aislamiento de bíceps con polea.","Ejecutá el movimiento de forma controlada enfocándote en bíceps. Mantené la técnica correcta en todo momento.","Bíceps","Polea",,,,"[""bíceps"",""polea"",""elevacion""]","true","2026-08-21T15:13:31.051Z"
"cmt33a77v001xypj1ubgd3zwg","Remo con banda","STRENGTH","Ejercicio compuesto de pecho con mancuernas. Enfocado en fuerza.","Ejecutá el movimiento de forma controlada enfocándote en pecho. Mantené la técnica correcta en todo momento.","Pecho","Mancuernas",,,,"[""pecho"",""mancuernas"",""remo""]","true","2026-08-21T15:13:31.147Z"
"cmt33a7ad001yypj138gxgs64","Patada de tríceps en máquina","STRENGTH","Ejercicio de aislamiento de pantorrilla con polea.","Posicionate correctamente con polea y ejecutá el movimiento para trabajar pantorrilla. Respirá de forma constante.","Pantorrilla","Polea",,,,"[""pantorrilla"",""polea""]","true","2026-08-21T15:13:31.237Z"
"cmt33a7d3001zypj1n2rv5jkv","Prensa inclinada","STRENGTH","Variante de prensa para pecho usando barra.","Posicionate correctamente con barra y ejecutá el movimiento para trabajar pecho. Respirá de forma constante.","Pecho","Barra",,,,"[""pecho"",""barra""]","true","2026-08-21T15:13:31.336Z"
"cmt33a7fp0020ypj18ru5emcm","Prensa con banda","STRENGTH","Ejercicio de hombros tipo strength. Requiere polea.","Ejecutá el movimiento de forma controlada enfocándote en hombros. Mantené la técnica correcta en todo momento.","Hombros","Polea",,,,"[""hombros"",""polea""]","true","2026-08-21T15:13:31.429Z"
"cmt33a7id0021ypj1zjywk295","Russian twist con mancuerna","STRENGTH","Variante de russian para pecho usando polea.","Realizá el ejercicio con polea concentrándote en la contracción de pecho. No uses momentum.","Pecho","Polea",,,,"[""pecho"",""polea""]","true","2026-08-21T15:13:31.526Z"
"cmt33a7kw0022ypj1jevtyiaf","Jalón en máquina","STRENGTH","Ejercicio de pecho tipo strength. Requiere banda.","Usá banda y mantené la tensión en pecho durante todo el recorrido. No bloquees las articulaciones.","Pecho","Banda",,,,"[""pecho"",""banda"",""jalon""]","true","2026-08-21T15:13:31.617Z"
"cmt33a7ng0023ypj1wc1d3ycl","Press arnold","STRENGTH","Variante de press para hombros usando barra.","Usá barra y mantené la tensión en hombros durante todo el recorrido. No bloquees las articulaciones.","Hombros","Barra",,,,"[""hombros"",""barra"",""press""]","true","2026-08-21T15:13:31.709Z"
"cmt33a7q40024ypj1pbo6q2s2","Elevación de piernas colgado","STRENGTH","Ejercicio de aislamiento de femoral con mancuernas.","Realizá el ejercicio con mancuernas concentrándote en la contracción de femoral. No uses momentum.","Femoral","Mancuernas",,,,"[""femoral"",""mancuernas"",""elevacion""]","true","2026-08-21T15:13:31.804Z"
"cmt33a7t30025ypj1gpw54zkj","Pájaro en máquina","STRENGTH","Ejercicio de aislamiento de glúteos con polea.","Ejecutá el movimiento de forma controlada enfocándote en glúteos. Mantené la técnica correcta en todo momento.","Glúteos","Polea",,,,"[""glúteos"",""polea"",""pajaro""]","true","2026-08-21T15:13:31.911Z"
"cmt33a7vn0026ypj154oxb4wz","Peso muerto block pull","STRENGTH","Ejercicio de aislamiento de femoral con banda.","Posicionate correctamente con banda y ejecutá el movimiento para trabajar femoral. Respirá de forma constante.","Femoral","Banda",,,,"[""femoral"",""banda"",""peso_muerto""]","true","2026-08-21T15:13:32.003Z"
"cmt33a7y80027ypj1guuhvcx5","Hiperextensiones con banda","STRENGTH","Ejercicio de aislamiento de full body con máquina.","Ejecutá el movimiento de forma controlada enfocándote en full body. Mantené la técnica correcta en todo momento.","Full body","Máquina",,,,"[""full_body"",""máquina""]","true","2026-08-21T15:13:32.096Z"
"cmt33a8110028ypj1e6gg1e3g","Fondos con kettlebell","STRENGTH","Ejercicio compuesto de pecho con máquina. Enfocado en fuerza.","Posicionate correctamente con máquina y ejecutá el movimiento para trabajar pecho. Respirá de forma constante.","Pecho","Máquina",,,,"[""pecho"",""máquina"",""fondos"",""kettlebell""]","true","2026-08-21T15:13:32.198Z"
"cmt33a83p0029ypj1ysb6ld6i","Sentadilla sumo","STRENGTH","Variante de sentadilla para pecho usando mancuernas.","Ejecutá el movimiento de forma controlada enfocándote en pecho. Mantené la técnica correcta en todo momento.","Pecho","Mancuernas",,,,"[""pecho"",""mancuernas"",""sentadilla""]","true","2026-08-21T15:13:32.293Z"
"cmt33a86g002aypj124qc8292","Curl alternado","STRENGTH","Variante de curl para pecho usando peso corporal.","Realizá el ejercicio con peso corporal concentrándote en la contracción de pecho. No uses momentum.","Pecho","Peso corporal",,,,"[""pecho"",""peso_corporal"",""curl""]","true","2026-08-21T15:13:32.392Z"
"cmt33a891002bypj19j5wcub8","Curl con TRX","STRENGTH","Movimiento de fuerza para espalda utilizando mancuernas.","Ejecutá el movimiento de forma controlada enfocándote en espalda. Mantené la técnica correcta en todo momento.","Espalda","Mancuernas",,,,"[""espalda"",""mancuernas"",""curl""]","true","2026-08-21T15:13:32.485Z"
"cmt33a8bo002cypj1e7k1lvvj","Dominadas con peso","STRENGTH","Ejercicio de aislamiento de pantorrilla con peso corporal.","Realizá el ejercicio con peso corporal concentrándote en la contracción de pantorrilla. No uses momentum.","Pantorrilla","Peso corporal",,,,"[""pantorrilla"",""peso_corporal"",""dominada""]","true","2026-08-21T15:13:32.580Z"
"cmt33a8eg002dypj1ma5yulas","Press declinado con mancuernas","STRENGTH","Ejercicio de aislamiento de core con mancuernas.","Con mancuernas, realizá el ejercicio enfocándote exclusivamente en core. Controlá tanto la subida como la bajada.","Core","Mancuernas",,,,"[""core"",""mancuernas"",""press""]","true","2026-08-21T15:13:32.681Z"
"cmt33a8h1002eypj1a6v10eqa","Sentadilla frontal con mancuernas","STRENGTH","Ejercicio de antebrazos tipo strength. Requiere banda.","Con banda, realizá el ejercicio enfocándote exclusivamente en antebrazos. Controlá tanto la subida como la bajada.","Antebrazos","Banda",,,,"[""antebrazos"",""banda"",""sentadilla""]","true","2026-08-21T15:13:32.773Z"
"cmt33a8jk002fypj18ntoyuov","Press con TRX","STRENGTH","Ejercicio compuesto de bíceps con mancuernas. Enfocado en fuerza.","Usá mancuernas y mantené la tensión en bíceps durante todo el recorrido. No bloquees las articulaciones.","Bíceps","Mancuernas",,,,"[""bíceps"",""mancuernas"",""press""]","true","2026-08-21T15:13:32.864Z"
"cmt33a8m5002gypj13r6dsja7","Curl con banda","STRENGTH","Variante de curl para pecho usando banda.","Usá banda y mantené la tensión en pecho durante todo el recorrido. No bloquees las articulaciones.","Pecho","Banda",,,,"[""pecho"",""banda"",""curl""]","true","2026-08-21T15:13:32.957Z"
"cmt33a8ox002hypj1nhbenfkn","Extensión de cuádriceps con banda","STRENGTH","Movimiento de fuerza para antebrazos utilizando peso corporal.","Usá peso corporal y mantené la tensión en antebrazos durante todo el recorrido. No bloquees las articulaciones.","Antebrazos","Peso corporal",,,,"[""antebrazos"",""peso_corporal"",""extension""]","true","2026-08-21T15:13:33.058Z"
"cmt33a8rk002iypj18u3p0er6","Patada de tríceps con cable","STRENGTH","Variante de patada para full body usando máquina.","Posicionate correctamente con máquina y ejecutá el movimiento para trabajar full body. Respirá de forma constante.","Full body","Máquina",,,,"[""full_body"",""máquina""]","true","2026-08-21T15:13:33.152Z"
"cmt33a8u1002jypj1jpt4n1a8","Peso muerto rumano con kettlebell","STRENGTH","Ejercicio compuesto de pecho con mancuernas. Enfocado en fuerza.","Realizá el ejercicio con mancuernas concentrándote en la contracción de pecho. No uses momentum.","Pecho","Mancuernas",,,,"[""pecho"",""mancuernas"",""peso_muerto"",""kettlebell""]","true","2026-08-21T15:13:33.242Z"
"cmt33a8wi002kypj1isofkri8","Prensa unilateral","STRENGTH","Ejercicio de aislamiento de cuádriceps con mancuernas.","Usá mancuernas y mantené la tensión en cuádriceps durante todo el recorrido. No bloquees las articulaciones.","Cuádriceps","Mancuernas",,,,"[""cuádriceps"",""mancuernas""]","true","2026-08-21T15:13:33.331Z"
"cmt33a8z4002lypj14ks9kpv6","Aperturas en banco declinado","STRENGTH","Movimiento de fuerza para pantorrilla utilizando banda.","Posicionate correctamente con banda y ejecutá el movimiento para trabajar pantorrilla. Respirá de forma constante.","Pantorrilla","Banda",,,,"[""pantorrilla"",""banda""]","true","2026-08-21T15:13:33.425Z"
"cmt33a91s002mypj11xulvikb","Curl con cable","STRENGTH","Movimiento de fuerza para pecho utilizando barra.","Posicionate correctamente con barra y ejecutá el movimiento para trabajar pecho. Respirá de forma constante.","Pecho","Barra",,,,"[""pecho"",""barra"",""curl""]","true","2026-08-21T15:13:33.521Z"
"cmt33a94b002nypj1wp3g5182","Cruces con banda","STRENGTH","Ejercicio de aislamiento de hombros con máquina.","Con máquina, realizá el ejercicio enfocándote exclusivamente en hombros. Controlá tanto la subida como la bajada.","Hombros","Máquina",,,,"[""hombros"",""máquina""]","true","2026-08-21T15:13:33.611Z"
"cmt33a96z002oypj1l6lcn1b5","Peso muerto rack pull","STRENGTH","Movimiento de fuerza para femoral utilizando máquina.","Posicionate correctamente con máquina y ejecutá el movimiento para trabajar femoral. Respirá de forma constante.","Femoral","Máquina",,,,"[""femoral"",""máquina"",""peso_muerto""]","true","2026-08-21T15:13:33.707Z"
"cmt33a99h002pypj17hf6l938","Press de hombros con barra","STRENGTH","Ejercicio de core tipo strength. Requiere mancuernas.","Usá mancuernas y mantené la tensión en core durante todo el recorrido. No bloquees las articulaciones.","Core","Mancuernas",,,,"[""core"",""mancuernas"",""press""]","true","2026-08-21T15:13:33.798Z"
"cmt33a9c2002qypj1j8hqfk7o","Cruces altos","STRENGTH","Ejercicio de aislamiento de tríceps con mancuernas.","Realizá el ejercicio con mancuernas concentrándote en la contracción de tríceps. No uses momentum.","Tríceps","Mancuernas",,,,"[""tríceps"",""mancuernas""]","true","2026-08-21T15:13:33.890Z"
"cmt33a9h6002sypj1fv6x2jd6","Remo pendlay","STRENGTH","Ejercicio de aislamiento de pecho con mancuernas.","Posicionate correctamente con mancuernas y ejecutá el movimiento para trabajar pecho. Respirá de forma constante.","Pecho","Mancuernas",,,,"[""pecho"",""mancuernas"",""remo""]","true","2026-08-21T15:13:34.074Z"
"cmt33a9jr002typj1mj8626pc","Elevación de piernas con mancuerna entre pies","STRENGTH","Movimiento de fuerza para femoral utilizando mancuernas.","Ejecutá el movimiento de forma controlada enfocándote en femoral. Mantené la técnica correcta en todo momento.","Femoral","Mancuernas",,,,"[""femoral"",""mancuernas"",""elevacion""]","true","2026-08-21T15:13:34.168Z"
"cmt33a9mi002uypj14aewlfcc","Crunch en banco declinado","STRENGTH","Variante de crunch para antebrazos usando banco.","Posicionate correctamente con banco y ejecutá el movimiento para trabajar antebrazos. Respirá de forma constante.","Antebrazos","Banco",,,,"[""antebrazos"",""banco"",""crunch""]","true","2026-08-21T15:13:34.267Z"
"cmt33a9p2002vypj19rphyihc","Sentadilla con banda","STRENGTH","Movimiento de fuerza para pecho utilizando barra.","Realizá el ejercicio con barra concentrándote en la contracción de pecho. No uses momentum.","Pecho","Barra",,,,"[""pecho"",""barra"",""sentadilla""]","true","2026-08-21T15:13:34.358Z"
"cmt33a9rs002wypj12zvhmfe8","Elevación lateral con banda","STRENGTH","Ejercicio de aislamiento de pantorrilla con máquina.","Realizá el ejercicio con máquina concentrándote en la contracción de pantorrilla. No uses momentum.","Pantorrilla","Máquina",,,,"[""pantorrilla"",""máquina"",""elevacion""]","true","2026-08-21T15:13:34.456Z"
"cmt33a9um002xypj1yw569utf","Hiperextensiones unilateral","STRENGTH","Movimiento de fuerza para glúteos utilizando banco.","Ejecutá el movimiento de forma controlada enfocándote en glúteos. Mantené la técnica correcta en todo momento.","Glúteos","Banco",,,,"[""glúteos"",""banco""]","true","2026-08-21T15:13:34.558Z"
"cmt33a9xk002yypj1yc05tocm","Plancha con elevación de pierna","STRENGTH","Ejercicio compuesto de hombros con banco. Enfocado en fuerza.","Ejecutá el movimiento de forma controlada enfocándote en hombros. Mantené la técnica correcta en todo momento.","Hombros","Banco",,,,"[""hombros"",""banco"",""elevacion"",""plancha""]","true","2026-08-21T15:13:34.664Z"
"cmt33aa0g002zypj1rma4ctay","Extensión de tríceps con mancuerna","STRENGTH","Variante de extensión para femoral usando kettlebell.","Posicionate correctamente con kettlebell y ejecutá el movimiento para trabajar femoral. Respirá de forma constante.","Femoral","Kettlebell",,,,"[""femoral"",""kettlebell"",""extension""]","true","2026-08-21T15:13:34.768Z"
"cmt33aa330030ypj1tmbxy5lp","Extensión de cuádriceps sissy","STRENGTH","Movimiento de fuerza para femoral utilizando banco.","Posicionate correctamente con banco y ejecutá el movimiento para trabajar femoral. Respirá de forma constante.","Femoral","Banco",,,,"[""femoral"",""banco"",""extension""]","true","2026-08-21T15:13:34.863Z"
"cmt33aa5w0031ypj1hhxfb7fb","Mountain climber cruzado","CARDIO","Rutina de cardio con bicicleta enfocada en full body.","Realizá el ejercicio con bicicleta a intensidad moderada-alta. Trabaja full body de forma continua.","Full body","Bicicleta",,,,"[""full_body"",""bicicleta""]","true","2026-08-21T15:13:34.965Z"
"cmt33aa8o0032ypj15wi4fc1n","Step up con mancuerna","CARDIO","Ejercicio de resistencia cardiovascular usando cinta. Trabaja piernas.","Realizá el ejercicio con cinta a intensidad moderada-alta. Trabaja piernas de forma continua.","Piernas","Cinta",,,,"[""piernas"",""cinta""]","true","2026-08-21T15:13:35.065Z"
"cmt33aab90033ypj1rsc5rhph","Soga alternada","CARDIO","Ejercicio de resistencia cardiovascular usando elíptica. Trabaja piernas.","Realizá el ejercicio con elíptica a intensidad moderada-alta. Trabaja piernas de forma continua.","Piernas","Elíptica",,,,"[""piernas"",""elíptica""]","true","2026-08-21T15:13:35.157Z"
"cmt33aadp0034ypj1sri0i82g","Patada de glúteo en el lugar","CARDIO","Ejercicio cardiovascular de full body tipo cardio. Requiere bicicleta.","Usá bicicleta y mantené una cadencia constante. Enfocate en la resistencia de full body.","Full body","Bicicleta",,,,"[""full_body"",""bicicleta""]","true","2026-08-21T15:13:35.245Z"
"cmt33aag70035ypj1l0zm3x4y","Zancadas dinámicas laterales","CARDIO","Ejercicio cardiovascular de piernas tipo cardio. Requiere máquina.","Realizá el ejercicio con máquina a intensidad moderada-alta. Trabaja piernas de forma continua.","Piernas","Máquina",,,,"[""piernas"",""máquina""]","true","2026-08-21T15:13:35.335Z"
"cmt33aaiq0036ypj1f0z3ctne","Bicicleta de montaña","CARDIO","Rutina de cardio con pista enfocada en full body.","Mantené un ritmo constante con pista enfocándote en full body. Controlá la respiración.","Full body","Pista",,,,"[""full_body"",""pista""]","true","2026-08-21T15:13:35.426Z"
"cmt33aald0037ypj14ykutz5a","Burpees con pull-up","CARDIO","Ejercicio cardiovascular de piernas tipo cardio. Requiere pista.","Realizá el ejercicio con pista a intensidad moderada-alta. Trabaja piernas de forma continua.","Piernas","Pista",,,,"[""piernas"",""pista"",""burpee""]","true","2026-08-21T15:13:35.522Z"
"cmt33aanw0038ypj13ms3jo8y","Soga doble unders","CARDIO","Actividad de cardio de alta intensidad para piernas con peso corporal.","Realizá el ejercicio con peso corporal a intensidad moderada-alta. Trabaja piernas de forma continua.","Piernas","Peso corporal",,,,"[""piernas"",""peso_corporal""]","true","2026-08-21T15:13:35.612Z"
"cmt33aaqn0039ypj1a3zmn0wn","Carrera intervalada en cinta","CARDIO","Rutina de cardio con máquina enfocada en piernas.","Usá máquina y mantené una cadencia constante. Enfocate en la resistencia de piernas.","Piernas","Máquina",,,,"[""piernas"",""máquina""]","true","2026-08-21T15:13:35.711Z"
"cmt33aat9003aypj1ror9767e","Crawl de oso","CARDIO","Ejercicio de resistencia cardiovascular usando elíptica. Trabaja piernas.","Usá elíptica y mantené una cadencia constante. Enfocate en la resistencia de piernas.","Piernas","Elíptica",,,,"[""piernas"",""elíptica""]","true","2026-08-21T15:13:35.805Z"
"cmt33aavu003bypj13v98qjps","Burpees con kettlebell","CARDIO","Ejercicio cardiovascular de piernas tipo cardio. Requiere peso corporal.","Con peso corporal, mantené el ritmo cardíaco elevado trabajando piernas. No bajes la intensidad.","Piernas","Peso corporal",,,,"[""piernas"",""peso_corporal"",""burpee"",""kettlebell""]","true","2026-08-21T15:13:35.898Z"
"cmt33aayc003cypj155vaags0","Jumping jack con banda","CARDIO","Rutina de cardio con máquina enfocada en full body.","Con máquina, mantené el ritmo cardíaco elevado trabajando full body. No bajes la intensidad.","Full body","Máquina",,,,"[""full_body"",""máquina"",""jump""]","true","2026-08-21T15:13:35.989Z"
"cmt33ab0u003dypj1c6e5aqmu","Caminata en el lugar","CARDIO","Ejercicio de resistencia cardiovascular usando soga. Trabaja full body.","Con soga, mantené el ritmo cardíaco elevado trabajando full body. No bajes la intensidad.","Full body","Soga",,,,"[""full_body"",""soga""]","true","2026-08-21T15:13:36.078Z"
"cmt33ab3i003eypj1vtdginfm","Jumping jack con press","CARDIO","Ejercicio cardiovascular de piernas tipo cardio. Requiere banda.","Usá banda y mantené una cadencia constante. Enfocate en la resistencia de piernas.","Piernas","Banda",,,,"[""piernas"",""banda"",""press"",""jump""]","true","2026-08-21T15:13:36.174Z"
"cmt33ab66003fypj14d1foqhw","Step up lateral","CARDIO","Rutina de cardio con remo enfocada en full body.","Realizá el ejercicio con remo a intensidad moderada-alta. Trabaja full body de forma continua.","Full body","Remo",,,,"[""full_body"",""remo""]","true","2026-08-21T15:13:36.271Z"
"cmt33ab8v003gypj1bxao8bpn","Step up con salto","CARDIO","Actividad de cardio de alta intensidad para espalda con bicicleta.","Usá bicicleta y mantené una cadencia constante. Enfocate en la resistencia de espalda.","Espalda","Bicicleta",,,,"[""espalda"",""bicicleta""]","true","2026-08-21T15:13:36.367Z"
"cmt33abc4003hypj1uirtseun","Sprint con chaleco","CARDIO","Rutina de cardio con máquina enfocada en piernas.","Con máquina, mantené el ritmo cardíaco elevado trabajando piernas. No bajes la intensidad.","Piernas","Máquina",,,,"[""piernas"",""máquina"",""sprint""]","true","2026-08-21T15:13:36.485Z"
"cmt33aber003iypj1gph6luff","Shadow kickboxing","CARDIO","Rutina de cardio con pista enfocada en full body.","Mantené un ritmo constante con pista enfocándote en full body. Controlá la respiración.","Full body","Pista",,,,"[""full_body"",""pista"",""box""]","true","2026-08-21T15:13:36.579Z"
"cmt33abhk003jypj12junr2fv","Shadow muay thai","CARDIO","Actividad de cardio de alta intensidad para pecho con pista.","Realizá el ejercicio con pista a intensidad moderada-alta. Trabaja pecho de forma continua.","Pecho","Pista",,,,"[""pecho"",""pista""]","true","2026-08-21T15:13:36.680Z"
"cmt33abk4003kypj1ao0ijwaj","Bicicleta recumbente","CARDIO","Rutina de cardio con banda enfocada en piernas.","Con banda, mantené el ritmo cardíaco elevado trabajando piernas. No bajes la intensidad.","Piernas","Banda",,,,"[""piernas"",""banda""]","true","2026-08-21T15:13:36.773Z"
"cmt33abml003lypj1i2pgo2o2","Patada de glúteo con banda","CARDIO","Actividad de cardio de alta intensidad para full body con banda.","Usá banda y mantené una cadencia constante. Enfocate en la resistencia de full body.","Full body","Banda",,,,"[""full_body"",""banda""]","true","2026-08-21T15:13:36.861Z"
"cmt33abq3003mypj1rky4o7h3","Patada de glúteo con salto","CARDIO","Ejercicio cardiovascular de espalda tipo cardio. Requiere pista.","Con pista, mantené el ritmo cardíaco elevado trabajando espalda. No bajes la intensidad.","Espalda","Pista",,,,"[""espalda"",""pista""]","true","2026-08-21T15:13:36.987Z"
"cmt33abtn003nypj1rw0jkjpl","Sprint de 200m","CARDIO","Actividad de cardio de alta intensidad para piernas con bicicleta.","Con bicicleta, mantené el ritmo cardíaco elevado trabajando piernas. No bajes la intensidad.","Piernas","Bicicleta",,,,"[""piernas"",""bicicleta"",""sprint""]","true","2026-08-21T15:13:37.115Z"
"cmt33abwf003oypj1sgxg3ui9","Crawl hacia atrás","CARDIO","Rutina de cardio con soga enfocada en full body.","Realizá el ejercicio con soga a intensidad moderada-alta. Trabaja full body de forma continua.","Full body","Soga",,,,"[""full_body"",""soga""]","true","2026-08-21T15:13:37.215Z"
"cmt33abyy003pypj1a2xu2anc","Bicicleta de ruta","CARDIO","Actividad de cardio de alta intensidad para full body con remo.","Con remo, mantené el ritmo cardíaco elevado trabajando full body. No bajes la intensidad.","Full body","Remo",,,,"[""full_body"",""remo""]","true","2026-08-21T15:13:37.307Z"
"cmt33ac1u003qypj1bc6toxc6","Remo de 500m","CARDIO","Actividad de cardio de alta intensidad para piernas con soga.","Usá soga y mantené una cadencia constante. Enfocate en la resistencia de piernas.","Piernas","Soga",,,,"[""piernas"",""soga"",""remo""]","true","2026-08-21T15:13:37.410Z"
"cmt33ac4e003rypj1caen6jgu","Caminata rápida","CARDIO","Actividad de cardio de alta intensidad para full body con peso corporal.","Con peso corporal, mantené el ritmo cardíaco elevado trabajando full body. No bajes la intensidad.","Full body","Peso corporal",,,,"[""full_body"",""peso_corporal""]","true","2026-08-21T15:13:37.503Z"
"cmt33ac71003sypj1kf7ks6qh","Caminata inclinada en cinta","CARDIO","Actividad de cardio de alta intensidad para full body con peso corporal.","Mantené un ritmo constante con peso corporal enfocándote en full body. Controlá la respiración.","Full body","Peso corporal",,,,"[""full_body"",""peso_corporal""]","true","2026-08-21T15:13:37.597Z"
"cmt33aca8003typj137c6ol7k","Burpees con push-up","CARDIO","Ejercicio cardiovascular de full body tipo cardio. Requiere banda.","Realizá el ejercicio con banda a intensidad moderada-alta. Trabaja full body de forma continua.","Full body","Banda",,,,"[""full_body"",""banda"",""burpee""]","true","2026-08-21T15:13:37.713Z"
"cmt33accu003uypj1dgsy6fxi","Mountain climber lento","CARDIO","Actividad de cardio de alta intensidad para piernas con bicicleta.","Con bicicleta, mantené el ritmo cardíaco elevado trabajando piernas. No bajes la intensidad.","Piernas","Bicicleta",,,,"[""piernas"",""bicicleta""]","true","2026-08-21T15:13:37.807Z"
"cmt33acfc003vypj17ydty9jm","Jumping jack con toque de talón","CARDIO","Rutina de cardio con cinta enfocada en core.","Con cinta, mantené el ritmo cardíaco elevado trabajando core. No bajes la intensidad.","Core","Cinta",,,,"[""core"",""cinta"",""jump""]","true","2026-08-21T15:13:37.896Z"
"cmt33aci4003wypj1v427pho0","Burpees con salto al cajón","CARDIO","Actividad de cardio de alta intensidad para core con bicicleta.","Realizá el ejercicio con bicicleta a intensidad moderada-alta. Trabaja core de forma continua.","Core","Bicicleta",,,,"[""core"",""bicicleta"",""burpee""]","true","2026-08-21T15:13:37.996Z"
"cmt33acku003xypj1fu1e0nlb","Remo de resistencia","CARDIO","Actividad de cardio de alta intensidad para core con máquina.","Realizá el ejercicio con máquina a intensidad moderada-alta. Trabaja core de forma continua.","Core","Máquina",,,,"[""core"",""máquina"",""remo""]","true","2026-08-21T15:13:38.094Z"
"cmt33acnd003yypj1mqhgf0r9","Bicicleta estática intervalada","CARDIO","Ejercicio cardiovascular de full body tipo cardio. Requiere máquina.","Mantené un ritmo constante con máquina enfocándote en full body. Controlá la respiración.","Full body","Máquina",,,,"[""full_body"",""máquina""]","true","2026-08-21T15:13:38.185Z"
"cmt33acqh003zypj1i1c4c3ys","Soga pesada","CARDIO","Rutina de cardio con cinta enfocada en full body.","Usá cinta y mantené una cadencia constante. Enfocate en la resistencia de full body.","Full body","Cinta",,,,"[""full_body"",""cinta""]","true","2026-08-21T15:13:38.297Z"
"cmt33act00040ypj1heoqehtg","Step up rápido","CARDIO","Ejercicio de resistencia cardiovascular usando soga. Trabaja core.","Con soga, mantené el ritmo cardíaco elevado trabajando core. No bajes la intensidad.","Core","Soga",,,,"[""core"",""soga""]","true","2026-08-21T15:13:38.389Z"
"cmt33acvi0041ypj1y2nkuiyb","Remo HIIT","CARDIO","Ejercicio cardiovascular de piernas tipo cardio. Requiere remo.","Mantené un ritmo constante con remo enfocándote en piernas. Controlá la respiración.","Piernas","Remo",,,,"[""piernas"",""remo""]","true","2026-08-21T15:13:38.478Z"
"cmt33acya0042ypj196gv4rx4","Burpees con mancuerna","CARDIO","Ejercicio cardiovascular de piernas tipo cardio. Requiere máquina.","Realizá el ejercicio con máquina a intensidad moderada-alta. Trabaja piernas de forma continua.","Piernas","Máquina",,,,"[""piernas"",""máquina"",""burpee""]","true","2026-08-21T15:13:38.578Z"
"cmt33ad240043ypj1jfu30k21","Sprint en pendiente","CARDIO","Ejercicio de resistencia cardiovascular usando pista. Trabaja piernas.","Mantené un ritmo constante con pista enfocándote en piernas. Controlá la respiración.","Piernas","Pista",,,,"[""piernas"",""pista"",""sprint""]","true","2026-08-21T15:13:38.716Z"
"cmt33ad4r0044ypj1q3eokeos","Escalador de montaña","CARDIO","Ejercicio de resistencia cardiovascular usando máquina. Trabaja piernas.","Mantené un ritmo constante con máquina enfocándote en piernas. Controlá la respiración.","Piernas","Máquina",,,,"[""piernas"",""máquina""]","true","2026-08-21T15:13:38.811Z"
"cmt33ad7l0045ypj1cpbitzle","Bird dog contralateral","FUNCTIONAL","Ejercicio funcional de pecho tipo functional. Requiere cajón.","Con cajón, realizá el ejercicio manteniendo el core activado y trabajando pecho.","Pecho","Cajón",,,,"[""pecho"",""cajón""]","true","2026-08-21T15:13:38.913Z"
"cmt33adar0046ypj1k3nl5xs1","Sled reverse","FUNCTIONAL","Ejercicio funcional de full body tipo functional. Requiere soga.","Ejecutá el movimiento de forma fluida con soga, coordinando todo el cuerpo. Enfocate en full body.","Full body","Soga",,,,"[""full_body"",""soga""]","true","2026-08-21T15:13:39.028Z"
"cmt33addo0047ypj1vr4negoc","Kettlebell halo","FUNCTIONAL","Patrón de movimiento funcional con cajón enfocado en piernas.","Realizá el movimiento funcional con cajón enfocándote en la estabilidad de piernas.","Piernas","Cajón",,,,"[""piernas"",""cajón"",""kettlebell""]","true","2026-08-21T15:13:39.132Z"
"cmt33adgh0048ypj1edvwoikv","Farmer carry con giro","FUNCTIONAL","Ejercicio de entrenamiento funcional usando mancuernas. Trabaja full body.","Con mancuernas, realizá el ejercicio manteniendo el core activado y trabajando full body.","Full body","Mancuernas",,,,"[""full_body"",""mancuernas""]","true","2026-08-21T15:13:39.233Z"
"cmt33adjh0049ypj1stigzixg","Dead bug con banda","FUNCTIONAL","Movimiento funcional compuesto para hombros con sandbag.","Realizá el movimiento funcional con sandbag enfocándote en la estabilidad de hombros.","Hombros","Sandbag",,,,"[""hombros"",""sandbag""]","true","2026-08-21T15:13:39.342Z"
"cmt33adpb004aypj148dexifi","Sled lateral push","FUNCTIONAL","Ejercicio de entrenamiento funcional usando cuerdas. Trabaja full body.","Realizá el movimiento funcional con cuerdas enfocándote en la estabilidad de full body.","Full body","Cuerdas",,,,"[""full_body"",""cuerdas""]","true","2026-08-21T15:13:39.552Z"
"cmt33adry004bypj1igjrbtcd","Bear crawl","FUNCTIONAL","Patrón de movimiento funcional con peso corporal enfocado en piernas.","Con peso corporal, realizá el ejercicio manteniendo el core activado y trabajando piernas.","Piernas","Peso corporal",,,,"[""piernas"",""peso_corporal""]","true","2026-08-21T15:13:39.647Z"
"cmt33aduo004cypj13g4qbj8v","Snatch con kettlebell","FUNCTIONAL","Patrón de movimiento funcional con cajón enfocado en pecho.","Usá cajón y ejecutá el patrón de movimiento completo. Controlá pecho durante todo el recorrido.","Pecho","Cajón",,,,"[""pecho"",""cajón"",""kettlebell"",""snatch""]","true","2026-08-21T15:13:39.745Z"
"cmt33adxj004dypj1o42upy3d","Dead bug con peso","FUNCTIONAL","Ejercicio funcional de core tipo functional. Requiere sandbag.","Con sandbag, realizá el ejercicio manteniendo el core activado y trabajando core.","Core","Sandbag",,,,"[""core"",""sandbag""]","true","2026-08-21T15:13:39.847Z"
"cmt33ae0p004eypj17qn2aup0","Kettlebell goblet squat","FUNCTIONAL","Movimiento funcional compuesto para full body con balón.","Realizá el movimiento funcional con balón enfocándote en la estabilidad de full body.","Full body","Balón",,,,"[""full_body"",""balón"",""kettlebell""]","true","2026-08-21T15:13:39.961Z"
"cmt33ae3u004fypj1v3mm8clg","Turkish half get-up","FUNCTIONAL","Movimiento funcional compuesto para full body con mancuernas.","Usá mancuernas y ejecutá el patrón de movimiento completo. Controlá full body durante todo el recorrido.","Full body","Mancuernas",,,,"[""full_body"",""mancuernas""]","true","2026-08-21T15:13:40.074Z"
"cmt33ae6n004gypj198aert9o","Farmer suitcase carry","FUNCTIONAL","Patrón de movimiento funcional con trx enfocado en core.","Usá trx y ejecutá el patrón de movimiento completo. Controlá core durante todo el recorrido.","Core","TRX",,,,"[""core"",""trx""]","true","2026-08-21T15:13:40.176Z"
"cmt33aebj004hypj19nrxhsqo","Box lateral jump","FUNCTIONAL","Patrón de movimiento funcional con trineo enfocado en full body.","Usá trineo y ejecutá el patrón de movimiento completo. Controlá full body durante todo el recorrido.","Full body","Trineo",,,,"[""full_body"",""trineo"",""box"",""jump""]","true","2026-08-21T15:13:40.351Z"
"cmt33aee2004iypj1swojjno4","TRX y-fly","FUNCTIONAL","Ejercicio de entrenamiento funcional usando trx. Trabaja full body.","Realizá el movimiento funcional con trx enfocándote en la estabilidad de full body.","Full body","TRX",,,,"[""full_body"",""trx""]","true","2026-08-21T15:13:40.442Z"
"cmt33aegq004jypj1zy1zo5be","Bird dog","FUNCTIONAL","Patrón de movimiento funcional con mancuernas enfocado en full body.","Realizá el movimiento funcional con mancuernas enfocándote en la estabilidad de full body.","Full body","Mancuernas",,,,"[""full_body"",""mancuernas""]","true","2026-08-21T15:13:40.538Z"
"cmt33aejb004kypj17ldnzjop","Snatch con mancuernas","FUNCTIONAL","Ejercicio de entrenamiento funcional usando kettlebell. Trabaja core.","Con kettlebell, realizá el ejercicio manteniendo el core activado y trabajando core.","Core","Kettlebell",,,,"[""core"",""kettlebell"",""snatch""]","true","2026-08-21T15:13:40.631Z"
"cmt33aem1004lypj1yzzax22z","Clean con kettlebell","FUNCTIONAL","Ejercicio funcional de full body tipo functional. Requiere barra.","Realizá el movimiento funcional con barra enfocándote en la estabilidad de full body.","Full body","Barra",,,,"[""full_body"",""barra"",""kettlebell"",""clean""]","true","2026-08-21T15:13:40.729Z"
"cmt33aepg004mypj19fj74kdp","Bird dog con peso","FUNCTIONAL","Ejercicio de entrenamiento funcional usando peso corporal. Trabaja piernas.","Realizá el movimiento funcional con peso corporal enfocándote en la estabilidad de piernas.","Piernas","Peso corporal",,,,"[""piernas"",""peso_corporal""]","true","2026-08-21T15:13:40.852Z"
"cmt33aes8004nypj1kefhsrv2","Clean muscle clean","FUNCTIONAL","Ejercicio funcional de piernas tipo functional. Requiere peso corporal.","Con peso corporal, realizá el ejercicio manteniendo el core activado y trabajando piernas.","Piernas","Peso corporal",,,,"[""piernas"",""peso_corporal"",""clean""]","true","2026-08-21T15:13:40.952Z"
"cmt33aew1004oypj140nwn622","Wall ball con giro","FUNCTIONAL","Movimiento funcional compuesto para espalda con balón.","Realizá el movimiento funcional con balón enfocándote en la estabilidad de espalda.","Espalda","Balón",,,,"[""espalda"",""balón""]","true","2026-08-21T15:13:41.046Z"
"cmt33aeyv004pypj1lqau5wm1","Snatch hang snatch","FUNCTIONAL","Ejercicio funcional de full body tipo functional. Requiere banda.","Ejecutá el movimiento de forma fluida con banda, coordinando todo el cuerpo. Enfocate en full body.","Full body","Banda",,,,"[""full_body"",""banda"",""snatch""]","true","2026-08-21T15:13:41.191Z"
"cmt33af1k004qypj1tehkm8ah","Sled bear crawl push","FUNCTIONAL","Ejercicio funcional de hombros tipo functional. Requiere cuerdas.","Realizá el movimiento funcional con cuerdas enfocándote en la estabilidad de hombros.","Hombros","Cuerdas",,,,"[""hombros"",""cuerdas""]","true","2026-08-21T15:13:41.289Z"
"cmt33af5d004rypj19tgw0ij5","Box squat jump","FUNCTIONAL","Movimiento funcional compuesto para full body con sandbag.","Usá sandbag y ejecutá el patrón de movimiento completo. Controlá full body durante todo el recorrido.","Full body","Sandbag",,,,"[""full_body"",""sandbag"",""box"",""jump""]","true","2026-08-21T15:13:41.425Z"
"cmt33af7z004sypj17rz012je","Bear crawl con arrastre","FUNCTIONAL","Ejercicio de entrenamiento funcional usando sandbag. Trabaja core.","Con sandbag, realizá el ejercicio manteniendo el core activado y trabajando core.","Core","Sandbag",,,,"[""core"",""sandbag""]","true","2026-08-21T15:13:41.519Z"
"cmt33ah82005hypj1puaok0wn","World's greatest stretch","MOBILITY","Rutina de movilidad con banda enfocada en tobillos.","Usá banda y movete lentamente explorando el rango de tobillos. Mantené la respiración fluida.","Tobillos","Banda",,,,"[""tobillos"",""banda""]","true","2026-08-21T15:13:44.114Z"
"cmt33afaj004typj120fhlwrc","Box burpee jump","FUNCTIONAL","Ejercicio de entrenamiento funcional usando cuerdas. Trabaja pecho.","Realizá el movimiento funcional con cuerdas enfocándote en la estabilidad de pecho.","Pecho","Cuerdas",,,,"[""pecho"",""cuerdas"",""burpee"",""box""]","true","2026-08-21T15:13:41.611Z"
"cmt33afd9004uypj1h3t6qzev","Sled pull","FUNCTIONAL","Ejercicio funcional de core tipo functional. Requiere soga.","Con soga, realizá el ejercicio manteniendo el core activado y trabajando core.","Core","Soga",,,,"[""core"",""soga""]","true","2026-08-21T15:13:41.709Z"
"cmt33affr004vypj1lsqdkljv","Step-up con press","FUNCTIONAL","Ejercicio de entrenamiento funcional usando kettlebell. Trabaja core.","Realizá el movimiento funcional con kettlebell enfocándote en la estabilidad de core.","Core","Kettlebell",,,,"[""core"",""kettlebell"",""press""]","true","2026-08-21T15:13:41.799Z"
"cmt33afic004wypj1xatx6j5f","Bird dog con banda","FUNCTIONAL","Movimiento funcional compuesto para full body con kettlebell.","Con kettlebell, realizá el ejercicio manteniendo el core activado y trabajando full body.","Full body","Kettlebell",,,,"[""full_body"",""kettlebell""]","true","2026-08-21T15:13:41.892Z"
"cmt33afkw004xypj1t2520irj","Thruster con kettlebell","FUNCTIONAL","Patrón de movimiento funcional con cuerdas enfocado en core.","Realizá el movimiento funcional con cuerdas enfocándote en la estabilidad de core.","Core","Cuerdas",,,,"[""core"",""cuerdas"",""kettlebell"",""thruster""]","true","2026-08-21T15:13:41.984Z"
"cmt33afq3004yypj1wnczsmxl","Clean con mancuernas","FUNCTIONAL","Movimiento funcional compuesto para full body con sandbag.","Con sandbag, realizá el ejercicio manteniendo el core activado y trabajando full body.","Full body","Sandbag",,,,"[""full_body"",""sandbag"",""clean""]","true","2026-08-21T15:13:42.171Z"
"cmt33aftj004zypj1j3bgpaa5","Farmer carry con peso diferente","FUNCTIONAL","Ejercicio de entrenamiento funcional usando barra. Trabaja core.","Realizá el movimiento funcional con barra enfocándote en la estabilidad de core.","Core","Barra",,,,"[""core"",""barra""]","true","2026-08-21T15:13:42.296Z"
"cmt33afxj0050ypj1d92qbzta","Turkish squat con kettlebell","FUNCTIONAL","Ejercicio de entrenamiento funcional usando peso corporal. Trabaja full body.","Ejecutá el movimiento de forma fluida con peso corporal, coordinando todo el cuerpo. Enfocate en full body.","Full body","Peso corporal",,,,"[""full_body"",""peso_corporal"",""kettlebell""]","true","2026-08-21T15:13:42.439Z"
"cmt33ag0j0051ypj1y22k5yd3","Box over","FUNCTIONAL","Ejercicio funcional de pecho tipo functional. Requiere trineo.","Ejecutá el movimiento de forma fluida con trineo, coordinando todo el cuerpo. Enfocate en pecho.","Pecho","Trineo",,,,"[""pecho"",""trineo"",""box""]","true","2026-08-21T15:13:42.547Z"
"cmt33ag3t0052ypj1xkgav0or","Sandbag load","FUNCTIONAL","Ejercicio funcional de full body tipo functional. Requiere trineo.","Con trineo, realizá el ejercicio manteniendo el core activado y trabajando full body.","Full body","Trineo",,,,"[""full_body"",""trineo""]","true","2026-08-21T15:13:42.666Z"
"cmt33ag6i0053ypj1rebkqevo","Clean hang clean","FUNCTIONAL","Patrón de movimiento funcional con peso corporal enfocado en full body.","Ejecutá el movimiento de forma fluida con peso corporal, coordinando todo el cuerpo. Enfocate en full body.","Full body","Peso corporal",,,,"[""full_body"",""peso_corporal"",""clean""]","true","2026-08-21T15:13:42.763Z"
"cmt33ag920054ypj1ifsxsluc","Sandbag press","FUNCTIONAL","Ejercicio de entrenamiento funcional usando banda. Trabaja core.","Con banda, realizá el ejercicio manteniendo el core activado y trabajando core.","Core","Banda",,,,"[""core"",""banda"",""press""]","true","2026-08-21T15:13:42.854Z"
"cmt33agbo0055ypj1iv60j3w1","Lunge con curl","FUNCTIONAL","Ejercicio de entrenamiento funcional usando barra. Trabaja full body.","Ejecutá el movimiento de forma fluida con barra, coordinando todo el cuerpo. Enfocate en full body.","Full body","Barra",,,,"[""full_body"",""barra"",""curl""]","true","2026-08-21T15:13:42.949Z"
"cmt33agea0056ypj1itolv1my","Step-up lateral","FUNCTIONAL","Movimiento funcional compuesto para piernas con peso corporal.","Con peso corporal, realizá el ejercicio manteniendo el core activado y trabajando piernas.","Piernas","Peso corporal",,,,"[""piernas"",""peso_corporal""]","true","2026-08-21T15:13:43.042Z"
"cmt33aghr0057ypj1t4rb9j47","Turkish get-down","FUNCTIONAL","Ejercicio de entrenamiento funcional usando balón. Trabaja espalda.","Ejecutá el movimiento de forma fluida con balón, coordinando todo el cuerpo. Enfocate en espalda.","Espalda","Balón",,,,"[""espalda"",""balón""]","true","2026-08-21T15:13:43.168Z"
"cmt33agkb0058ypj1vilfphj7","Thruster con sandbag","FUNCTIONAL","Movimiento funcional compuesto para pecho con barra.","Usá barra y ejecutá el patrón de movimiento completo. Controlá pecho durante todo el recorrido.","Pecho","Barra",,,,"[""pecho"",""barra"",""thruster""]","true","2026-08-21T15:13:43.259Z"
"cmt33agms0059ypj13w2ecq2g","Kettlebell rack walk","FUNCTIONAL","Ejercicio de entrenamiento funcional usando trineo. Trabaja full body.","Ejecutá el movimiento de forma fluida con trineo, coordinando todo el cuerpo. Enfocate en full body.","Full body","Trineo",,,,"[""full_body"",""trineo"",""kettlebell""]","true","2026-08-21T15:13:43.349Z"
"cmt33agpf005aypj12jgq8ej7","Plank with walk","FUNCTIONAL","Movimiento funcional compuesto para hombros con trx.","Usá trx y ejecutá el patrón de movimiento completo. Controlá hombros durante todo el recorrido.","Hombros","TRX",,,,"[""hombros"",""trx""]","true","2026-08-21T15:13:43.444Z"
"cmt33ags2005bypj1gjh4ituu","Bear crawl lateral","FUNCTIONAL","Ejercicio funcional de full body tipo functional. Requiere kettlebell.","Ejecutá el movimiento de forma fluida con kettlebell, coordinando todo el cuerpo. Enfocate en full body.","Full body","Kettlebell",,,,"[""full_body"",""kettlebell""]","true","2026-08-21T15:13:43.538Z"
"cmt33agup005cypj1dlt1g01t","Kettlebell around the world","FUNCTIONAL","Ejercicio de entrenamiento funcional usando peso corporal. Trabaja piernas.","Con peso corporal, realizá el ejercicio manteniendo el core activado y trabajando piernas.","Piernas","Peso corporal",,,,"[""piernas"",""peso_corporal"",""kettlebell""]","true","2026-08-21T15:13:43.633Z"
"cmt33agxa005dypj1zouoam8v","Turkish windmill","FUNCTIONAL","Patrón de movimiento funcional con barra enfocado en espalda.","Ejecutá el movimiento de forma fluida con barra, coordinando todo el cuerpo. Enfocate en espalda.","Espalda","Barra",,,,"[""espalda"",""barra""]","true","2026-08-21T15:13:43.726Z"
"cmt33agzz005eypj1bxjz8u4l","TRX squat","FUNCTIONAL","Ejercicio de entrenamiento funcional usando barra. Trabaja espalda.","Realizá el movimiento funcional con barra enfocándote en la estabilidad de espalda.","Espalda","Barra",,,,"[""espalda"",""barra""]","true","2026-08-21T15:13:43.823Z"
"cmt33ah2l005fypj1sixbn2e0","Lunge con kettlebell","FUNCTIONAL","Ejercicio de entrenamiento funcional usando mancuernas. Trabaja core.","Usá mancuernas y ejecutá el patrón de movimiento completo. Controlá core durante todo el recorrido.","Core","Mancuernas",,,,"[""core"",""mancuernas"",""kettlebell""]","true","2026-08-21T15:13:43.918Z"
"cmt33ah5b005gypj1yf5t41ao","Snatch con sandbag","FUNCTIONAL","Ejercicio funcional de core tipo functional. Requiere barra.","Realizá el movimiento funcional con barra enfocándote en la estabilidad de core.","Core","Barra",,,,"[""core"",""barra"",""snatch""]","true","2026-08-21T15:13:44.016Z"
"cmt33ahb3005iypj1za9ta2cd","Puente unilateral","MOBILITY","Ejercicio de control articular de cuello usando fitball.","Realizá el movimiento lentamente y controlado con fitball, enfocándote en la movilidad de cuello. No fuerces.","Cuello","Fitball",,,,"[""cuello"",""fitball""]","true","2026-08-21T15:13:44.223Z"
"cmt33ahei005jypj1duirq0r7","Wrist extensor stretch","MOBILITY","Trabajo de movilidad articular para cadera con bosu.","Con bosu, ejecutá el ejercicio dentro de tu rango de movimiento cómodo. Trabaja cadera suavemente.","Cadera","Bosu",,,,"[""cadera"",""bosu""]","true","2026-08-21T15:13:44.346Z"
"cmt33ahh1005kypj119a2m6mt","T-spine mobility en foam roller","MOBILITY","Rutina de movilidad con bosu enfocada en cadera.","Realizá el movimiento lentamente y controlado con bosu, enfocándote en la movilidad de cadera. No fuerces.","Cadera","Bosu",,,,"[""cadera"",""bosu"",""foam_roller""]","true","2026-08-21T15:13:44.437Z"
"cmt33ahjj005lypj1w3tnzw09","Cat-cow con balanceo","MOBILITY","Ejercicio de movilidad de cadera tipo mobility. Requiere banda.","Realizá el movimiento lentamente y controlado con banda, enfocándote en la movilidad de cadera. No fuerces.","Cadera","Banda",,,,"[""cadera"",""banda"",""equilibrio""]","true","2026-08-21T15:13:44.527Z"
"cmt33ahm4005mypj12vj78kyi","Hip flexor stretch","MOBILITY","Trabajo de movilidad articular para pecho con palo.","Usá palo y movete lentamente explorando el rango de pecho. Mantené la respiración fluida.","Pecho","Palo",,,,"[""pecho"",""palo""]","true","2026-08-21T15:13:44.620Z"
"cmt33ahoz005nypj1eu0swufo","World's greatest stretch con hamstring","MOBILITY","Trabajo de movilidad articular para tobillos con peso corporal.","Realizá el movimiento lentamente y controlado con peso corporal, enfocándote en la movilidad de tobillos. No fuerces.","Tobillos","Peso corporal",,,,"[""tobillos"",""peso_corporal""]","true","2026-08-21T15:13:44.723Z"
"cmt33ahrj005oypj1d7w76nux","Psoas stretch en banco","MOBILITY","Ejercicio de movilidad de espalda tipo mobility. Requiere pelota.","Usá pelota y movete lentamente explorando el rango de espalda. Mantené la respiración fluida.","Espalda","Pelota",,,,"[""espalda"",""pelota""]","true","2026-08-21T15:13:44.815Z"
"cmt33ahu6005pypj1etbgv7x5","Cat-cow con extensión lateral","MOBILITY","Trabajo de movilidad articular para hombros con bosu.","Con bosu, realizá movimientos controlados para mejorar la movilidad de hombros. Sin dolor.","Hombros","Bosu",,,,"[""hombros"",""bosu"",""extension""]","true","2026-08-21T15:13:44.910Z"
"cmt33ahwv005qypj1jtlftyw1","Foam rolling de espalda alta","MOBILITY","Trabajo de movilidad articular para hombros con bosu.","Usá bosu y movete lentamente explorando el rango de hombros. Mantené la respiración fluida.","Hombros","Bosu",,,,"[""hombros"",""bosu"",""foam_roller""]","true","2026-08-21T15:13:45.007Z"
"cmt33ahzc005rypj1wqwficnq","Dislocaciones con palo en agarre cerrado","MOBILITY","Rutina de movilidad con peso corporal enfocada en hombros.","Usá peso corporal y movete lentamente explorando el rango de hombros. Mantené la respiración fluida.","Hombros","Peso corporal",,,,"[""hombros"",""peso_corporal"",""palo""]","true","2026-08-21T15:13:45.096Z"
"cmt33ai2g005sypj1hups44q0","Psoas stretch con banda","MOBILITY","Ejercicio de control articular de cuello usando peso corporal.","Realizá el movimiento lentamente y controlado con peso corporal, enfocándote en la movilidad de cuello. No fuerces.","Cuello","Peso corporal",,,,"[""cuello"",""peso_corporal""]","true","2026-08-21T15:13:45.208Z"
"cmt33ai5c005typj130o1xv75","Estiramiento dinámico de pecho","MOBILITY","Ejercicio de movilidad de rodillas tipo mobility. Requiere pelota.","Con pelota, ejecutá el ejercicio dentro de tu rango de movimiento cómodo. Trabaja rodillas suavemente.","Rodillas","Pelota",,,,"[""rodillas"",""pelota"",""estiramiento""]","true","2026-08-21T15:13:45.312Z"
"cmt33ai80005uypj1f68aj85c","World's greatest stretch con rotación","MOBILITY","Ejercicio de movilidad de hombros tipo mobility. Requiere pelota.","Usá pelota y movete lentamente explorando el rango de hombros. Mantené la respiración fluida.","Hombros","Pelota",,,,"[""hombros"",""pelota"",""rotacion""]","true","2026-08-21T15:13:45.408Z"
"cmt33aiay005vypj1gzo93cuj","Estiramiento dinámico de espalda","MOBILITY","Ejercicio de movilidad de piernas tipo mobility. Requiere foam roller.","Con foam roller, ejecutá el ejercicio dentro de tu rango de movimiento cómodo. Trabaja piernas suavemente.","Piernas","Foam roller",,,,"[""piernas"",""foam_roller"",""estiramiento""]","true","2026-08-21T15:13:45.515Z"
"cmt33aidn005wypj1dn9kb670","Neck rotation","MOBILITY","Trabajo de movilidad articular para muñecas con peso corporal.","Realizá el movimiento lentamente y controlado con peso corporal, enfocándote en la movilidad de muñecas. No fuerces.","Muñecas","Peso corporal",,,,"[""muñecas"",""peso_corporal""]","true","2026-08-21T15:13:45.611Z"
"cmt33aigd005xypj17jvkzigj","Dislocaciones con palo en agarre ancho","MOBILITY","Ejercicio de movilidad de piernas tipo mobility. Requiere fitball.","Realizá el movimiento lentamente y controlado con fitball, enfocándote en la movilidad de piernas. No fuerces.","Piernas","Fitball",,,,"[""piernas"",""fitball"",""palo""]","true","2026-08-21T15:13:45.709Z"
"cmt33aije005yypj199f9it5r","Rotación de cuello","MOBILITY","Ejercicio de control articular de piernas usando bosu.","Con bosu, ejecutá el ejercicio dentro de tu rango de movimiento cómodo. Trabaja piernas suavemente.","Piernas","Bosu",,,,"[""piernas"",""bosu"",""rotacion""]","true","2026-08-21T15:13:45.818Z"
"cmt33aim1005zypj1ws3jzij3","Wrist flexor stretch","MOBILITY","Ejercicio de movilidad de muñecas tipo mobility. Requiere peso corporal.","Usá peso corporal y movete lentamente explorando el rango de muñecas. Mantené la respiración fluida.","Muñecas","Peso corporal",,,,"[""muñecas"",""peso_corporal""]","true","2026-08-21T15:13:45.913Z"
"cmt33aiok0060ypj1hdsplkoa","Rotación de muñeca","MOBILITY","Ejercicio de movilidad de core tipo mobility. Requiere palo.","Con palo, ejecutá el ejercicio dentro de tu rango de movimiento cómodo. Trabaja core suavemente.","Core","Palo",,,,"[""core"",""palo"",""rotacion""]","true","2026-08-21T15:13:46.004Z"
"cmt33air40061ypj1ko9z99ix","Neck chin tuck","MOBILITY","Trabajo de movilidad articular para tobillos con foam roller.","Usá foam roller y movete lentamente explorando el rango de tobillos. Mantené la respiración fluida.","Tobillos","Foam roller",,,,"[""tobillos"",""foam_roller""]","true","2026-08-21T15:13:46.096Z"
"cmt33aitr0062ypj1u7alknfq","Hip external rotation","MOBILITY","Rutina de movilidad con fitball enfocada en rodillas.","Usá fitball y movete lentamente explorando el rango de rodillas. Mantené la respiración fluida.","Rodillas","Fitball",,,,"[""rodillas"",""fitball""]","true","2026-08-21T15:13:46.191Z"
"cmt33aiwe0063ypj1g5kf5cso","Neck CARs","MOBILITY","Rutina de movilidad con pelota enfocada en rodillas.","Usá pelota y movete lentamente explorando el rango de rodillas. Mantené la respiración fluida.","Rodillas","Pelota",,,,"[""rodillas"",""pelota""]","true","2026-08-21T15:13:46.286Z"
"cmt33aiyv0064ypj1ofu9sep7","Puente con rotación","MOBILITY","Ejercicio de control articular de cuello usando banda.","Con banda, realizá movimientos controlados para mejorar la movilidad de cuello. Sin dolor.","Cuello","Banda",,,,"[""cuello"",""banda"",""rotacion""]","true","2026-08-21T15:13:46.376Z"
"cmt33aj1i0065ypj1wdbwjzf2","Shoulder cross-body","MOBILITY","Rutina de movilidad con pelota enfocada en cadera.","Con pelota, realizá movimientos controlados para mejorar la movilidad de cadera. Sin dolor.","Cadera","Pelota",,,,"[""cadera"",""pelota""]","true","2026-08-21T15:13:46.470Z"
"cmt33aj460066ypj1x2skvvqb","Rotación de cadera en clinch","MOBILITY","Rutina de movilidad con peso corporal enfocada en muñecas.","Usá peso corporal y movete lentamente explorando el rango de muñecas. Mantené la respiración fluida.","Muñecas","Peso corporal",,,,"[""muñecas"",""peso_corporal"",""rotacion""]","true","2026-08-21T15:13:46.566Z"
"cmt33aj6r0067ypj1gesb79n7","Foam rolling de tríceps","MOBILITY","Trabajo de movilidad articular para hombros con peso corporal.","Con peso corporal, ejecutá el ejercicio dentro de tu rango de movimiento cómodo. Trabaja hombros suavemente.","Hombros","Peso corporal",,,,"[""hombros"",""peso_corporal"",""foam_roller""]","true","2026-08-21T15:13:46.660Z"
"cmt33aj9c0068ypj1ut7uamrd","Hip CARs","MOBILITY","Ejercicio de control articular de cadera usando fitball.","Con fitball, realizá movimientos controlados para mejorar la movilidad de cadera. Sin dolor.","Cadera","Fitball",,,,"[""cadera"",""fitball""]","true","2026-08-21T15:13:46.752Z"
"cmt33ajc00069ypj1sxoqgksl","Shoulder CARs","MOBILITY","Rutina de movilidad con bosu enfocada en cadera.","Con bosu, realizá movimientos controlados para mejorar la movilidad de cadera. Sin dolor.","Cadera","Bosu",,,,"[""cadera"",""bosu""]","true","2026-08-21T15:13:46.849Z"
"cmt33ajex006aypj1kv6kqlqu","Hip internal rotation","MOBILITY","Rutina de movilidad con pelota enfocada en piernas.","Con pelota, realizá movimientos controlados para mejorar la movilidad de piernas. Sin dolor.","Piernas","Pelota",,,,"[""piernas"",""pelota""]","true","2026-08-21T15:13:46.953Z"
"cmt33ajhl006bypj1wezkvtlb","Foam rolling de IT band","MOBILITY","Trabajo de movilidad articular para full body con palo.","Realizá el movimiento lentamente y controlado con palo, enfocándote en la movilidad de full body. No fuerces.","Full body","Palo",,,,"[""full_body"",""palo"",""foam_roller""]","true","2026-08-21T15:13:47.049Z"
"cmt33ajkl006cypj1sluanqol","Wrist mobility circles","MOBILITY","Ejercicio de movilidad de pecho tipo mobility. Requiere banda.","Con banda, ejecutá el ejercicio dentro de tu rango de movimiento cómodo. Trabaja pecho suavemente.","Pecho","Banda",,,,"[""pecho"",""banda""]","true","2026-08-21T15:13:47.157Z"
"cmt33ajnc006dypj1ocuwea21","Postura del pez","STRETCHING","Trabajo de flexibilidad para pantorrilla con banco.","Usá banco y mantené la posición estirando pantorrilla. Relajá la zona y respirá.","Pantorrilla","Banco",,,,"[""pantorrilla"",""banco""]","true","2026-08-21T15:13:47.256Z"
"cmt33ajq3006eypj1s2mzpnrt","Fascial stretch de fascia posterior","STRETCHING","Ejercicio de estiramiento de espalda tipo stretching. Requiere foam roller.","Usá foam roller y mantené la posición estirando espalda. Relajá la zona y respirá.","Espalda","Foam roller",,,,"[""espalda"",""foam_roller""]","true","2026-08-21T15:13:47.355Z"
"cmt33ajst006fypj1pf303x78","Postura del guerrero II","STRETCHING","Ejercicio de estiramiento de pantorrilla tipo stretching. Requiere palo.","Mantené el estiramiento durante 20-30 segundos con palo, sintiendo la tensión en pantorrilla. No rebotes.","Pantorrilla","Palo",,,,"[""pantorrilla"",""palo""]","true","2026-08-21T15:13:47.454Z"
"cmt33ajvf006gypj1wjbyto1p","Postura del loto","STRETCHING","Ejercicio de estiramiento de femoral tipo stretching. Requiere banco.","Con banco, estirá femoral suavemente hasta sentir tensión moderada. Respirá profundamente.","Femoral","Banco",,,,"[""femoral"",""banco""]","true","2026-08-21T15:13:47.547Z"
"cmt33ajy4006hypj16r0lkx4e","Estiramiento de espalda en extensión","STRETCHING","Rutina de elongación con foam roller enfocada en antebrazos.","Mantené el estiramiento durante 20-30 segundos con foam roller, sintiendo la tensión en antebrazos. No rebotes.","Antebrazos","Foam roller",,,,"[""antebrazos"",""foam_roller"",""extension"",""estiramiento""]","true","2026-08-21T15:13:47.645Z"
"cmt33ak3m006iypj1eo5rjjlm","Stretch de perro boca abajo","STRETCHING","Rutina de elongación con banco enfocada en hombros.","Usá banco y mantené la posición estirando hombros. Relajá la zona y respirá.","Hombros","Banco",,,,"[""hombros"",""banco""]","true","2026-08-21T15:13:47.842Z"
"cmt33ak6i006jypj1tnjbklut","Pilates saw","STRETCHING","Rutina de elongación con fitball enfocada en tríceps.","Con fitball, estirá tríceps suavemente hasta sentir tensión moderada. Respirá profundamente.","Tríceps","Fitball",,,,"[""tríceps"",""fitball""]","true","2026-08-21T15:13:47.947Z"
"cmt33ak99006kypj19coi2nve","Estiramiento activo de espalda","STRETCHING","Rutina de elongación con fitball enfocada en tríceps.","Mantené el estiramiento durante 20-30 segundos con fitball, sintiendo la tensión en tríceps. No rebotes.","Tríceps","Fitball",,,,"[""tríceps"",""fitball"",""estiramiento""]","true","2026-08-21T15:13:48.045Z"
"cmt33akcb006lypj1ae8ceb9l","Fascial stretch de fascia anterior","STRETCHING","Estiramiento de pecho usando banda.","Usá banda y mantené la posición estirando pecho. Relajá la zona y respirá.","Pecho","Banda",,,,"[""pecho"",""banda""]","true","2026-08-21T15:13:48.155Z"
"cmt33akez006mypj1ycvnfwl8","Postura del guerrero III","STRETCHING","Ejercicio de estiramiento de bíceps tipo stretching. Requiere banco.","Mantené el estiramiento durante 20-30 segundos con banco, sintiendo la tensión en bíceps. No rebotes.","Bíceps","Banco",,,,"[""bíceps"",""banco""]","true","2026-08-21T15:13:48.252Z"
"cmt33akho006nypj1zemuyhgd","Yoga fire log","STRETCHING","Estiramiento de pecho usando banco.","Con banco, estirá pecho suavemente hasta sentir tensión moderada. Respirá profundamente.","Pecho","Banco",,,,"[""pecho"",""banco""]","true","2026-08-21T15:13:48.348Z"
"cmt33akkb006oypj1kuzq3uql","Fascial stretch de fascia lateral","STRETCHING","Trabajo de flexibilidad para tríceps con palo.","Con palo, elongá tríceps manteniendo la postura estable. Sin dolor, solo tensión agradable.","Tríceps","Palo",,,,"[""tríceps"",""palo""]","true","2026-08-21T15:13:48.444Z"
"cmt33akmv006pypj168ae1ltt","Pilates mermaid","STRETCHING","Estiramiento de cuello usando foam roller.","Con foam roller, elongá cuello manteniendo la postura estable. Sin dolor, solo tensión agradable.","Cuello","Foam roller",,,,"[""cuello"",""foam_roller""]","true","2026-08-21T15:13:48.535Z"
"cmt33akps006qypj1wid4k0wh","Yoga supine twist","STRETCHING","Ejercicio de estiramiento de piernas tipo stretching. Requiere fitball.","Mantené el estiramiento durante 20-30 segundos con fitball, sintiendo la tensión en piernas. No rebotes.","Piernas","Fitball",,,,"[""piernas"",""fitball""]","true","2026-08-21T15:13:48.641Z"
"cmt33akvn006sypj1np2uk4gk","Estiramiento PNF de hombros","STRETCHING","Estiramiento de pecho usando fitball.","Con fitball, estirá pecho suavemente hasta sentir tensión moderada. Respirá profundamente.","Pecho","Fitball",,,,"[""pecho"",""fitball"",""estiramiento""]","true","2026-08-21T15:13:48.851Z"
"cmt33aky9006typj1h1epqsd5","Yoga lizard","STRETCHING","Trabajo de flexibilidad para core con palo.","Usá palo y mantené la posición estirando core. Relajá la zona y respirá.","Core","Palo",,,,"[""core"",""palo""]","true","2026-08-21T15:13:48.945Z"
"cmt33al0x006uypj16uaoyemc","Estiramiento de tríceps","STRETCHING","Rutina de elongación con palo enfocada en cuádriceps.","Mantené el estiramiento durante 20-30 segundos con palo, sintiendo la tensión en cuádriceps. No rebotes.","Cuádriceps","Palo",,,,"[""cuádriceps"",""palo"",""estiramiento""]","true","2026-08-21T15:13:49.041Z"
"cmt33al3o006vypj1fodafwyh","Yoga wide legged fold","STRETCHING","Trabajo de flexibilidad para antebrazos con banda.","Mantené el estiramiento durante 20-30 segundos con banda, sintiendo la tensión en antebrazos. No rebotes.","Antebrazos","Banda",,,,"[""antebrazos"",""banda""]","true","2026-08-21T15:13:49.140Z"
"cmt33al6g006wypj11e9uxcb9","Stretch de adductor lateral","STRETCHING","Ejercicio de estiramiento de cuádriceps tipo stretching. Requiere peso corporal.","Con peso corporal, estirá cuádriceps suavemente hasta sentir tensión moderada. Respirá profundamente.","Cuádriceps","Peso corporal",,,,"[""cuádriceps"",""peso_corporal""]","true","2026-08-21T15:13:49.240Z"
"cmt33al92006xypj1ukbgjork","Pilates spine stretch","STRETCHING","Trabajo de flexibilidad para pecho con peso corporal.","Con peso corporal, elongá pecho manteniendo la postura estable. Sin dolor, solo tensión agradable.","Pecho","Peso corporal",,,,"[""pecho"",""peso_corporal""]","true","2026-08-21T15:13:49.335Z"
"cmt33albq006yypj17nw87imt","Pilates swan","STRETCHING","Ejercicio de estiramiento de pantorrilla tipo stretching. Requiere banco.","Con banco, estirá pantorrilla suavemente hasta sentir tensión moderada. Respirá profundamente.","Pantorrilla","Banco",,,,"[""pantorrilla"",""banco""]","true","2026-08-21T15:13:49.431Z"
"cmt33alei006zypj19p2mpjl6","Relajación progresiva de piernas","STRETCHING","Estiramiento de full body usando peso corporal.","Mantené el estiramiento durante 20-30 segundos con peso corporal, sintiendo la tensión en full body. No rebotes.","Full body","Peso corporal",,,,"[""full_body"",""peso_corporal"",""relajacion""]","true","2026-08-21T15:13:49.530Z"
"cmt33alh80070ypj1j4xlcsfb","Pilates single leg stretch","STRETCHING","Ejercicio de estiramiento de antebrazos tipo stretching. Requiere peso corporal.","Mantené el estiramiento durante 20-30 segundos con peso corporal, sintiendo la tensión en antebrazos. No rebotes.","Antebrazos","Peso corporal",,,,"[""antebrazos"",""peso_corporal""]","true","2026-08-21T15:13:49.628Z"
"cmt33aljv0071ypj1si10pnsy","Postura del arco","STRETCHING","Rutina de elongación con palo enfocada en cuello.","Con palo, elongá cuello manteniendo la postura estable. Sin dolor, solo tensión agradable.","Cuello","Palo",,,,"[""cuello"",""palo""]","true","2026-08-21T15:13:49.723Z"
"cmt33almc0072ypj1234qsfu4","Relajación progresiva de Jacobson","STRETCHING","Trabajo de flexibilidad para femoral con peso corporal.","Mantené el estiramiento durante 20-30 segundos con peso corporal, sintiendo la tensión en femoral. No rebotes.","Femoral","Peso corporal",,,,"[""femoral"",""peso_corporal"",""relajacion""]","true","2026-08-21T15:13:49.813Z"
"cmt33alou0073ypj1ur6w15t0","Pilates double leg stretch","STRETCHING","Ejercicio de estiramiento de bíceps tipo stretching. Requiere banda.","Usá banda y mantené la posición estirando bíceps. Relajá la zona y respirá.","Bíceps","Banda",,,,"[""bíceps"",""banda""]","true","2026-08-21T15:13:49.902Z"
"cmt33alrd0074ypj1ya1m1pi1","Relajación progresiva de espalda","STRETCHING","Rutina de elongación con fitball enfocada en piernas.","Usá fitball y mantené la posición estirando piernas. Relajá la zona y respirá.","Piernas","Fitball",,,,"[""piernas"",""fitball"",""relajacion""]","true","2026-08-21T15:13:49.994Z"
"cmt33alu10075ypj1gfdsmmu2","Estiramiento activo de cadera","STRETCHING","Trabajo de flexibilidad para cadera con palo.","Mantené el estiramiento durante 20-30 segundos con palo, sintiendo la tensión en cadera. No rebotes.","Cadera","Palo",,,,"[""cadera"",""palo"",""estiramiento""]","true","2026-08-21T15:13:50.089Z"
"cmt33alwm0076ypj1zixoqo21","Fascial stretch de línea media","STRETCHING","Rutina de elongación con banda enfocada en pantorrilla.","Usá banda y mantené la posición estirando pantorrilla. Relajá la zona y respirá.","Pantorrilla","Banda",,,,"[""pantorrilla"",""banda""]","true","2026-08-21T15:13:50.183Z"
"cmt33alz70077ypj1a27walfd","Postura del cisne","STRETCHING","Ejercicio de estiramiento de core tipo stretching. Requiere fitball.","Con fitball, elongá core manteniendo la postura estable. Sin dolor, solo tensión agradable.","Core","Fitball",,,,"[""core"",""fitball""]","true","2026-08-21T15:13:50.276Z"
"cmt33am1s0078ypj1ra5zswqi","Postura del perro","STRETCHING","Rutina de elongación con fitball enfocada en pecho.","Con fitball, elongá pecho manteniendo la postura estable. Sin dolor, solo tensión agradable.","Pecho","Fitball",,,,"[""pecho"",""fitball""]","true","2026-08-21T15:13:50.368Z"
"cmt33am4e0079ypj1privwyd2","Pilates roll up","STRETCHING","Rutina de elongación con banda enfocada en espalda.","Usá banda y mantené la posición estirando espalda. Relajá la zona y respirá.","Espalda","Banda",,,,"[""espalda"",""banda""]","true","2026-08-21T15:13:50.462Z"
"cmt33am71007aypj1b83e2olx","Yoga seated forward fold","STRETCHING","Trabajo de flexibilidad para femoral con banco.","Con banco, estirá femoral suavemente hasta sentir tensión moderada. Respirá profundamente.","Femoral","Banco",,,,"[""femoral"",""banco""]","true","2026-08-21T15:13:50.557Z"
"cmt33am9h007bypj10oe09phj","Postura del puente","STRETCHING","Rutina de elongación con palo enfocada en tríceps.","Mantené el estiramiento durante 20-30 segundos con palo, sintiendo la tensión en tríceps. No rebotes.","Tríceps","Palo",,,,"[""tríceps"",""palo""]","true","2026-08-21T15:13:50.645Z"
"cmt33amc5007cypj1h31uziz7","Relajación progresiva de brazos","STRETCHING","Ejercicio de estiramiento de femoral tipo stretching. Requiere fitball.","Usá fitball y mantené la posición estirando femoral. Relajá la zona y respirá.","Femoral","Fitball",,,,"[""femoral"",""fitball"",""relajacion""]","true","2026-08-21T15:13:50.741Z"
"cmt33ameo007dypj15jz3vui0","Estiramiento de lats","STRETCHING","Trabajo de flexibilidad para espalda con banco.","Usá banco y mantené la posición estirando espalda. Relajá la zona y respirá.","Espalda","Banco",,,,"[""espalda"",""banco"",""estiramiento""]","true","2026-08-21T15:13:50.833Z"
"cmt33amh9007eypj10o5ktes6","Yoga lunge twist","STRETCHING","Trabajo de flexibilidad para core con peso corporal.","Mantené el estiramiento durante 20-30 segundos con peso corporal, sintiendo la tensión en core. No rebotes.","Core","Peso corporal",,,,"[""core"",""peso_corporal""]","true","2026-08-21T15:13:50.925Z"
"cmt33amjr007fypj1hmf4ume6","Postura del guerrero I","STRETCHING","Estiramiento de espalda usando banco.","Con banco, estirá espalda suavemente hasta sentir tensión moderada. Respirá profundamente.","Espalda","Banco",,,,"[""espalda"",""banco""]","true","2026-08-21T15:13:51.016Z"
"cmt33ammg007gypj1u9hd7o9q","Stretch de adductor sentado","STRETCHING","Trabajo de flexibilidad para cadera con peso corporal.","Con peso corporal, estirá cadera suavemente hasta sentir tensión moderada. Respirá profundamente.","Cadera","Peso corporal",,,,"[""cadera"",""peso_corporal""]","true","2026-08-21T15:13:51.113Z"
"cmt33amp2007hypj1e46zyzl1","Hurdle hop","PLYOMETRIC","Secuencia pliométrica con banda enfocada en cuádriceps.","Ejecutá el movimiento explosivamente con banda y aterrizá suavemente. Enfocate en cuádriceps.","Cuádriceps","Banda",,,,"[""cuádriceps"",""banda""]","true","2026-08-21T15:13:51.206Z"
"cmt33amrn007iypj1oxc16ls0","Burpee con salto al cajón","PLYOMETRIC","Trabajo de potencia explosiva para piernas con pista.","Con pista, saltá con máxima potencia trabajando piernas. Absorbé el impacto con las rodillas flexionadas.","Piernas","Pista",,,,"[""piernas"",""pista"",""burpee""]","true","2026-08-21T15:13:51.299Z"
"cmt33amub007jypj1dap22luk","Plyo step-jump","PLYOMETRIC","Ejercicio de salto y aterrizaje de piernas usando banda.","Usá banda y realizá el salto explosivo. Controlá el aterrizaje y mantené la estabilidad de piernas.","Piernas","Banda",,,,"[""piernas"",""banda"",""jump"",""plyometrico""]","true","2026-08-21T15:13:51.396Z"
"cmt33amwy007kypj1ap8n53mq","Hurdle hop a una pierna","PLYOMETRIC","Ejercicio pliométrico de piernas tipo plyometric. Requiere peso corporal.","Realizá el movimiento pliométrico con peso corporal a máxima velocidad. Enfocate en la extensión de piernas.","Piernas","Peso corporal",,,,"[""piernas"",""peso_corporal""]","true","2026-08-21T15:13:51.490Z"
"cmt33amzo007lypj1ln1mhx05","Lunge saltado con knee drive","PLYOMETRIC","Trabajo de potencia explosiva para glúteos con balón.","Usá balón y realizá el salto explosivo. Controlá el aterrizaje y mantené la estabilidad de glúteos.","Glúteos","Balón",,,,"[""glúteos"",""balón""]","true","2026-08-21T15:13:51.589Z"
"cmt33an2e007mypj1pp944wb9","Plyo step-over","PLYOMETRIC","Trabajo de potencia explosiva para piernas con cajón.","Usá cajón y realizá el salto explosivo. Controlá el aterrizaje y mantené la estabilidad de piernas.","Piernas","Cajón",,,,"[""piernas"",""cajón"",""plyometrico""]","true","2026-08-21T15:13:51.687Z"
"cmt33an4y007nypj145ewf0b8","Burpee con pull-up","PLYOMETRIC","Secuencia pliométrica con balón enfocada en pantorrilla.","Usá balón y realizá el salto explosivo. Controlá el aterrizaje y mantené la estabilidad de pantorrilla.","Pantorrilla","Balón",,,,"[""pantorrilla"",""balón"",""burpee""]","true","2026-08-21T15:13:51.779Z"
"cmt33an84007oypj1xvfrf9v4","Medicine ball rotational throw","PLYOMETRIC","Ejercicio de salto y aterrizaje de cuádriceps usando mancuernas.","Usá mancuernas y realizá el salto explosivo. Controlá el aterrizaje y mantené la estabilidad de cuádriceps.","Cuádriceps","Mancuernas",,,,"[""cuádriceps"",""mancuernas""]","true","2026-08-21T15:13:51.892Z"
"cmt33ancd007pypj1npnkcy5p","Lunge saltado","PLYOMETRIC","Ejercicio pliométrico de glúteos tipo plyometric. Requiere banda.","Con banda, saltá con máxima potencia trabajando glúteos. Absorbé el impacto con las rodillas flexionadas.","Glúteos","Banda",,,,"[""glúteos"",""banda""]","true","2026-08-21T15:13:52.045Z"
"cmt33anf4007qypj1zdb4qbix","Push-up explosivo","PLYOMETRIC","Trabajo de potencia explosiva para piernas con cajón.","Con cajón, saltá con máxima potencia trabajando piernas. Absorbé el impacto con las rodillas flexionadas.","Piernas","Cajón",,,,"[""piernas"",""cajón""]","true","2026-08-21T15:13:52.145Z"
"cmt33anht007rypj1xicviuba","Depth drop jump","PLYOMETRIC","Trabajo de potencia explosiva para piernas con pista.","Ejecutá el movimiento explosivamente con pista y aterrizá suavemente. Enfocate en piernas.","Piernas","Pista",,,,"[""piernas"",""pista"",""jump""]","true","2026-08-21T15:13:52.242Z"
"cmt33anke007sypj10ambec50","Salto al cajón lateral","PLYOMETRIC","Trabajo de potencia explosiva para pantorrilla con bosu.","Con bosu, saltá con máxima potencia trabajando pantorrilla. Absorbé el impacto con las rodillas flexionadas.","Pantorrilla","Bosu",,,,"[""pantorrilla"",""bosu""]","true","2026-08-21T15:13:52.334Z"
"cmt33anmx007typj18mhm1fnu","Jump tuck","PLYOMETRIC","Trabajo de potencia explosiva para hombros con cajón.","Realizá el movimiento pliométrico con cajón a máxima velocidad. Enfocate en la extensión de hombros.","Hombros","Cajón",,,,"[""hombros"",""cajón"",""jump""]","true","2026-08-21T15:13:52.425Z"
"cmt33anpj007uypj1oe0hbgd1","Jump pike","PLYOMETRIC","Trabajo de potencia explosiva para core con bosu.","Ejecutá el movimiento explosivamente con bosu y aterrizá suavemente. Enfocate en core.","Core","Bosu",,,,"[""core"",""bosu"",""jump""]","true","2026-08-21T15:13:52.519Z"
"cmt33ans1007vypj1ela0jcye","Sprint con trineo","PLYOMETRIC","Ejercicio de salto y aterrizaje de cuádriceps usando banda.","Ejecutá el movimiento explosivamente con banda y aterrizá suavemente. Enfocate en cuádriceps.","Cuádriceps","Banda",,,,"[""cuádriceps"",""banda"",""sprint""]","true","2026-08-21T15:13:52.610Z"
"cmt33anum007wypj1cn2p844o","Salto al cajón trasero","PLYOMETRIC","Ejercicio de salto y aterrizaje de piernas usando mancuernas.","Realizá el movimiento pliométrico con mancuernas a máxima velocidad. Enfocate en la extensión de piernas.","Piernas","Mancuernas",,,,"[""piernas"",""mancuernas""]","true","2026-08-21T15:13:52.702Z"
"cmt33anxa007xypj1c6ekrxvo","Depth landing","PLYOMETRIC","Ejercicio pliométrico de hombros tipo plyometric. Requiere pista.","Usá pista y realizá el salto explosivo. Controlá el aterrizaje y mantené la estabilidad de hombros.","Hombros","Pista",,,,"[""hombros"",""pista""]","true","2026-08-21T15:13:52.798Z"
"cmt33ao01007yypj1w2rej3f0","Plyo lateral step-up","PLYOMETRIC","Ejercicio de salto y aterrizaje de pecho usando mancuernas.","Con mancuernas, saltá con máxima potencia trabajando pecho. Absorbé el impacto con las rodillas flexionadas.","Pecho","Mancuernas",,,,"[""pecho"",""mancuernas"",""plyometrico""]","true","2026-08-21T15:13:52.898Z"
"cmt33ao2o007zypj116nrz0sv","Salto con banda","PLYOMETRIC","Secuencia pliométrica con cajón enfocada en glúteos.","Ejecutá el movimiento explosivamente con cajón y aterrizá suavemente. Enfocate en glúteos.","Glúteos","Cajón",,,,"[""glúteos"",""cajón""]","true","2026-08-21T15:13:52.992Z"
"cmt33ao5h0080ypj1128p2a8m","Depth landing con salto","PLYOMETRIC","Secuencia pliométrica con cajón enfocada en core.","Realizá el movimiento pliométrico con cajón a máxima velocidad. Enfocate en la extensión de core.","Core","Cajón",,,,"[""core"",""cajón""]","true","2026-08-21T15:13:53.094Z"
"cmt33ao820081ypj1tk7jhxb8","Sprint de reacción","PLYOMETRIC","Secuencia pliométrica con mancuernas enfocada en pecho.","Usá mancuernas y realizá el salto explosivo. Controlá el aterrizaje y mantené la estabilidad de pecho.","Pecho","Mancuernas",,,,"[""pecho"",""mancuernas"",""sprint""]","true","2026-08-21T15:13:53.186Z"
"cmt33aoaq0082ypj135fiue94","Plyo step-down","PLYOMETRIC","Ejercicio de salto y aterrizaje de glúteos usando banda.","Usá banda y realizá el salto explosivo. Controlá el aterrizaje y mantené la estabilidad de glúteos.","Glúteos","Banda",,,,"[""glúteos"",""banda"",""plyometrico""]","true","2026-08-21T15:13:53.283Z"
"cmt33aod90083ypj1kd8h6q89","Medicine ball chest pass","PLYOMETRIC","Secuencia pliométrica con pista enfocada en cuádriceps.","Con pista, saltá con máxima potencia trabajando cuádriceps. Absorbé el impacto con las rodillas flexionadas.","Cuádriceps","Pista",,,,"[""cuádriceps"",""pista""]","true","2026-08-21T15:13:53.374Z"
"cmt33aofy0084ypj1jyq17co6","Sprint con paracaídas","PLYOMETRIC","Trabajo de potencia explosiva para core con peso corporal.","Usá peso corporal y realizá el salto explosivo. Controlá el aterrizaje y mantené la estabilidad de core.","Core","Peso corporal",,,,"[""core"",""peso_corporal"",""sprint""]","true","2026-08-21T15:13:53.470Z"
"cmt33aoik0085ypj1uioupwos","Jump bounding","PLYOMETRIC","Ejercicio de salto y aterrizaje de core usando balón.","Ejecutá el movimiento explosivamente con balón y aterrizá suavemente. Enfocate en core.","Core","Balón",,,,"[""core"",""balón"",""jump""]","true","2026-08-21T15:13:53.564Z"
"cmt33aolg0086ypj17uo53x2i","Burpee con muscle-up","PLYOMETRIC","Ejercicio de salto y aterrizaje de glúteos usando peso corporal.","Con peso corporal, saltá con máxima potencia trabajando glúteos. Absorbé el impacto con las rodillas flexionadas.","Glúteos","Peso corporal",,,,"[""glúteos"",""peso_corporal"",""burpee""]","true","2026-08-21T15:13:53.668Z"
"cmt33aoo50087ypj1f1rj5g3f","Plyo step-up","PLYOMETRIC","Ejercicio de salto y aterrizaje de full body usando peso corporal.","Con peso corporal, saltá con máxima potencia trabajando full body. Absorbé el impacto con las rodillas flexionadas.","Full body","Peso corporal",,,,"[""full_body"",""peso_corporal"",""plyometrico""]","true","2026-08-21T15:13:53.765Z"
"cmt33aoqs0088ypj1jpfnz8dw","Jump straddle","PLYOMETRIC","Trabajo de potencia explosiva para core con banda.","Con banda, saltá con máxima potencia trabajando core. Absorbé el impacto con las rodillas flexionadas.","Core","Banda",,,,"[""core"",""banda"",""jump""]","true","2026-08-21T15:13:53.861Z"
"cmt33aot90089ypj1ci6k122p","Burpee lateral","PLYOMETRIC","Ejercicio pliométrico de piernas tipo plyometric. Requiere banda.","Ejecutá el movimiento explosivamente con banda y aterrizá suavemente. Enfocate en piernas.","Piernas","Banda",,,,"[""piernas"",""banda"",""burpee""]","true","2026-08-21T15:13:53.950Z"
"cmt33aovz008aypj1mxkhgyro","Burpee con box jump","PLYOMETRIC","Trabajo de potencia explosiva para glúteos con balón.","Usá balón y realizá el salto explosivo. Controlá el aterrizaje y mantené la estabilidad de glúteos.","Glúteos","Balón",,,,"[""glúteos"",""balón"",""burpee"",""box""]","true","2026-08-21T15:13:54.048Z"
"cmt33aoyo008bypj18b6ut9hi","Push-up con palmada","PLYOMETRIC","Ejercicio de salto y aterrizaje de pecho usando banda.","Usá banda y realizá el salto explosivo. Controlá el aterrizaje y mantené la estabilidad de pecho.","Pecho","Banda",,,,"[""pecho"",""banda""]","true","2026-08-21T15:13:54.144Z"
"cmt33ap18008cypj1tmbnnyhq","Lunge saltado con switch","PLYOMETRIC","Ejercicio pliométrico de piernas tipo plyometric. Requiere balón.","Usá balón y realizá el salto explosivo. Controlá el aterrizaje y mantené la estabilidad de piernas.","Piernas","Balón",,,,"[""piernas"",""balón""]","true","2026-08-21T15:13:54.237Z"
"cmt33ap3u008dypj1w39gl3z2","Yoga dancer","BALANCE","Trabajo de propiocepción y estabilidad para core con fitball.","Realizá el ejercicio con fitball enfocándote en la estabilidad de core. Movimientos lentos y controlados.","Core","Fitball",,,,"[""core"",""fitball""]","true","2026-08-21T15:13:54.330Z"
"cmt33ap6i008eypj163zqj02y","Deadlift unilateral","BALANCE","Ejercicio de balance y control de core usando banda.","Realizá el ejercicio con banda enfocándote en la estabilidad de core. Movimientos lentos y controlados.","Core","Banda",,,,"[""core"",""banda""]","true","2026-08-21T15:13:54.426Z"
"cmt33ap8z008fypj1xx0zv0qd","Sentadilla shrimp","BALANCE","Secuencia de estabilidad con pelota enfocada en core.","Realizá el ejercicio con pelota enfocándote en la estabilidad de core. Movimientos lentos y controlados.","Core","Pelota",,,,"[""core"",""pelota"",""sentadilla""]","true","2026-08-21T15:13:54.516Z"
"cmt33apbi008gypj1uyjcq9q2","Puente con banda","BALANCE","Secuencia de estabilidad con palo enfocada en tobillos.","Realizá el ejercicio con palo enfocándote en la estabilidad de tobillos. Movimientos lentos y controlados.","Tobillos","Palo",,,,"[""tobillos"",""palo""]","true","2026-08-21T15:13:54.606Z"
"cmt33a4sn0013ypj1teem5saw","Sentadilla sissy","STRENGTH","Trabajo de propiocepción y estabilidad para hombros con mancuernas.","Realizá el ejercicio con mancuernas enfocándote en la estabilidad de hombros. Movimientos lentos y controlados.","Hombros","Mancuernas",,,,"[""hombros"",""mancuernas"",""sentadilla""]","true","2026-08-21T15:13:28.007Z"
"cmt33apgw008hypj1b68vdk5d","Stability ball plank circle","BALANCE","Ejercicio de balance y control de hombros usando pelota.","Mantené el equilibrio con pelota activando hombros. Controlá la postura y no dejes que se mueva la cadera.","Hombros","Pelota",,,,"[""hombros"",""pelota""]","true","2026-08-21T15:13:54.800Z"
"cmt33apjg008iypj1yh29796z","Lunge con banda","BALANCE","Secuencia de estabilidad con banda enfocada en glúteos.","Mantené el equilibrio con banda activando glúteos. Controlá la postura y no dejes que se mueva la cadera.","Glúteos","Banda",,,,"[""glúteos"",""banda""]","true","2026-08-21T15:13:54.893Z"
"cmt33apm4008jypj1xprjo3mm","Row en TRX unilateral","BALANCE","Ejercicio de equilibrio de core tipo balance. Requiere banda.","Mantené el equilibrio con banda activando core. Controlá la postura y no dejes que se mueva la cadera.","Core","Banda",,,,"[""core"",""banda""]","true","2026-08-21T15:13:54.989Z"
"cmt33apoq008kypj19qlg5k86","Equilibrio en una pierna con peso","BALANCE","Ejercicio de equilibrio de piernas tipo balance. Requiere mancuernas.","Con mancuernas, mantené la posición estable trabajando piernas. Enfocate en un punto fijo.","Piernas","Mancuernas",,,,"[""piernas"",""mancuernas"",""equilibrio""]","true","2026-08-21T15:13:55.082Z"
"cmt33aprh008lypj1mnzjgyp0","Yoga eagle","BALANCE","Secuencia de estabilidad con mancuernas enfocada en core.","Mantené el equilibrio con mancuernas activando core. Controlá la postura y no dejes que se mueva la cadera.","Core","Mancuernas",,,,"[""core"",""mancuernas""]","true","2026-08-21T15:13:55.181Z"
"cmt33apu1008mypj1wqjusyjs","Lunge con fitball","BALANCE","Ejercicio de balance y control de full body usando fitball.","Realizá el ejercicio con fitball enfocándote en la estabilidad de full body. Movimientos lentos y controlados.","Full body","Fitball",,,,"[""full_body"",""fitball""]","true","2026-08-21T15:13:55.273Z"
"cmt33apwl008nypj1gy542x75","Plancha en fitball","BALANCE","Ejercicio de balance y control de core usando bosu.","Con bosu, mantené la posición estable trabajando core. Enfocate en un punto fijo.","Core","Bosu",,,,"[""core"",""bosu"",""plancha"",""fitball""]","true","2026-08-21T15:13:55.365Z"
"cmt33apz7008oypj1cqa78ca8","Equilibrio en una pierna en bosu","BALANCE","Trabajo de propiocepción y estabilidad para tobillos con fitball.","Usá fitball y mantené el balance mientras trabajás tobillos. Core activado en todo momento.","Tobillos","Fitball",,,,"[""tobillos"",""fitball"",""equilibrio"",""bosu""]","true","2026-08-21T15:13:55.459Z"
"cmt33aq1u008pypj1nc9h5l7c","Sentadilla pistol asistida","BALANCE","Ejercicio de equilibrio de hombros tipo balance. Requiere fitball.","Con fitball, mantené la posición estable trabajando hombros. Enfocate en un punto fijo.","Hombros","Fitball",,,,"[""hombros"",""fitball"",""sentadilla""]","true","2026-08-21T15:13:55.554Z"
"cmt33aq4k008qypj1aqccwzsq","Deadlift unilateral en bosu","BALANCE","Ejercicio de equilibrio de cadera tipo balance. Requiere banda.","Con banda, mantené la posición estable trabajando cadera. Enfocate en un punto fijo.","Cadera","Banda",,,,"[""cadera"",""banda"",""bosu""]","true","2026-08-21T15:13:55.653Z"
"cmt33aq77008rypj1w9tqie2r","Yoga warrior III","BALANCE","Ejercicio de equilibrio de piernas tipo balance. Requiere peso corporal.","Realizá el ejercicio con peso corporal enfocándote en la estabilidad de piernas. Movimientos lentos y controlados.","Piernas","Peso corporal",,,,"[""piernas"",""peso_corporal""]","true","2026-08-21T15:13:55.748Z"
"cmt33aq9r008sypj19wusj842","Deadlift unilateral con mancuerna","BALANCE","Secuencia de estabilidad con peso corporal enfocada en tobillos.","Usá peso corporal y mantené el balance mientras trabajás tobillos. Core activado en todo momento.","Tobillos","Peso corporal",,,,"[""tobillos"",""peso_corporal""]","true","2026-08-21T15:13:55.839Z"
"cmt33aqcc008typj1p28rxm4u","Yoga half moon","BALANCE","Trabajo de propiocepción y estabilidad para glúteos con pelota.","Realizá el ejercicio con pelota enfocándote en la estabilidad de glúteos. Movimientos lentos y controlados.","Glúteos","Pelota",,,,"[""glúteos"",""pelota""]","true","2026-08-21T15:13:55.932Z"
"cmt33aqez008uypj1zon2auqf","Press unilateral en bosu","BALANCE","Ejercicio de equilibrio de cadera tipo balance. Requiere palo.","Realizá el ejercicio con palo enfocándote en la estabilidad de cadera. Movimientos lentos y controlados.","Cadera","Palo",,,,"[""cadera"",""palo"",""press"",""bosu""]","true","2026-08-21T15:13:56.027Z"
"cmt33aqit008vypj1ot0geenh","Row en TRX","BALANCE","Trabajo de propiocepción y estabilidad para full body con banco.","Con banco, mantené la posición estable trabajando full body. Enfocate en un punto fijo.","Full body","Banco",,,,"[""full_body"",""banco""]","true","2026-08-21T15:13:56.121Z"
"cmt33aql9008wypj1kyfzkoz6","Equilibrio en una pierna con banda","BALANCE","Secuencia de estabilidad con peso corporal enfocada en glúteos.","Usá peso corporal y mantené el balance mientras trabajás glúteos. Core activado en todo momento.","Glúteos","Peso corporal",,,,"[""glúteos"",""peso_corporal"",""equilibrio""]","true","2026-08-21T15:13:56.254Z"
"cmt33aqny008xypj1n6vf53h4","Press en fitball","BALANCE","Ejercicio de balance y control de full body usando pelota.","Realizá el ejercicio con pelota enfocándote en la estabilidad de full body. Movimientos lentos y controlados.","Full body","Pelota",,,,"[""full_body"",""pelota"",""press"",""fitball""]","true","2026-08-21T15:13:56.350Z"
"cmt33aqqj008yypj1vv3p1pa3","Yoga side plank with leg raise","BALANCE","Ejercicio de balance y control de espalda usando fitball.","Mantené el equilibrio con fitball activando espalda. Controlá la postura y no dejes que se mueva la cadera.","Espalda","Fitball",,,,"[""espalda"",""fitball""]","true","2026-08-21T15:13:56.444Z"
"cmt33aqt0008zypj15kcrq0z2","Puente con marcha","BALANCE","Trabajo de propiocepción y estabilidad para glúteos con bosu.","Con bosu, mantené la posición estable trabajando glúteos. Enfocate en un punto fijo.","Glúteos","Bosu",,,,"[""glúteos"",""bosu""]","true","2026-08-21T15:13:56.533Z"
"cmt33aqvj0090ypj140uh077x","Puente con elevación de pierna","BALANCE","Ejercicio de equilibrio de hombros tipo balance. Requiere pelota.","Realizá el ejercicio con pelota enfocándote en la estabilidad de hombros. Movimientos lentos y controlados.","Hombros","Pelota",,,,"[""hombros"",""pelota"",""elevacion""]","true","2026-08-21T15:13:56.623Z"
"cmt33aqy40091ypj16n5uh2ld","Stability ball knee tuck","BALANCE","Ejercicio de equilibrio de full body tipo balance. Requiere banda.","Usá banda y mantené el balance mientras trabajás full body. Core activado en todo momento.","Full body","Banda",,,,"[""full_body"",""banda""]","true","2026-08-21T15:13:56.716Z"
"cmt33ar0t0092ypj1e35b3kfk","Row unilateral en bosu","BALANCE","Secuencia de estabilidad con bosu enfocada en piernas.","Usá bosu y mantené el balance mientras trabajás piernas. Core activado en todo momento.","Piernas","Bosu",,,,"[""piernas"",""bosu""]","true","2026-08-21T15:13:56.814Z"
"cmt33ar3u0093ypj1kgym1hlv","Lunge en bosu","BALANCE","Trabajo de propiocepción y estabilidad para glúteos con banda.","Con banda, mantené la posición estable trabajando glúteos. Enfocate en un punto fijo.","Glúteos","Banda",,,,"[""glúteos"",""banda"",""bosu""]","true","2026-08-21T15:13:56.923Z"
"cmt33ar6g0094ypj18fiysqgu","Snatch con palo","TECHNIQUE","Práctica de patrón de movimiento de full body usando peso corporal.","Con peso corporal, ejecutá el patrón de movimiento prestando atención a la forma de full body. Calidad sobre cantidad.","Full body","Peso corporal",,,,"[""full_body"",""peso_corporal"",""snatch"",""palo""]","true","2026-08-21T15:13:57.016Z"
"cmt33ar8x0095ypj11dg5sg5x","Posición de rack","TECHNIQUE","Ejercicio de perfeccionamiento técnico con barra enfocado en hombros.","Practicá el movimiento lentamente con barra, enfocándote en la técnica correcta de hombros. Sin prisa.","Hombros","Barra",,,,"[""hombros"",""barra""]","true","2026-08-21T15:13:57.106Z"
"cmt33arbh0096ypj1p3icpqhw","Técnica de salida","TECHNIQUE","Drill técnico para full body con cajón.","Realizá el drill con cajón pensando en la mecánica de full body. Grabá el patrón en tu sistema nervioso.","Full body","Cajón",,,,"[""full_body"",""cajón"",""tecnica""]","true","2026-08-21T15:13:57.197Z"
"cmt33are10097ypj1m1scnbgv","Drill de extensión","TECHNIQUE","Ejercicio de técnica de full body tipo technique. Requiere peso corporal.","Usá peso corporal y repetí el movimiento enfocándote en cada fase. Trabaja full body con conciencia corporal.","Full body","Peso corporal",,,,"[""full_body"",""peso_corporal"",""extension""]","true","2026-08-21T15:13:57.290Z"
"cmt33args0098ypj1mzyz2rkk","Peso muerto rumano con palo","TECHNIQUE","Práctica de patrón de movimiento de espalda usando banda.","Realizá el drill con banda pensando en la mecánica de espalda. Grabá el patrón en tu sistema nervioso.","Espalda","Banda",,,,"[""espalda"",""banda"",""peso_muerto"",""palo""]","true","2026-08-21T15:13:57.389Z"
"cmt33arje0099ypj1jl2hj1q0","Clean muscle clean con palo","TECHNIQUE","Drill técnico para tobillos con cajón.","Con cajón, ejecutá el patrón de movimiento prestando atención a la forma de tobillos. Calidad sobre cantidad.","Tobillos","Cajón",,,,"[""tobillos"",""cajón"",""clean"",""palo""]","true","2026-08-21T15:13:57.483Z"
"cmt33arlz009aypj10ox5k8ak","Snatch hang snatch con barra vacía","TECHNIQUE","Ejercicio de técnica de tobillos tipo technique. Requiere palo.","Usá palo y repetí el movimiento enfocándote en cada fase. Trabaja tobillos con conciencia corporal.","Tobillos","Palo",,,,"[""tobillos"",""palo"",""snatch""]","true","2026-08-21T15:13:57.575Z"
"cmt33arol009bypj1vhvbgjhm","Movilidad para press","TECHNIQUE","Práctica de patrón de movimiento de full body usando peso corporal.","Practicá el movimiento lentamente con peso corporal, enfocándote en la técnica correcta de full body. Sin prisa.","Full body","Peso corporal",,,,"[""full_body"",""peso_corporal"",""press"",""movilidad""]","true","2026-08-21T15:13:57.670Z"
"cmt33arrf009cypj1v5krjk1t","Press tempo","TECHNIQUE","Ejercicio de perfeccionamiento técnico con cajón enfocado en espalda.","Con cajón, ejecutá el patrón de movimiento prestando atención a la forma de espalda. Calidad sobre cantidad.","Espalda","Cajón",,,,"[""espalda"",""cajón"",""press""]","true","2026-08-21T15:13:57.772Z"
"cmt33aru0009dypj1ul6xm2t3","Pull high pull con barra","TECHNIQUE","Práctica de patrón de movimiento de espalda usando banda.","Practicá el movimiento lentamente con banda, enfocándote en la técnica correcta de espalda. Sin prisa.","Espalda","Banda",,,,"[""espalda"",""banda""]","true","2026-08-21T15:13:57.865Z"
"cmt33arwk009eypj1mch0j7dm","Jerk power jerk con palo","TECHNIQUE","Drill técnico para piernas con palo.","Usá palo y repetí el movimiento enfocándote en cada fase. Trabaja piernas con conciencia corporal.","Piernas","Palo",,,,"[""piernas"",""palo""]","true","2026-08-21T15:13:57.957Z"
"cmt33arz4009fypj1y9eziqx6","Sentadilla pistol","TECHNIQUE","Drill técnico para core con mancuernas.","Practicá el movimiento lentamente con mancuernas, enfocándote en la técnica correcta de core. Sin prisa.","Core","Mancuernas",,,,"[""core"",""mancuernas"",""sentadilla""]","true","2026-08-21T15:13:58.049Z"
"cmt33as1n009gypj1cbmsbkgm","Clean con barra vacía","TECHNIQUE","Ejercicio de perfeccionamiento técnico con barra enfocado en full body.","Practicá el movimiento lentamente con barra, enfocándote en la técnica correcta de full body. Sin prisa.","Full body","Barra",,,,"[""full_body"",""barra"",""clean""]","true","2026-08-21T15:13:58.139Z"
"cmt33as4e009hypj1xi2ulnza","Técnica de segundo tirón","TECHNIQUE","Ejercicio de técnica de tobillos tipo technique. Requiere cajón.","Realizá el drill con cajón pensando en la mecánica de tobillos. Grabá el patrón en tu sistema nervioso.","Tobillos","Cajón",,,,"[""tobillos"",""cajón"",""tecnica""]","true","2026-08-21T15:13:58.238Z"
"cmt33ascf009jypj1g7whwmbw","Press push jerk","TECHNIQUE","Práctica de patrón de movimiento de piernas usando barra.","Usá barra y repetí el movimiento enfocándote en cada fase. Trabaja piernas con conciencia corporal.","Piernas","Barra",,,,"[""piernas"",""barra"",""press""]","true","2026-08-21T15:13:58.528Z"
"cmt33asff009kypj1eweej6th","Posición de overhead","TECHNIQUE","Práctica de patrón de movimiento de espalda usando banda.","Con banda, ejecutá el patrón de movimiento prestando atención a la forma de espalda. Calidad sobre cantidad.","Espalda","Banda",,,,"[""espalda"",""banda""]","true","2026-08-21T15:13:58.636Z"
"cmt33asi2009lypj1kbxejpeq","Sentadilla sumo con palo","TECHNIQUE","Drill técnico para hombros con cajón.","Realizá el drill con cajón pensando en la mecánica de hombros. Grabá el patrón en tu sistema nervioso.","Hombros","Cajón",,,,"[""hombros"",""cajón"",""sentadilla"",""palo""]","true","2026-08-21T15:13:58.731Z"
"cmt33askl009mypj1eao29x5d","Press con barra vacía","TECHNIQUE","Práctica de patrón de movimiento de tobillos usando mancuernas.","Realizá el drill con mancuernas pensando en la mecánica de tobillos. Grabá el patrón en tu sistema nervioso.","Tobillos","Mancuernas",,,,"[""tobillos"",""mancuernas"",""press""]","true","2026-08-21T15:13:58.822Z"
"cmt33asn5009nypj11roc688m","Clean hang clean con palo","TECHNIQUE","Drill técnico para hombros con cajón.","Con cajón, ejecutá el patrón de movimiento prestando atención a la forma de hombros. Calidad sobre cantidad.","Hombros","Cajón",,,,"[""hombros"",""cajón"",""clean"",""palo""]","true","2026-08-21T15:13:58.914Z"
"cmt33aspq009oypj1400hak3w","Drill de overhead","TECHNIQUE","Drill técnico para core con palo.","Con palo, ejecutá el patrón de movimiento prestando atención a la forma de core. Calidad sobre cantidad.","Core","Palo",,,,"[""core"",""palo""]","true","2026-08-21T15:13:59.007Z"
"cmt33assc009pypj1z7xno2yz","Técnica de arranque","TECHNIQUE","Práctica de patrón de movimiento de cadera usando banda.","Practicá el movimiento lentamente con banda, enfocándote en la técnica correcta de cadera. Sin prisa.","Cadera","Banda",,,,"[""cadera"",""banda"",""tecnica""]","true","2026-08-21T15:13:59.100Z"
"cmt33asux009qypj1r111ydgm","Sentadilla box","TECHNIQUE","Ejercicio de técnica de tobillos tipo technique. Requiere cajón.","Usá cajón y repetí el movimiento enfocándote en cada fase. Trabaja tobillos con conciencia corporal.","Tobillos","Cajón",,,,"[""tobillos"",""cajón"",""sentadilla"",""box""]","true","2026-08-21T15:13:59.194Z"
"cmt33asxp009rypj1owms9xjs","Sentadilla tempo","TECHNIQUE","Drill técnico para piernas con barra.","Realizá el drill con barra pensando en la mecánica de piernas. Grabá el patrón en tu sistema nervioso.","Piernas","Barra",,,,"[""piernas"",""barra"",""sentadilla""]","true","2026-08-21T15:13:59.294Z"
"cmt33at0e009sypj1gc7pl760","Pull clean pull con mancuerna","TECHNIQUE","Ejercicio de técnica de full body tipo technique. Requiere cajón.","Practicá el movimiento lentamente con cajón, enfocándote en la técnica correcta de full body. Sin prisa.","Full body","Cajón",,,,"[""full_body"",""cajón"",""clean""]","true","2026-08-21T15:13:59.391Z"
"cmt33at2v009typj1zhx0mqw5","Pull clean pull con barra","TECHNIQUE","Práctica de patrón de movimiento de core usando palo.","Practicá el movimiento lentamente con palo, enfocándote en la técnica correcta de core. Sin prisa.","Core","Palo",,,,"[""core"",""palo"",""clean""]","true","2026-08-21T15:13:59.480Z"
"cmt33at5h009uypj15czknbzk","Pull snatch pull con barra","TECHNIQUE","Drill técnico para cadera con barra.","Practicá el movimiento lentamente con barra, enfocándote en la técnica correcta de cadera. Sin prisa.","Cadera","Barra",,,,"[""cadera"",""barra"",""snatch""]","true","2026-08-21T15:13:59.573Z"
"cmt33at84009vypj1482n2dxd","Movilidad para deadlift","TECHNIQUE","Práctica de patrón de movimiento de core usando peso corporal.","Usá peso corporal y repetí el movimiento enfocándote en cada fase. Trabaja core con conciencia corporal.","Core","Peso corporal",,,,"[""core"",""peso_corporal"",""movilidad""]","true","2026-08-21T15:13:59.668Z"
"cmt33atar009wypj1z31vm27l","Drill de recepción","TECHNIQUE","Práctica de patrón de movimiento de full body usando mancuernas.","Con mancuernas, ejecutá el patrón de movimiento prestando atención a la forma de full body. Calidad sobre cantidad.","Full body","Mancuernas",,,,"[""full_body"",""mancuernas""]","true","2026-08-21T15:13:59.763Z"
"cmt33atdd009xypj1zkxogtzk","Movilidad para squat","TECHNIQUE","Drill técnico para full body con barra.","Realizá el drill con barra pensando en la mecánica de full body. Grabá el patrón en tu sistema nervioso.","Full body","Barra",,,,"[""full_body"",""barra"",""movilidad""]","true","2026-08-21T15:13:59.857Z"
"cmt33atfy009yypj1kjg823gm","Drill de split","TECHNIQUE","Ejercicio de técnica de cadera tipo technique. Requiere peso corporal.","Realizá el drill con peso corporal pensando en la mecánica de cadera. Grabá el patrón en tu sistema nervioso.","Cadera","Peso corporal",,,,"[""cadera"",""peso_corporal""]","true","2026-08-21T15:13:59.951Z"
"cmt33atj1009zypj1l7z0j9m2","Press con mancuerna","TECHNIQUE","Práctica de patrón de movimiento de full body usando cajón.","Practicá el movimiento lentamente con cajón, enfocándote en la técnica correcta de full body. Sin prisa.","Full body","Cajón",,,,"[""full_body"",""cajón"",""press""]","true","2026-08-21T15:14:00.061Z"
"cmt33atlx00a0ypj1qs2r2tah","Dinámico estiramiento de espalda","WARMUP","Rutina de preparación con fitball enfocada en full body.","Con fitball, ejecutá el movimiento de forma dinámica activando full body. Sin llegar al fallo.","Full body","Fitball",,,,"[""full_body"",""fitball"",""estiramiento""]","true","2026-08-21T15:14:00.165Z"
"cmt33atoi00a1ypj1u3hqmfrc","Marcha con balanceo de brazos","WARMUP","Activación y preparación de cadera con bosu.","Con bosu, ejecutá el movimiento de forma dinámica activando cadera. Sin llegar al fallo.","Cadera","Bosu",,,,"[""cadera"",""bosu"",""equilibrio""]","true","2026-08-21T15:14:00.259Z"
"cmt33atr500a2ypj1fe20lwcr","Dinámico swing de brazos","WARMUP","Rutina de preparación con banda enfocada en glúteos.","Usá banda y movete de forma controlada calentando glúteos. Aumentá progresivamente la amplitud.","Glúteos","Banda",,,,"[""glúteos"",""banda"",""swing""]","true","2026-08-21T15:14:00.354Z"
"cmt33attu00a3ypj1uwpircdn","Calentamiento general de 5 minutos","WARMUP","Activación y preparación de full body con banda.","Con banda, ejecutá el movimiento de forma dinámica activando full body. Sin llegar al fallo.","Full body","Banda",,,,"[""full_body"",""banda"",""calentamiento""]","true","2026-08-21T15:14:00.451Z"
"cmt33atwh00a4ypj1s366c9h1","Movilidad de cadera dinámica","WARMUP","Activación y preparación de full body con cajón.","Realizá el ejercicio a ritmo moderado con cajón, preparando full body para el entrenamiento principal.","Full body","Cajón",,,,"[""full_body"",""cajón"",""movilidad""]","true","2026-08-21T15:14:00.545Z"
"cmt33atz300a5ypj147bwmn2k","Cardio ligero de 5 minutos","WARMUP","Rutina de preparación con banda enfocada en cadera.","Realizá el ejercicio a ritmo moderado con banda, preparando cadera para el entrenamiento principal.","Cadera","Banda",,,,"[""cadera"",""banda"",""cardio""]","true","2026-08-21T15:14:00.639Z"
"cmt33au1y00a6ypj169nekaxu","Activación de glúteos con banda","WARMUP","Rutina de preparación con palo enfocada en full body.","Con palo, ejecutá el movimiento de forma dinámica activando full body. Sin llegar al fallo.","Full body","Palo",,,,"[""full_body"",""palo"",""activacion""]","true","2026-08-21T15:14:00.743Z"
"cmt33au4p00a7ypj1ytr3rv74","Calentamiento de marcha en el lugar","WARMUP","Ejercicio de entrada en calor de hombros usando fitball.","Con fitball, ejecutá el movimiento de forma dinámica activando hombros. Sin llegar al fallo.","Hombros","Fitball",,,,"[""hombros"",""fitball"",""calentamiento""]","true","2026-08-21T15:14:00.842Z"
"cmt33au7a00a8ypj1kdcu57o7","Apertura de pecho en pared","WARMUP","Ejercicio de entrada en calor de glúteos usando bosu.","Usá bosu y movete de forma controlada calentando glúteos. Aumentá progresivamente la amplitud.","Glúteos","Bosu",,,,"[""glúteos"",""bosu""]","true","2026-08-21T15:14:00.934Z"
"cmt33au9w00a9ypj1x7beo7x6","Marcha lateral","WARMUP","Activación y preparación de full body con fitball.","Con fitball, realizá el ejercicio como preparación de full body. Mantené el ritmo constante.","Full body","Fitball",,,,"[""full_body"",""fitball""]","true","2026-08-21T15:14:01.029Z"
"cmt33auck00aaypj1bzqut2ok","Prep neural de reacción","WARMUP","Ejercicio de calentamiento de full body tipo warmup. Requiere palo.","Con palo, ejecutá el movimiento de forma dinámica activando full body. Sin llegar al fallo.","Full body","Palo",,,,"[""full_body"",""palo""]","true","2026-08-21T15:14:01.124Z"
"cmt33auf700abypj14mr8vyey","Apertura de tobillos","WARMUP","Ejercicio de calentamiento de full body tipo warmup. Requiere peso corporal.","Realizá el ejercicio a ritmo moderado con peso corporal, preparando full body para el entrenamiento principal.","Full body","Peso corporal",,,,"[""full_body"",""peso_corporal""]","true","2026-08-21T15:14:01.219Z"
"cmt33auht00acypj1gqh8akc8","Movilidad de espalda dinámica","WARMUP","Ejercicio de calentamiento de core tipo warmup. Requiere palo.","Con palo, ejecutá el movimiento de forma dinámica activando core. Sin llegar al fallo.","Core","Palo",,,,"[""core"",""palo"",""movilidad""]","true","2026-08-21T15:14:01.314Z"
"cmt33aukj00adypj1zu7vadli","Apertura torácica con palo","WARMUP","Ejercicio de calentamiento de full body tipo warmup. Requiere palo.","Usá palo y movete de forma controlada calentando full body. Aumentá progresivamente la amplitud.","Full body","Palo",,,,"[""full_body"",""palo""]","true","2026-08-21T15:14:01.411Z"
"cmt33aun400aeypj1lgs2glrm","Dinámico círculos de hombros","WARMUP","Ejercicio de entrada en calor de tobillos usando fitball.","Con fitball, realizá el ejercicio como preparación de tobillos. Mantené el ritmo constante.","Tobillos","Fitball",,,,"[""tobillos"",""fitball""]","true","2026-08-21T15:14:01.504Z"
"cmt33aupp00afypj11164qg2a","Activación de pantorrilla","WARMUP","Rutina de preparación con bosu enfocada en hombros.","Con bosu, ejecutá el movimiento de forma dinámica activando hombros. Sin llegar al fallo.","Hombros","Bosu",,,,"[""hombros"",""bosu"",""activacion""]","true","2026-08-21T15:14:01.598Z"
"cmt33ausa00agypj1ysd3tq93","Movilidad de hombros dinámica","WARMUP","Activación y preparación de hombros con fitball.","Usá fitball y movete de forma controlada calentando hombros. Aumentá progresivamente la amplitud.","Hombros","Fitball",,,,"[""hombros"",""fitball"",""movilidad""]","true","2026-08-21T15:14:01.691Z"
"cmt33auuy00ahypj182brj5zp","Flow de yoga","WARMUP","Rutina de preparación con cajón enfocada en core.","Usá cajón y movete de forma controlada calentando core. Aumentá progresivamente la amplitud.","Core","Cajón",,,,"[""core"",""cajón""]","true","2026-08-21T15:14:01.786Z"
"cmt33auxp00aiypj1xgj1o8uc","Cardio ligero de 3 minutos","WARMUP","Rutina de preparación con palo enfocada en cadera.","Con palo, ejecutá el movimiento de forma dinámica activando cadera. Sin llegar al fallo.","Cadera","Palo",,,,"[""cadera"",""palo"",""cardio""]","true","2026-08-21T15:14:01.885Z"
"cmt33av0b00ajypj1h9twm0zu","Calentamiento de high knees lateral","WARMUP","Ejercicio de calentamiento de hombros tipo warmup. Requiere fitball.","Realizá el ejercicio a ritmo moderado con fitball, preparando hombros para el entrenamiento principal.","Hombros","Fitball",,,,"[""hombros"",""fitball"",""calentamiento""]","true","2026-08-21T15:14:01.979Z"
"cmt33av2u00akypj1bxqmnb9l","Prep de articulaciones","WARMUP","Rutina de preparación con bosu enfocada en muñecas.","Usá bosu y movete de forma controlada calentando muñecas. Aumentá progresivamente la amplitud.","Muñecas","Bosu",,,,"[""muñecas"",""bosu""]","true","2026-08-21T15:14:02.070Z"
"cmt33av5k00alypj1uyg70h5g","Circulación de tobillos","WARMUP","Activación y preparación de muñecas con banda.","Con banda, ejecutá el movimiento de forma dinámica activando muñecas. Sin llegar al fallo.","Muñecas","Banda",,,,"[""muñecas"",""banda""]","true","2026-08-21T15:14:02.168Z"
"cmt33av8000amypj1n146ancw","Activación de rotadores externos","WARMUP","Rutina de preparación con bosu enfocada en full body.","Usá bosu y movete de forma controlada calentando full body. Aumentá progresivamente la amplitud.","Full body","Bosu",,,,"[""full_body"",""bosu"",""activacion""]","true","2026-08-21T15:14:02.257Z"
"cmt33avao00anypj19u60g4lu","Cardio moderado de 3 minutos","WARMUP","Ejercicio de entrada en calor de piernas usando cajón.","Realizá el ejercicio a ritmo moderado con cajón, preparando piernas para el entrenamiento principal.","Piernas","Cajón",,,,"[""piernas"",""cajón"",""cardio""]","true","2026-08-21T15:14:02.352Z"
"cmt33avda00aoypj1sp9fh33d","Marcha con rotación","WARMUP","Activación y preparación de pecho con fitball.","Con fitball, ejecutá el movimiento de forma dinámica activando pecho. Sin llegar al fallo.","Pecho","Fitball",,,,"[""pecho"",""fitball"",""rotacion""]","true","2026-08-21T15:14:02.446Z"
"cmt33avfw00apypj1pewjwg60","Marcha con extensión de pierna","WARMUP","Ejercicio de calentamiento de cadera tipo warmup. Requiere peso corporal.","Con peso corporal, ejecutá el movimiento de forma dinámica activando cadera. Sin llegar al fallo.","Cadera","Peso corporal",,,,"[""cadera"",""peso_corporal"",""extension""]","true","2026-08-21T15:14:02.541Z"
"cmt33avii00aqypj10xuafpw5","Prep de sistema nervioso","WARMUP","Ejercicio de calentamiento de hombros tipo warmup. Requiere palo.","Realizá el ejercicio a ritmo moderado con palo, preparando hombros para el entrenamiento principal.","Hombros","Palo",,,,"[""hombros"",""palo""]","true","2026-08-21T15:14:02.634Z"
"cmt33avl100arypj1qyowa4p8","Circulación de brazos","WARMUP","Rutina de preparación con fitball enfocada en cuello.","Con fitball, realizá el ejercicio como preparación de cuello. Mantené el ritmo constante.","Cuello","Fitball",,,,"[""cuello"",""fitball""]","true","2026-08-21T15:14:02.726Z"
"cmt33avqa00asypj14odo951n","Flow de animal walk","WARMUP","Ejercicio de entrada en calor de glúteos usando peso corporal.","Realizá el ejercicio a ritmo moderado con peso corporal, preparando glúteos para el entrenamiento principal.","Glúteos","Peso corporal",,,,"[""glúteos"",""peso_corporal""]","true","2026-08-21T15:14:02.914Z"
"cmt33avsu00atypj1kad7lj5w","Prep neural de saltos","WARMUP","Rutina de preparación con peso corporal enfocada en hombros.","Usá peso corporal y movete de forma controlada calentando hombros. Aumentá progresivamente la amplitud.","Hombros","Peso corporal",,,,"[""hombros"",""peso_corporal""]","true","2026-08-21T15:14:03.007Z"
"cmt33avvh00auypj1b4u6ot4y","Movilidad articular general","WARMUP","Ejercicio de entrada en calor de glúteos usando banda.","Realizá el ejercicio a ritmo moderado con banda, preparando glúteos para el entrenamiento principal.","Glúteos","Banda",,,,"[""glúteos"",""banda"",""movilidad""]","true","2026-08-21T15:14:03.102Z"
"cmt33avya00avypj1262y7pyy","Dinámico estiramiento de cadera","WARMUP","Ejercicio de calentamiento de glúteos tipo warmup. Requiere peso corporal.","Con peso corporal, realizá el ejercicio como preparación de glúteos. Mantené el ritmo constante.","Glúteos","Peso corporal",,,,"[""glúteos"",""peso_corporal"",""estiramiento""]","true","2026-08-21T15:14:03.203Z"
"cmt33aw1600awypj1yll6k03t","Circulación general","WARMUP","Activación y preparación de espalda con banda.","Con banda, ejecutá el movimiento de forma dinámica activando espalda. Sin llegar al fallo.","Espalda","Banda",,,,"[""espalda"",""banda""]","true","2026-08-21T15:14:03.306Z"
"cmt33aw4t00axypj13qeualxk","Movilidad de muñecas dinámica","WARMUP","Ejercicio de calentamiento de glúteos tipo warmup. Requiere peso corporal.","Con peso corporal, ejecutá el movimiento de forma dinámica activando glúteos. Sin llegar al fallo.","Glúteos","Peso corporal",,,,"[""glúteos"",""peso_corporal"",""movilidad""]","true","2026-08-21T15:14:03.437Z"
"cmt33awb800ayypj1et6llyc5","Prep neural de sprint","WARMUP","Ejercicio de entrada en calor de piernas usando palo.","Usá palo y movete de forma controlada calentando piernas. Aumentá progresivamente la amplitud.","Piernas","Palo",,,,"[""piernas"",""palo"",""sprint""]","true","2026-08-21T15:14:03.668Z"
"cmt33awdr00azypj1l006wxo2","Calentamiento de skipping bajo","WARMUP","Activación y preparación de pecho con banda.","Usá banda y movete de forma controlada calentando pecho. Aumentá progresivamente la amplitud.","Pecho","Banda",,,,"[""pecho"",""banda"",""calentamiento""]","true","2026-08-21T15:14:03.759Z"
"cmt33awgc00b0ypj1gehrftto","Circulación de cuello","WARMUP","Ejercicio de calentamiento de piernas tipo warmup. Requiere fitball.","Realizá el ejercicio a ritmo moderado con fitball, preparando piernas para el entrenamiento principal.","Piernas","Fitball",,,,"[""piernas"",""fitball""]","true","2026-08-21T15:14:03.852Z"
"cmt33awj100b1ypj1j73h2c9b","Marcha con elevación de rodilla","WARMUP","Ejercicio de calentamiento de piernas tipo warmup. Requiere bosu.","Realizá el ejercicio a ritmo moderado con bosu, preparando piernas para el entrenamiento principal.","Piernas","Bosu",,,,"[""piernas"",""bosu"",""elevacion""]","true","2026-08-21T15:14:03.950Z"
"cmt33awlm00b2ypj15yimf3cj","Calentamiento de butt kicks","WARMUP","Ejercicio de calentamiento de glúteos tipo warmup. Requiere fitball.","Realizá el ejercicio a ritmo moderado con fitball, preparando glúteos para el entrenamiento principal.","Glúteos","Fitball",,,,"[""glúteos"",""fitball"",""calentamiento""]","true","2026-08-21T15:14:04.043Z"
"cmt33awo700b3ypj1pssnnloz","Activación de abductores","WARMUP","Ejercicio de calentamiento de full body tipo warmup. Requiere palo.","Con palo, realizá el ejercicio como preparación de full body. Mantené el ritmo constante.","Full body","Palo",,,,"[""full_body"",""palo"",""activacion""]","true","2026-08-21T15:14:04.136Z"
"cmt33awqs00b4ypj1enwyvpcs","Respiración ujjayi","COOLDOWN","Rutina de enfriamiento con palo enfocada en hombros.","Con palo, realizá el ejercicio de forma pausada. Enfocate en la sensación de hombros relajándose.","Hombros","Palo",,,,"[""hombros"",""palo"",""respiracion""]","true","2026-08-21T15:14:04.229Z"
"cmt33awth00b5ypj14dcquw3e","Respiración de fuego","COOLDOWN","Ejercicio de vuelta a la calma de cuello tipo cooldown. Requiere foam roller.","Con foam roller, realizá el ejercicio de forma pausada. Enfocate en la sensación de cuello relajándose.","Cuello","Foam roller",,,,"[""cuello"",""foam_roller"",""respiracion""]","true","2026-08-21T15:14:04.325Z"
"cmt33aww300b6ypj1j5m49yh0","Meditación guiada de 10 minutos","COOLDOWN","Trabajo de recuperación para core con banda.","Usá banda y relajá core completamente. Dejá que la tensión se disipe con cada exhalación.","Core","Banda",,,,"[""core"",""banda"",""meditacion""]","true","2026-08-21T15:14:04.419Z"
"cmt33awyl00b7ypj13vh6c87y","Masaje automasaje de espalda","COOLDOWN","Ejercicio de relajación de mental usando fitball.","Con fitball, ejecutá el movimiento suavemente enfocándote en la recuperación de mental. Respirá profundo.","Mental","Fitball",,,,"[""mental"",""fitball""]","true","2026-08-21T15:14:04.509Z"
"cmt33ax1400b8ypj1qvs7mf85","Respiración cuadrada","COOLDOWN","Trabajo de recuperación para full body con palo.","Realizá el ejercicio de forma relajada con palo, permitiendo que full body se recupere del entrenamiento.","Full body","Palo",,,,"[""full_body"",""palo"",""respiracion""]","true","2026-08-21T15:14:04.600Z"
"cmt33ax3m00b9ypj18kf30k7s","Postura de recuperación fetal","COOLDOWN","Trabajo de recuperación para hombros con fitball.","Con fitball, realizá el ejercicio de forma pausada. Enfocate en la sensación de hombros relajándose.","Hombros","Fitball",,,,"[""hombros"",""fitball""]","true","2026-08-21T15:14:04.690Z"
"cmt33akt4006rypj1z960uabd","Relajación progresiva de cuello","STRETCHING","Ejercicio de vuelta a la calma de mental tipo cooldown. Requiere peso corporal.","Con peso corporal, realizá el ejercicio de forma pausada. Enfocate en la sensación de mental relajándose.","Mental","Peso corporal",,,,"[""mental"",""peso_corporal"",""relajacion""]","true","2026-08-21T15:13:48.760Z"
"cmt33ax8o00baypj1xj3sxj64","Foam roller de pantorrilla","COOLDOWN","Ejercicio de relajación de hombros usando banda.","Con banda, realizá el ejercicio de forma pausada. Enfocate en la sensación de hombros relajándose.","Hombros","Banda",,,,"[""hombros"",""banda"",""foam_roller""]","true","2026-08-21T15:14:04.872Z"
"cmt33axbc00bbypj1etdyapfo","Postura de recuperación con piernas en pared","COOLDOWN","Rutina de enfriamiento con palo enfocada en core.","Con palo, realizá el ejercicio de forma pausada. Enfocate en la sensación de core relajándose.","Core","Palo",,,,"[""core"",""palo""]","true","2026-08-21T15:14:04.968Z"
"cmt33axdz00bcypj1ijywnp09","Movilidad suave de tobillos","COOLDOWN","Rutina de enfriamiento con pelota enfocada en cuello.","Realizá el ejercicio de forma relajada con pelota, permitiendo que cuello se recupere del entrenamiento.","Cuello","Pelota",,,,"[""cuello"",""pelota"",""movilidad""]","true","2026-08-21T15:14:05.063Z"
"cmt33axgn00bdypj1x6xu8w16","Estiramiento pasivo de hombros","COOLDOWN","Ejercicio de relajación de espalda usando peso corporal.","Con peso corporal, realizá el ejercicio de forma pausada. Enfocate en la sensación de espalda relajándose.","Espalda","Peso corporal",,,,"[""espalda"",""peso_corporal"",""estiramiento""]","true","2026-08-21T15:14:05.159Z"
"cmt33axj700beypj1mbqoeub4","Relajación progresiva completa","COOLDOWN","Ejercicio de vuelta a la calma de cuello tipo cooldown. Requiere pelota.","Realizá el ejercicio de forma relajada con pelota, permitiendo que cuello se recupere del entrenamiento.","Cuello","Pelota",,,,"[""cuello"",""pelota"",""relajacion""]","true","2026-08-21T15:14:05.252Z"
"cmt33axly00bfypj1obi30rf8","Foam roller de piernas","COOLDOWN","Ejercicio de vuelta a la calma de cadera tipo cooldown. Requiere palo.","Usá palo y relajá cadera completamente. Dejá que la tensión se disipe con cada exhalación.","Cadera","Palo",,,,"[""cadera"",""palo"",""foam_roller""]","true","2026-08-21T15:14:05.350Z"
"cmt33axol00bgypj1naxk9pjc","Masaje automasaje de piernas","COOLDOWN","Ejercicio de vuelta a la calma de espalda tipo cooldown. Requiere banda.","Con banda, realizá el ejercicio de forma pausada. Enfocate en la sensación de espalda relajándose.","Espalda","Banda",,,,"[""espalda"",""banda""]","true","2026-08-21T15:14:05.446Z"
"cmt33axra00bhypj180ntflwl","Foam roller de lats","COOLDOWN","Ejercicio de vuelta a la calma de mental tipo cooldown. Requiere pelota.","Con pelota, realizá el ejercicio de forma pausada. Enfocate en la sensación de mental relajándose.","Mental","Pelota",,,,"[""mental"",""pelota"",""foam_roller""]","true","2026-08-21T15:14:05.542Z"
"cmt33axtt00biypj1dv52ni5p","Estiramiento pasivo de espalda","COOLDOWN","Trabajo de recuperación para espalda con foam roller.","Con foam roller, realizá el ejercicio de forma pausada. Enfocate en la sensación de espalda relajándose.","Espalda","Foam roller",,,,"[""espalda"",""foam_roller"",""estiramiento""]","true","2026-08-21T15:14:05.633Z"
"cmt33axwm00bjypj13uew7vbw","Yoga restaurativo completo","COOLDOWN","Rutina de enfriamiento con palo enfocada en cadera.","Realizá el ejercicio de forma relajada con palo, permitiendo que cadera se recupere del entrenamiento.","Cadera","Palo",,,,"[""cadera"",""palo""]","true","2026-08-21T15:14:05.735Z"
"cmt33axz800bkypj1c9p2jxl8","Postura de recuperación supina","COOLDOWN","Ejercicio de relajación de pantorrilla usando peso corporal.","Con peso corporal, realizá el ejercicio de forma pausada. Enfocate en la sensación de pantorrilla relajándose.","Pantorrilla","Peso corporal",,,,"[""pantorrilla"",""peso_corporal""]","true","2026-08-21T15:14:05.828Z"
"cmt33ay1u00blypj1zlr87mkp","Estiramiento pasivo de pecho","COOLDOWN","Trabajo de recuperación para pantorrilla con banda.","Con banda, ejecutá el movimiento suavemente enfocándote en la recuperación de pantorrilla. Respirá profundo.","Pantorrilla","Banda",,,,"[""pantorrilla"",""banda"",""estiramiento""]","true","2026-08-21T15:14:05.922Z"
"cmt33ay4f00bmypj1b61aw8aw","Yoga restaurativo de espalda","COOLDOWN","Rutina de enfriamiento con banda enfocada en core.","Usá banda y relajá core completamente. Dejá que la tensión se disipe con cada exhalación.","Core","Banda",,,,"[""core"",""banda""]","true","2026-08-21T15:14:06.015Z"
"cmt33ay7300bnypj1a0nm0h54","Meditación de escaneo corporal","COOLDOWN","Trabajo de recuperación para hombros con peso corporal.","Realizá el ejercicio de forma relajada con peso corporal, permitiendo que hombros se recupere del entrenamiento.","Hombros","Peso corporal",,,,"[""hombros"",""peso_corporal"",""meditacion""]","true","2026-08-21T15:14:06.111Z"
"cmt33ay9p00boypj19kflutgm","Estiramiento pasivo de cuello","COOLDOWN","Ejercicio de relajación de pantorrilla usando fitball.","Con fitball, ejecutá el movimiento suavemente enfocándote en la recuperación de pantorrilla. Respirá profundo.","Pantorrilla","Fitball",,,,"[""pantorrilla"",""fitball"",""estiramiento""]","true","2026-08-21T15:14:06.205Z"
"cmt33ayc900bpypj1malfrp6f","Masaje con pelota de espalda","COOLDOWN","Ejercicio de relajación de mental usando pelota.","Con pelota, ejecutá el movimiento suavemente enfocándote en la recuperación de mental. Respirá profundo.","Mental","Pelota",,,,"[""mental"",""pelota""]","true","2026-08-21T15:14:06.298Z"
"cmt33ayf000bqypj1apq1eheu","Respiración alternada","COOLDOWN","Rutina de enfriamiento con banda enfocada en pantorrilla.","Usá banda y relajá pantorrilla completamente. Dejá que la tensión se disipe con cada exhalación.","Pantorrilla","Banda",,,,"[""pantorrilla"",""banda"",""respiracion""]","true","2026-08-21T15:14:06.396Z"
"cmt33ayhq00brypj1nzb22dd7","Caminata lenta de recuperación","COOLDOWN","Ejercicio de relajación de espalda usando palo.","Con palo, ejecutá el movimiento suavemente enfocándote en la recuperación de espalda. Respirá profundo.","Espalda","Palo",,,,"[""espalda"",""palo""]","true","2026-08-21T15:14:06.494Z"
"cmt33ayka00bsypj1h1gjzf2g","Estiramiento pasivo completo","COOLDOWN","Ejercicio de relajación de full body usando palo.","Usá palo y relajá full body completamente. Dejá que la tensión se disipe con cada exhalación.","Full body","Palo",,,,"[""full_body"",""palo"",""estiramiento""]","true","2026-08-21T15:14:06.586Z"
"cmt33aymz00btypj1t92291rs","Movilidad suave de espalda","COOLDOWN","Trabajo de recuperación para full body con foam roller.","Usá foam roller y relajá full body completamente. Dejá que la tensión se disipe con cada exhalación.","Full body","Foam roller",,,,"[""full_body"",""foam_roller"",""movilidad""]","true","2026-08-21T15:14:06.684Z"
"cmt33aypn00buypj1kq5cxxmy","Movilidad suave de cadera","COOLDOWN","Trabajo de recuperación para cuello con fitball.","Con fitball, realizá el ejercicio de forma pausada. Enfocate en la sensación de cuello relajándose.","Cuello","Fitball",,,,"[""cuello"",""fitball"",""movilidad""]","true","2026-08-21T15:14:06.780Z"
"cmt33aysb00bvypj1oiul9jf4","Relajación de mandíbula","COOLDOWN","Rutina de enfriamiento con peso corporal enfocada en mental.","Realizá el ejercicio de forma relajada con peso corporal, permitiendo que mental se recupere del entrenamiento.","Mental","Peso corporal",,,,"[""mental"",""peso_corporal"",""relajacion""]","true","2026-08-21T15:14:06.876Z"
"cmt33ayuu00bwypj1xj43s0a4","Movilidad de nervio ulnar","OTHER","Ejercicio de prehab/rehab de piso pélvico usando pelota.","Usá pelota y mantené la concentración en piso pélvico. La calidad del movimiento es lo importante.","Piso pélvico","Pelota",,,,"[""piso_pélvico"",""pelota"",""movilidad""]","true","2026-08-21T15:14:06.967Z"
"cmt33ayxc00bxypj1yrvpx2km","Recuperación con compresión","OTHER","Trabajo de soporte para piernas con fitball.","Con fitball, realizá el ejercicio de forma pausada. Conectá con piernas y sentí cada parte del movimiento.","Piernas","Fitball",,,,"[""piernas"",""fitball""]","true","2026-08-21T15:14:07.057Z"
"cmt33ayzz00byypj19jxa9c3z","Conciencia corporal general","OTHER","Trabajo de soporte para piso pélvico con palo.","Con palo, realizá el ejercicio de forma pausada. Conectá con piso pélvico y sentí cada parte del movimiento.","Piso pélvico","Palo",,,,"[""piso_pélvico"",""palo""]","true","2026-08-21T15:14:07.151Z"
"cmt33az2q00bzypj15xegi6qr","Trabajo de respiración diafragmática","OTHER","Actividad complementaria con pelota enfocada en pecho.","Usá pelota y mantené la concentración en pecho. La calidad del movimiento es lo importante.","Pecho","Pelota",,,,"[""pecho"",""pelota"",""respiracion""]","true","2026-08-21T15:14:07.251Z"
"cmt33az6e00c0ypj1p81vq8v9","Recuperación con elevación","OTHER","Ejercicio de prehab/rehab de cuello usando fitball.","Con fitball, realizá el ejercicio de forma pausada. Conectá con cuello y sentí cada parte del movimiento.","Cuello","Fitball",,,,"[""cuello"",""fitball"",""elevacion""]","true","2026-08-21T15:14:07.382Z"
"cmt33az8y00c1ypj1r4lm44eq","Prehab de tobillos","OTHER","Ejercicio de prehab/rehab de espalda usando foam roller.","Usá foam roller y mantené la concentración en espalda. La calidad del movimiento es lo importante.","Espalda","Foam roller",,,,"[""espalda"",""foam_roller"",""prehab"",""rehab""]","true","2026-08-21T15:14:07.474Z"
"cmt33azbm00c2ypj1je8km33e","Prehab de cadera con banda","OTHER","Actividad complementaria con pelota enfocada en espalda.","Con pelota, ejecutá el movimiento con atención plena trabajando espalda. No es fuerza, es conexión.","Espalda","Pelota",,,,"[""espalda"",""pelota"",""prehab"",""rehab""]","true","2026-08-21T15:14:07.571Z"
"cmt33aze900c3ypj10x3ossu0","Mindfulness de enfoque","OTHER","Ejercicio complementario de full body tipo other. Requiere fitball.","Con fitball, ejecutá el movimiento con atención plena trabajando full body. No es fuerza, es conexión.","Full body","Fitball",,,,"[""full_body"",""fitball""]","true","2026-08-21T15:14:07.666Z"
"cmt33azgy00c4ypj1pkqhc3iv","Movilidad de nervio ciático","OTHER","Ejercicio complementario de piso pélvico tipo other. Requiere peso corporal.","Con peso corporal, realizá el ejercicio de forma pausada. Conectá con piso pélvico y sentí cada parte del movimiento.","Piso pélvico","Peso corporal",,,,"[""piso_pélvico"",""peso_corporal"",""movilidad""]","true","2026-08-21T15:14:07.763Z"
"cmt33azjf00c5ypj11saf1s7i","Mindfulness de escaneo corporal","OTHER","Ejercicio complementario de cuello tipo other. Requiere peso corporal.","Con peso corporal, realizá el ejercicio de forma pausada. Conectá con cuello y sentí cada parte del movimiento.","Cuello","Peso corporal",,,,"[""cuello"",""peso_corporal""]","true","2026-08-21T15:14:07.851Z"
"cmt33azlx00c6ypj125vixbgy","Rehab de espalda baja","OTHER","Ejercicio complementario de glúteos tipo other. Requiere pelota.","Con pelota, realizá el ejercicio de forma pausada. Conectá con glúteos y sentí cada parte del movimiento.","Glúteos","Pelota",,,,"[""glúteos"",""pelota"",""rehab""]","true","2026-08-21T15:14:07.942Z"
"cmt33azoi00c7ypj13t668z5s","Masaje automasaje de fascia","OTHER","Actividad complementaria con peso corporal enfocada en cuello.","Usá peso corporal y mantené la concentración en cuello. La calidad del movimiento es lo importante.","Cuello","Peso corporal",,,,"[""cuello"",""peso_corporal""]","true","2026-08-21T15:14:08.035Z"
"cmt33azr400c8ypj1rkdxlsr7","Técnica de levantar objetos","OTHER","Actividad complementaria con foam roller enfocada en espalda.","Con foam roller, ejecutá el movimiento con atención plena trabajando espalda. No es fuerza, es conexión.","Espalda","Foam roller",,,,"[""espalda"",""foam_roller"",""tecnica""]","true","2026-08-21T15:14:08.128Z"
"cmt33aztp00c9ypj1t9p2pz80","Masaje automasaje con pelota de tenis","OTHER","Ejercicio complementario de core tipo other. Requiere peso corporal.","Usá peso corporal y mantené la concentración en core. La calidad del movimiento es lo importante.","Core","Peso corporal",,,,"[""core"",""peso_corporal""]","true","2026-08-21T15:14:08.222Z"
"cmt33azw700caypj1p6a2r46k","Activación de core profundo","OTHER","Trabajo de soporte para glúteos con fitball.","Con fitball, ejecutá el movimiento con atención plena trabajando glúteos. No es fuerza, es conexión.","Glúteos","Fitball",,,,"[""glúteos"",""fitball"",""activacion""]","true","2026-08-21T15:14:08.311Z"
"cmt33azyq00cbypj1qlhurqm9","Conciencia de core","OTHER","Actividad complementaria con pelota enfocada en full body.","Realizá el ejercicio con pelota de forma consciente, enfocándote en la sensación de full body.","Full body","Pelota",,,,"[""full_body"",""pelota""]","true","2026-08-21T15:14:08.402Z"
"cmt33b01700ccypj1xu8tpqfw","Técnica de acostarse","OTHER","Actividad complementaria con foam roller enfocada en espalda.","Con foam roller, realizá el ejercicio de forma pausada. Conectá con espalda y sentí cada parte del movimiento.","Espalda","Foam roller",,,,"[""espalda"",""foam_roller"",""tecnica""]","true","2026-08-21T15:14:08.492Z"
"cmt33b03s00cdypj1kqqwh2q4","Activación de erectores","OTHER","Trabajo de soporte para hombros con pelota.","Con pelota, realizá el ejercicio de forma pausada. Conectá con hombros y sentí cada parte del movimiento.","Hombros","Pelota",,,,"[""hombros"",""pelota"",""activacion""]","true","2026-08-21T15:14:08.584Z"
"cmt33b06d00ceypj12zq0akab","Prehab de muñecas","OTHER","Ejercicio de prehab/rehab de core usando palo.","Realizá el ejercicio con palo de forma consciente, enfocándote en la sensación de core.","Core","Palo",,,,"[""core"",""palo"",""prehab"",""rehab""]","true","2026-08-21T15:14:08.678Z"
"cmt33b09500cfypj1d189w5by","Estabilización de tobillo","OTHER","Ejercicio complementario de core tipo other. Requiere palo.","Realizá el ejercicio con palo de forma consciente, enfocándote en la sensación de core.","Core","Palo",,,,"[""core"",""palo""]","true","2026-08-21T15:14:08.777Z"
"cmt33b0ci00cgypj16ne47i7r","Trabajo de respiración completa","OTHER","Ejercicio de prehab/rehab de cuello usando fitball.","Con fitball, ejecutá el movimiento con atención plena trabajando cuello. No es fuerza, es conexión.","Cuello","Fitball",,,,"[""cuello"",""fitball"",""respiracion""]","true","2026-08-21T15:14:08.898Z"
"cmt33b0f500chypj11l74xb2k","Recuperación activa de espalda","OTHER","Actividad complementaria con palo enfocada en glúteos.","Realizá el ejercicio con palo de forma consciente, enfocándote en la sensación de glúteos.","Glúteos","Palo",,,,"[""glúteos"",""palo""]","true","2026-08-21T15:14:08.993Z"
"cmt33b0hq00ciypj1xw2bj8nh","Estabilización escapular","OTHER","Actividad complementaria con pelota enfocada en cadera.","Realizá el ejercicio con pelota de forma consciente, enfocándote en la sensación de cadera.","Cadera","Pelota",,,,"[""cadera"",""pelota""]","true","2026-08-21T15:14:09.087Z"
"cmt33b0kb00cjypj1uolqxtqt","Estabilización de hombro","OTHER","Actividad complementaria con pelota enfocada en piso pélvico.","Con pelota, ejecutá el movimiento con atención plena trabajando piso pélvico. No es fuerza, es conexión.","Piso pélvico","Pelota",,,,"[""piso_pélvico"",""pelota""]","true","2026-08-21T15:14:09.179Z"
"cmt38lors0000h3d7a18jc72e","Encogimientos de hombros con mancuernas","STRENGTH","Los encogimientos de hombros con barra o mancuernas son ejercicios clave para aislar y desarrollar el músculo trapecio. ",,"Hombros","Mancuernas",,,,"[""remo"",""trapecio""]","true","2026-08-21T17:42:25.073Z"
"cmt33a68w001kypj1w05s7167","Elevación de talón sentado","STRENGTH","La elevación de talón sentado es el mejor ejercicio para aislar y trabajar el sóleo (el músculo profundo de la pantorrilla).","Rodillas dobladas a 90 grados, los gemelos descansan y todo el esfuerzo recae en el sóleo.","Tobillos","Máquina",,,,"[""elevacion"",""tobillo"",""soleo""]","true","2026-08-21T15:13:29.889Z"
"cmt33as87009iypj1w4df4hbw","Press arnold con mancuerna","STRENGTH","Se destaca por estimular de forma completa las tres cabezas del deltoides (anterior, lateral y posterior) en un único movimiento fluido","Press con rotación de las muñecas durante la ejecución, lo que incrementa el rango de movimiento y mejora la movilidad articular de la zona.","Hombros","Mancuernas",,,,"[""press"",""hombros"",""mancuerna""]","true","2026-08-21T15:13:58.375Z"
"cmt1wcjjw00089yldaapzyavh","Jalón al pecho","STRENGTH","Ejercicio de espalda tipo strength. Requiere polea.","Sentado en la máquina de polea alta, agarrá la barra con las manos más anchas que los hombros. Tirá la barra hacia abajo hasta la parte superior del pecho, apretando los omóplatos.","Espalda","Polea",,"https://res.cloudinary.com/ygpokmmn/image/upload/v1787344792/Man_performing_cable_lat_pulldown_202608211710.jpg",,"[""jalon"",""espalda"",""compound""]","true","2026-08-20T19:11:36.956Z"
"cmt1wciyw00009yldzko8mc88","Press de banca plano","STRENGTH","Ejercicio de pecho tipo strength. Requiere barra.","Acostado boca arriba en un banco plano, agarrá la barra con las manos un poco más anchas que los hombros. Bajá la barra controladamente hasta tocar el pecho y empujá hacia arriba hasta extender los brazos.","Pecho","Barra",,"https://res.cloudinary.com/ygpokmmn/image/upload/v1787345069/Man_performing_barbell_chest_press_202608211743.jpg",,"[""press"",""pecho"",""compound""]","true","2026-08-20T19:11:36.200Z"