index,sourceArray,name,type,muscleGroup,equipment,tags,description,clientDescription,isPublic
"1","exercises","Press de banca plano","STRENGTH","Pecho","Barra","press|pecho|barra|compound|pectorales","Ejercicio compuesto de fuerza para el tren superior que trabaja principalmente el pectoral mayor, con participación secundaria del deltoides anterior y el tríceps. Se realiza acostado en banco plano empujando una barra desde el pecho hasta la extensión completa de brazos. Es uno de los movimientos fundamentales para desarrollar masa y fuerza en el pecho.","Acostate boca arriba en un banco plano. Agarrá la barra con las manos un poco más anchas que los hombros. Bajá la barra controladamente hasta que toque suavemente la parte media del pecho. Empujá hacia arriba hasta extender completamente los brazos. Mantené los pies firmes en el piso y la espalda ligeramente arqueada. Respirá: inhalá al bajar, exhalá al subir.","true"
"2","exercises","Press de banca inclinado","STRENGTH","Pecho","Barra","press|pecho|barra|inclinado|pectorales_superior","Variante del press de banca realizado en banco inclinado entre 30° y 45°. Enfatiza el trabajo del pectoral mayor clavicular (parte superior del pecho) y el deltoides anterior. El ángulo de inclinación determina el grado de activación de cada músculo: a mayor inclinación, más participación del hombro.","Ajustá el banco a un ángulo de 30° a 45°. Acostate y agarrá la barra con las manos un poco más anchas que los hombros. Bajá la barra controladamente hasta la parte superior del pecho (cerca de la clavícula). Empujá hacia arriba hasta extender los brazos. Evitá inclinar el banco más de 45° para no convertirlo en un press de hombros.","true"
"3","exercises","Press de banca declinado","STRENGTH","Pecho","Barra","press|pecho|barra|declinado|pectorales_inferior","Variante del press de banca realizado en banco declinado (pies arriba, cabeza abajo). Enfatiza el trabajo del pectoral mayor esternal (parte inferior del pecho) y reduce la participación del deltoides anterior. Permite manejar cargas mayores que el press plano debido a la mecánica favorable del ángulo.","Ajustá el banco en declinación (pies arriba, cabeza abajo). Asegurate de que los tobillos queden bien sujetos. Agarrá la barra con las manos un poco más anchas que los hombros. Bajá la barra hasta la parte inferior del pecho (cerca del esternón). Empujá hacia arriba hasta extender los brazos. Tené cuidado con la presión en la cabeza al levantar y bajar la barra.","true"
"4","exercises","Aperturas con mancuernas","STRENGTH","Pecho","Mancuernas","aperturas|pecho|mancuernas|aislado|pectorales","Ejercicio de aislamiento para el pectoral mayor que consiste en abrir los brazos lateralmente desde una posición extendida sobre el pecho hasta sentir un estiramiento controlado. Trabaja la porción externa del pecho y mejora la flexibilidad del hombro. A diferencia del press, mantiene tensión constante en el músculo durante todo el recorrido.","Acostate en banco plano con una mancuerna en cada mano. Extendé los brazos sobre el pecho con las palmas enfrentadas. Con los codos ligeramente flexionados, abrí los brazos lateralmente en un arco amplio hasta sentir un estiramiento en el pecho. Volvé al centro apretando los pectorales. No bajes más allá de la línea del banco para proteger los hombros.","true"
"5","exercises","Cruces en polea","STRENGTH","Pecho","Polea","cruces|pecho|polea|aislado|pectorales","Ejercicio de aislamiento para el pectoral mayor realizado en poleas cruzadas altas. Consiste en traer las manos desde una posición abierta hacia el centro del cuerpo cruzándolas frente al pecho. Mantiene tensión constante en el músculo durante todo el recorrido, algo que no ocurre con mancuernas o barra debido a la gravedad.","Parate en el centro de dos poleas altas, un paso adelante para crear tensión. Agarrá las manijas con las palmas hacia abajo. Con los codos ligeramente flexionados, tirá las manos hacia abajo y adelante cruzándolas frente al pecho o la cintura. Apretá los pectorales al cruzar. Volvé lentamente a la posición inicial manteniendo el control. No uses el impulso del cuerpo.","true"
"6","exercises","Fondos en paralelas","STRENGTH","Pecho","Paralelas","fondos|pecho|paralelas|compound|pectorales","Ejercicio compuesto de peso corporal que trabaja el pectoral mayor, deltoides anterior y tríceps. La inclinación del torso hacia adelante enfatiza el trabajo del pecho, mientras que un torso vertical enfoca más el tríceps. Es un movimiento funcional que desarrolla fuerza y estabilidad del hombro.","Colgate de las paralelas con los brazos extendidos. Inclinate ligeramente hacia adelante (esto enfatiza el pecho). Bajá flexionando los codos hasta que los hombros queden por debajo de los codos o hasta sentir un estiramiento en el pecho. Subí empujando hasta extender los brazos. Si es muy difícil, usá una máquina asistida o bandas elásticas. Mantené el control en todo momento.","true"
"7","exercises","Pull-over","STRENGTH","Pecho","Mancuerna","pullover|pecho|mancuerna|aislado|dorsal_ancho|serrato","Ejercicio de aislamiento que trabaja el pectoral mayor, dorsal ancho y serrato anterior. Consiste en llevar una mancuerna desde una posición extendida sobre el pecho en un arco por detrás de la cabeza hasta sentir un estiramiento en el pecho y la espalda. Es excelente para mejorar la movilidad del hombro y desarrollar la caja torácica.","Acostate en banco plano con una mancuerna sostenida con ambas manos sobre el pecho. Con los brazos casi extendidos, bajá la mancuerna en un arco amplio por detrás de la cabeza hasta sentir un estiramiento en el pecho y la espalda. Volvé al centro apretando los pectorales. Mantené los codos ligeramente flexionados durante todo el movimiento. No forces el rango de movimiento.","true"
"8","exercises","Dominadas","STRENGTH","Espalda","Barra","dominadas|espalda|barra|compound|dorsal_ancho|biceps","Ejercicio compuesto de peso corporal considerado el rey de los ejercicios de espalda. Trabaja intensamente el dorsal ancho, romboides, trapecio inferior y bíceps. Consiste en elevar el cuerpo colgado de una barra hasta que la barbilla supere la barra. Existen múltiples variantes de agarre (prono, supino, neutro) que modifican la activación muscular.","Colgate de una barra con las palmas hacia afuera (agarre prono) y las manos más anchas que los hombros. Desde la posición de brazos extendidos, tirá de tu cuerpo hacia arriba llevando los codos hacia abajo y atrás. Llevá la barbilla por encima de la barra. Bajá controladamente hasta extender completamente los brazos. Si no podés hacer dominadas completas, usá bandas elásticas o una máquina asistida.","true"
"9","exercises","Jalón al pecho","STRENGTH","Espalda","Polea","jalon|espalda|polea|compound|dorsal_ancho|romboides","Ejercicio compuesto realizado en polea alta que simula el movimiento de las dominadas pero con resistencia ajustable. Trabaja el dorsal ancho, romboides, trapecio inferior y bíceps. Permite manejar cargas controladas y es ideal para quienes aún no pueden hacer dominadas con su propio peso corporal.","Sentate en la máquina de polea alta y asegurate de que los muslos queden bien sujetos bajo el rodillo. Agarrá la barra con las manos más anchas que los hombros (agarre prono). Tirá la barra hacia abajo hasta la parte superior del pecho, llevando los codos hacia abajo y atrás y apretando los omóplatos juntos. Bajá controladamente hasta extender los brazos. No uses el impulso del torso.","true"
"10","exercises","Remo con barra","STRENGTH","Espalda","Barra","remo|espalda|barra|compound|dorsal_ancho|romboides|trapecio","Ejercicio compuesto de tracción horizontal que trabaja el dorsal ancho, romboides, trapecio medio, erectores espinales y bíceps. Consiste en tirar una barra hacia el abdomen inferior desde una posición inclinada hacia adelante. Es fundamental para desarrollar espesor y densidad en la espalda, además de mejorar la postura.","De pie con los pies a la altura de los hombros, inclinate hacia adelante desde las caderas manteniendo la espalda recta y neutra. Agarrá la barra con las manos un poco más anchas que los hombros (agarre prono). Tirá la barra hacia tu abdomen inferior apretando los omóplatos juntos como si quisieras agarrar un lápiz entre ellos. Bajá controladamente hasta extender los brazos. No redondeés la espalda.","true"
"11","exercises","Remo con mancuerna","STRENGTH","Espalda","Mancuerna","remo|espalda|mancuerna|unilateral|dorsal_ancho|romboides","Variante unilateral del remo que permite trabajar cada lado de la espalda de forma independiente, corrigiendo desequilibrios musculares. Trabaja el dorsal ancho, romboides, trapecio medio y bíceps. Al ser unilateral, permite un mayor rango de movimiento y una contracción más profunda del músculo.","Colocá una mano y la rodilla del mismo lado sobre un banco plano. Con la otra mano agarrá una mancuerna. Mantené la espalda recta y paralela al piso. Tirá la mancuerna hacia tu cadera llevando el codo hacia arriba y atrás, apretando el omóplato del lado que trabaja. Bajá controladamente. Repetí todas las repeticiones de un lado antes de cambiar. Mantené el core activado para estabilizar.","true"
"12","exercises","Remo en máquina","STRENGTH","Espalda","Máquina","remo|espalda|maquina|compound|dorsal_ancho|romboides","Ejercicio compuesto realizado en máquina de remo sentado que trabaja el dorsal ancho, romboides, trapecio medio y bíceps. Al tener el pecho apoyado en un soporte, elimina la posibilidad de usar impulso del torso y aísla completamente el trabajo de la espalda. Es ideal para principiantes o para series de alto volumen donde la fatura postural puede ser un factor limitante.","Sentate en la máquina ajustando el soporte de pecho a tu altura. Agarrá las manijas con las palmas hacia abajo o hacia adentro según la máquina. Tirá las manijas hacia atrás apretando los omóplatos juntos y llevando los codos hacia atrás cerca del cuerpo. Mantené el pecho bien apoyado en el soporte durante todo el movimiento. Bajá controladamente hasta extender los brazos.","true"
"13","exercises","Peso muerto","STRENGTH","Espalda","Barra","peso_muerto|espalda|barra|compound|isquiotibiales|gluteos|core","Ejercicio compuesto considerado uno de los tres grandes levantamientos de fuerza (junto con sentadilla y press de banca). Trabaja la cadena posterior completa: erectores espinales, glúteos, isquiotibiales, trapecio, dorsal ancho y core. Consiste en levantar una barra desde el piso hasta la posición de pie erguido. Es fundamental para desarrollar fuerza funcional total.","Parate con los pies a la altura de los hombros y la barra sobre los pies (casi tocando las espinillas). Agachate y agarrá la barra con las manos un poco más anchas que los hombros. Mantené la espalda recta, el pecho arriba y los hombros por encima de la barra. Empujá el piso con los pies extendiendo caderas y rodillas al mismo tiempo hasta quedar de pie erguido. Bajá controladamente siguiendo el mismo patrón. La barra debe mantenerse cerca del cuerpo en todo momento.","true"
"14","exercises","Hiperextensiones","STRENGTH","Espalda","Banco","hiperextensiones|espalda|banco|aislado|erectores_espinales|gluteos","Ejercicio de aislamiento para los erectores espinales y glúteos que consiste en extender el torso desde una posición de flexión hacia adelante. Se realiza en un banco de hiperextensiones con las caderas apoyadas en el borde. Es excelente para fortalecer la zona lumbar, prevenir lumbalgias y mejorar la postura erguida.","Colocá las caderas en el borde del banco de hiperextensiones y asegurate de que los tobillos queden bien sujetos. Cruzá los brazos sobre el pecho o poné las manos detrás de la cabeza. Bajá el torso hacia abajo desde las caderas hasta sentir un estiramiento en los isquiotibiales y la espalda baja. Levantá el torso extendiendo la espalda hasta que quede alineada con las piernas. No hiperextiendas más allá de la línea neutral.","true"
"15","exercises","Press militar","STRENGTH","Hombros","Barra","press|hombros|barra|compound|deltoides|triceps","Ejercicio compuesto fundamental para el desarrollo de los hombros que trabaja el deltoides anterior y medio, con participación del tríceps y el core estabilizador. Consiste en empujar una barra desde la altura de los hombros hasta la extensión completa de brazos por encima de la cabeza. Puede realizarse de pie (más funcional, requiere más estabilidad) o sentado (más aislado, permite mayor carga).","De pie o sentado con la barra a la altura de los hombros y los codos ligeramente por delante del cuerpo. Apretá el core y el glúteo para estabilizar. Empujá la barra hacia arriba en línea recta hasta extender completamente los brazos por encima de la cabeza. Bajá controladamente hasta la posición inicial. No arqueés la espalda hacia atrás al empujar. De pie, evitá flexionar las rodillas para ayudar (eso sería un push press).","true"
"16","exercises","Press con mancuernas","STRENGTH","Hombros","Mancuernas","press|hombros|mancuernas|compound|deltoides|triceps","Variante del press militar realizada con mancuernas que permite un rango de movimiento mayor y una trayectoria más natural para cada hombro. Trabaja el deltoides anterior y medio, tríceps y core estabilizador. Al ser unilateral, ayuda a corregir desequilibrios entre ambos lados y permite rotar las muñecas para una posición más cómoda.","Sentado en un banco con respaldo, sostené una mancuerna en cada mano a la altura de los hombros con las palmas hacia adelante. Apretá el core contra el respaldo. Empujá las mancuernas hacia arriba hasta que casi se toquen por encima de la cabeza. Bajá controladamente hasta la posición inicial. Permití que las mancuernas se acerquen ligeramente al centro en la parte superior para una trayectoria natural. No rebotes en la parte inferior.","true"
"17","exercises","Elevaciones laterales","STRENGTH","Hombros","Mancuernas","elevaciones|hombros|mancuernas|aislado|deltoides_medio|abduccion","Ejercicio de aislamiento para el deltoides medio (porción lateral del hombro) que consiste en elevar los brazos lateralmente hasta la altura de los hombros. Es fundamental para desarrollar la amplitud y el redondeo del hombro, creando la silueta de V en el torso. El deltoides medio es el responsable de la abducción del brazo.","De pie con mancuernas a los costados del cuerpo y las palmas mirando hacia adentro. Mantené un leve flexión en los codos (como si abrazaras un barril gigante). Elevá ambos brazos lateralmente simultáneamente hasta que queden paralelos al piso (altura de los hombros). Bajá lentamente sin dejar que las mancuernas choquen contra los muslos. No uses el impulso del cuerpo ni subas los hombros (encogimiento). El movimiento debe ser lento y controlado.","true"
"18","exercises","Elevaciones frontales","STRENGTH","Hombros","Mancuernas","elevaciones|hombros|mancuernas|aislado|deltoides_anterior|flexion","Ejercicio de aislamiento para el deltoides anterior (porción frontal del hombro) que consiste en elevar los brazos hacia adelante. El deltoides anterior ya trabaja intensamente en ejercicios compuestos como press de banca y press militar, por lo que este ejercicio suele usarse como complementario o en rutinas donde se busca un desarrollo equilibrado del hombro.","De pie con mancuernas frente a los muslos y las palmas mirando hacia abajo. Mantené los codos ligeramente flexionados. Elevá un brazo hacia adelante hasta la altura del hombro. Bajá controladamente y alterná con el otro brazo. O podés hacer ambos brazos simultáneamente. No balances el cuerpo ni uses impulso. El deltoides anterior ya trabaja mucho en press de banca, así que no sobrecargues este ejercicio.","true"
"19","exercises","Pájaro","STRENGTH","Hombros","Mancuernas","pajaro|hombros|mancuernas|aislado|deltoides_posterior|omoplatos","Ejercicio de aislamiento para el deltoides posterior (porción trasera del hombro) y los romboides. Consiste en elevar los brazos lateralmente desde una posición inclinada hacia adelante. El deltoides posterior es el músculo del hombro más débil en la mayoría de las personas y el más propenso a desequilibrios, por lo que este ejercicio es crucial para la salud del hombro y una buena postura.","Inclinate hacia adelante desde las caderas hasta que el torso quede casi paralelo al piso. Sostené una mancuerna en cada mano con los brazos colgando y las palmas enfrentadas. Con los codos ligeramente flexionados, elevá ambos brazos lateralmente hacia los lados apretando los omóplatos juntos. Bajá lentamente. Sentí la contracción en la parte posterior del hombro. No levantes el torso ni uses impulso. Este es un ejercicio ligero, usá pesos moderados.","true"
"20","exercises","Face pull","STRENGTH","Hombros","Polea","face_pull|hombros|polea|aislado|deltoides_posterior|rotadores|postura","Ejercicio de aislamiento realizado en polea que trabaja el deltoides posterior, rotadores externos del hombro, romboides y trapecio medio. Es uno de los ejercicios más importantes para la salud del hombro, ya que fortalece los músculos que contrarrestan los desequilibrios causados por demasiado trabajo de press y pectorales. Es fundamental para prevenir lesiones de manguito rotador.","Parate frente a una polea a la altura de la cara con una cuerda doble. Agarrá los extremos de la cuerda con las palmas hacia abajo. Tirá la cuerda hacia tu cara separando los codos y llevándolos hacia atrás. Al final del movimiento, rotá las muñecas hacia arriba como si quisieras mostrar los bíceps. Apretá los omóplatos juntos. Volvé lentamente. Mantené los codos altos durante todo el movimiento. Este ejercicio es clave para la salud de tus hombros, no lo omitas.","true"
"21","exercises","Curl con barra","STRENGTH","Bíceps","Barra","curl|biceps|barra|aislado|flexion|braquial","Ejercicio de aislamiento clásico para el bíceps braquial que consiste en flexionar los codos llevando una barra hacia los hombros. También trabaja el braquial y el braquiorradial. Es el ejercicio fundamental para desarrollar masa y fuerza en los bíceps, permitiendo manejar cargas mayores que con mancuernas debido a la estabilidad bilateral.","De pie con la barra frente a los muslos y las palmas hacia afuera (agarre supino). Mantené los codos pegados al cuerpo y los hombros quietos. Flexioná los codos llevando la barra hacia los hombros. Apretá los bíceps en la parte superior. Bajá controladamente hasta extender casi por completo los brazos (sin bloquear los codos). No balancees el cuerpo ni uses el impulso de la espalda. El movimiento debe ser estricto.","true"
"22","exercises","Curl con mancuernas","STRENGTH","Bíceps","Mancuernas","curl|biceps|mancuernas|aislado|flexion|braquial","Variante del curl con barra realizada con mancuernas que permite un rango de movimiento mayor y una trayectoria más natural. Al ser unilateral, permite corregir desequilibrios entre ambos brazos. También permite variar la rotación de la muñeca durante el movimiento (supinación), lo que aumenta la activación del bíceps en la parte superior del recorrido.","De pie con una mancuerna en cada mano a los costados del cuerpo y las palmas mirando hacia adentro. Mantené los codos pegados al cuerpo. Flexioná los codos alternando brazos o simultáneamente, rotando las muñecas hacia afuera (palmas hacia arriba) a medida que subís. Apretá los bíceps en la parte superior. Bajá controladamente. No balancees el cuerpo. La rotación de la muñeca aumenta la contracción del bíceps.","true"
"23","exercises","Curl martillo","STRENGTH","Bíceps","Mancuernas","curl|biceps|mancuernas|martillo|aislado|braquial|braquiorradial","Variante del curl realizada con agarre neutro (palmas enfrentadas) que enfatiza el trabajo del músculo braquial y el braquiorradial, además del bíceps braquial. El braquial se encuentra debajo del bíceps y su desarrollo empuja el bíceps hacia afuera, creando una apariencia más alta y completa del brazo. Es excelente para el desarrollo total del brazo.","De pie con mancuernas a los costados y las palmas enfrentadas (como si sostuvieras un martillo). Mantené los codos pegados al cuerpo. Flexioná los codos llevando las mancuernas hacia los hombros sin rotar las muñecas. Apretá los bíceps y el braquial en la parte superior. Bajá controladamente. Este ejercicio desarrolla el braquial, el músculo que está debajo del bíceps y que le da altura y grosor al brazo.","true"
"24","exercises","Curl en predicador","STRENGTH","Bíceps","Barra","curl|biceps|barra|predicador|aislado|cabeza_corta","Ejercicio de aislamiento para el bíceps realizado en un banco predicador que apoya los brazos en una almohadilla inclinada. Al fijar los brazos, elimina cualquier posibilidad de usar impulso del cuerpo y aísla completamente el trabajo del bíceps. Enfatiza la porción distal (cabeza corta) del bíceps, desarrollando el grosor y la altura del pico del bíceps.","Sentate en el banco predicador y apoyá la parte posterior de los brazos en la almohadilla inclinada. Agarrá la barra con las palmas hacia arriba. Flexioná los codos llevando la barra hacia los hombros. Bajá hasta extender casi por completo los brazos (sin bloquear los codos). La almohadilla evita que uses impulso, así que usá un peso que puedas controlar. Sentí el estiramiento en la parte baja del bíceps al bajar.","true"
"25","exercises","Curl concentrado","STRENGTH","Bíceps","Mancuerna","curl|biceps|mancuerna|concentrado|aislado|pico","Ejercicio de máximo aislamiento para el bíceps que consiste en apoyar el codo en el interior del muslo para eliminar cualquier posibilidad de usar impulso. Fue popularizado por Arnold Schwarzenegger y es excelente para desarrollar el pico del bíceps y mejorar la conexión mente-músculo. Permite una contracción máxima y un estiramiento profundo del bíceps.","Sentate en un banco con las piernas abiertas y una mancuerna en una mano. Apoyá el codo en el interior del muslo del mismo lado, cerca de la rodilla. Bajá la mancuerna hasta sentir un estiramiento completo en el bíceps. Flexioná el codo llevando la mancuerna hacia el hombro apretando fuerte el bíceps en la parte superior. Bajá lentamente. Este ejercicio es puro aislamiento: no hay forma de hacer trampa. Usá un peso moderado y enfocate en la contracción.","true"
"26","exercises","Press francés","STRENGTH","Tríceps","Barra","press_frances|triceps|barra|aislado|extension|cabeza_larga","Ejercicio de aislamiento para el tríceps que consiste en extender los codos desde una posición flexionada hacia la frente. Trabaja principalmente la cabeza larga del tríceps (la porción interna que da grosor al brazo visto de frente). Es uno de los mejores ejercicios para desarrollar masa en la parte posterior del brazo, pero requiere técnica cuidadosa para proteger los codos.","Acostate en banco plano con la barra sostenida sobre el pecho con las manos a la altura de los hombros (agarre cerrado). Mantené los codos apuntando hacia adelante y fijos en su posición. Bajá la barra hacia la frente flexionando solo los codos. Extendé los brazos para volver a la posición inicial apretando los tríceps. Los codos no deben abrirse hacia los lados. No bajes la barra detrás de la cabeza (eso es un skullcrusher). Usá un peso que puedas controlar para proteger los codos.","true"
"27","exercises","Extensiones en polea","STRENGTH","Tríceps","Polea","extensiones|triceps|polea|aislado|cabeza_lateral|cabeza_medial","Ejercicio de aislamiento para el tríceps realizado en polea alta que trabaja las tres cabezas del tríceps, con énfasis en la cabeza lateral y medial. La resistencia constante de la polea mantiene tensión en el músculo durante todo el recorrido. Puede realizarse con cuerda, barra recta o barra en V según la variante deseada.","Parate frente a una polea alta con una cuerda o barra. Agarrá con las palmas hacia abajo y los codos pegados al cuerpo a la altura de los hombros. Flexioná los codos llevando las manos hacia la frente. Extendé los brazos hacia abajo apretando fuerte los tríceps en la parte inferior. Mantené los codos fijos y pegados al cuerpo durante todo el movimiento. No dejes que los codos se abran hacia los lados. Con la cuerda, separá los extremos al final para una mayor contracción.","true"
"28","exercises","Fondos","STRENGTH","Tríceps","Paralelas","fondos|triceps|paralelas|compound|peso_corporal","Ejercicio compuesto de peso corporal que trabaja intensamente el tríceps braquial, con participación del pectoral mayor y deltoides anterior. A diferencia de los fondos para pecho, aquí el torso se mantiene vertical para enfatizar el trabajo del tríceps. Es uno de los ejercicios más efectivos para desarrollar fuerza y masa en la parte posterior del brazo.","Colgate de las paralelas con los brazos extendidos y el torso vertical (no inclinado hacia adelante). Bajá flexionando los codos hasta que los hombros estén ligeramente por debajo de los codos o hasta sentir un buen estiramiento en el tríceps. Subí empujando con los tríceps hasta extender los brazos. Mantené el torso vertical durante todo el movimiento. Si es muy difícil, usá una máquina asistida o bandas elásticas. No rebotes en la parte inferior.","true"
"29","exercises","Patada de tríceps","STRENGTH","Tríceps","Mancuerna","patada|triceps|mancuerna|aislado|extension|cabeza_larga","Ejercicio de aislamiento unilateral para el tríceps que consiste en extender el brazo hacia atrás desde una posición flexionada. Trabaja principalmente la cabeza larga del tríceps (la porción interna que corre por debajo del brazo). Al ser unilateral, permite corregir desequilibrios entre ambos brazos y lograr una contracción más profunda.","Inclinate hacia adelante apoyando una mano y la rodilla del mismo lado en un banco. Con la otra mano agarrá una mancuerna con el codo doblado a 90 grados y el brazo pegado al cuerpo. Extendé el brazo hacia atrás apretando el tríceps hasta que el brazo quede casi paralelo al piso. Bajá lentamente hasta la posición inicial. Mantené el codo fijo y pegado al cuerpo. No dejes que el codo se abra hacia afuera. Repetí todas las repeticiones de un lado antes de cambiar.","true"
"30","exercises","Sentadilla","STRENGTH","Cuádriceps","Barra","sentadilla|piernas|barra|compound|cuadriceps|gluteos|core","Ejercicio compuesto considerado el rey de los ejercicios de piernas. Trabaja los cuádriceps, glúteos, isquiotibiales, core y toda la cadena posterior. Consiste en bajar el cuerpo flexionando rodillas y caderas hasta que los muslos queden paralelos al suelo o más abajo. Es fundamental para desarrollar fuerza funcional, masa muscular y potencia atlética.","Colocá la barra sobre los trapecios (no sobre el cuello). Parate con los pies a la altura de los hombros o un poco más anchos, con las puntas ligeramente hacia afuera. Mantené el pecho arriba, la espalda recta y el core apretado. Bajá flexionando rodillas y caderas al mismo tiempo, como si te sentaras en una silla invisible. Bajá hasta que los muslos queden paralelos al suelo o más abajo si tu movilidad lo permite. Empujá el piso con los talones para subir. No dejes que las rodillas se caven hacia adentro.","true"
"31","exercises","Sentadilla frontal","STRENGTH","Cuádriceps","Barra","sentadilla|piernas|barra|frontal|cuadriceps|core","Variante de la sentadilla donde la barra se apoya sobre los hombros delante del cuello (posición de clean). Esto obliga a mantener el torso más vertical, lo que enfatiza el trabajo de los cuádriceps y el core estabilizador. Requiere mayor movilidad de tobillos, rodillas y hombros que la sentadilla tradicional. Es muy usada en halterofilia y CrossFit.","Colocá la barra sobre los hombros delante del cuello, apoyándola en los deltoides anteriores. Cruzá los brazos sobre la barra o usá el agarre de clean si tu movilidad lo permite. Parate con los pies a la altura de los hombros. Mantené el torso lo más vertical posible y el core muy apretado. Bajá en sentadilla manteniendo los codos altos. Bajá hasta que los muslos queden paralelos al suelo. Empujá con los talones para subir. Si no podés mantener los codos altos, trabajá en tu movilidad de hombros y muñecas antes de cargar peso.","true"
"32","exercises","Prensa","STRENGTH","Cuádriceps","Máquina","prensa|piernas|maquina|compound|cuadriceps|gluteos","Ejercicio compuesto realizado en máquina de prensa de piernas que trabaja los cuádriceps, glúteos e isquiotibiales. Al ser una máquina guiada, elimina la necesidad de equilibrio y estabilización, permitiendo manejar cargas mayores que en la sentadilla libre. Es ideal para principiantes, rehabilitación o para series de alto volumen donde la fatiga del core puede ser un factor limitante.","Sentate en la máquina de prensa y ajustá el respaldo y el asiento para que tus rodillas queden a 90 grados en la posición inicial. Colocá los pies en la plataforma a la altura de los hombros o un poco más anchos. Desenganchá el seguro. Bajá la plataforma flexionando rodillas y caderas hasta que los muslos se acerquen al pecho. Empujá la plataforma extendiendo las piernas sin bloquear completamente las rodillas. No levantes el glúteo del asiento. Si sentís dolor lumbar, ajustá el respaldo o reducí el rango de movimiento.","true"
"33","exercises","Extensión de cuádriceps","STRENGTH","Cuádriceps","Máquina","extensiones|cuadriceps|maquina|aislado|vasto_medial|vasto_lateral","Ejercicio de aislamiento para los cuádriceps realizado en máquina específica. Consiste en extender las rodillas desde una posición flexionada hasta enderezar completamente las piernas. Trabaja los cuatro componentes del cuádriceps: recto femoral, vasto medial, vasto lateral y vasto intermedio. Es excelente para definir y esculpir los cuádriceps, especialmente el vasto medial (lágrima del cuádriceps).","Sentate en la máquina de extensiones y ajustá el respaldo para que tu espalda quede bien apoyada. Colocá los tobillos debajo del rodillo acolchado. Agarrá los agarres laterales. Extendé las rodillas hasta enderezar completamente las piernas apretando los cuádriceps en la parte superior. Bajá lentamente sin dejar que el peso toque o sin relajar el músculo en la parte inferior. No uses impulso del torso. Este ejercicio es excelente para definir los cuádriceps.","true"
"34","exercises","Curl femoral","STRENGTH","Femoral","Máquina","curl|femoral|maquina|aislado|isquiotibiales|flexion","Ejercicio de aislamiento para los isquiotibiales (músculos posteriores del muslo) que consiste en flexionar las rodillas desde una posición extendida. Trabaja los tres componentes del grupo isquiotibial: semimembranoso, semitendinoso y bíceps femoral. Es fundamental para equilibrar el desarrollo de las piernas, ya que la mayoría de los ejercicios de piernas enfatizan los cuádriceps.","Acostate boca abajo en la máquina de curl femoral. Ajustá el rodillo acolchado para que quede justo por encima de los talones. Agarrá los agarres frontales. Flexioná las rodillas llevando los talones hacia los glúteos apretando los isquiotibiales. Bajá controladamente hasta extender casi por completo las piernas (sin bloquear las rodillas). No levantes las caderas del banco. Sentí la contracción en la parte posterior del muslo.","true"
"35","exercises","Peso muerto rumano","STRENGTH","Femoral","Barra","peso_muerto|femoral|barra|rumano|isquiotibiales|gluteos|erectores","Variante del peso muerto que enfatiza el trabajo de los isquiotibiales y glúteos manteniendo las rodillas casi extendidas durante todo el movimiento. A diferencia del peso muerto convencional, el rumano no empieza desde el piso sino desde la posición de pie, y el movimiento es una flexión de caderas con mínima flexión de rodillas. Es uno de los mejores ejercicios para desarrollar fuerza y flexibilidad en la cadena posterior.","De pie con la barra frente a los muslos y los pies a la altura de los hombros. Mantené las rodillas ligeramente flexionadas (casi extendidas) durante todo el ejercicio. Inclinate hacia adelante desde las caderas (no desde la cintura) manteniendo la espalda recta y neutra. Bajá la barra por la parte anterior de las piernas hasta sentir un estiramiento intenso en los isquiotibiales (generalmente a la altura de las rodillas o un poco más abajo). Volvé a la posición de pie empujando las caderas hacia adelante y apretando los glúteos. No redondeés la espalda.","true"
"36","exercises","Hip thrust","STRENGTH","Glúteos","Barra","hip_thrust|gluteos|barra|compound|potencia|cadena_posterior","Ejercicio compuesto diseñado específicamente para maximizar la activación de los glúteos. Consiste en empujar las caderas hacia arriba desde una posición sentada con la espalda apoyada en un banco. Es considerado el ejercicio más efectivo para el desarrollo de glúteos, superando incluso a la sentadilla en activación electromiográfica del glúteo mayor. También trabaja los isquiotibiales y el core.","Sentate en el piso con la espalda apoyada en el borde de un banco plano. Colocá una barra con almohadilla sobre las caderas. Con los pies firmes en el piso y las rodillas flexionadas a 90 grados, empujá las caderas hacia arriba apretando fuerte los glúteos hasta que el torso quede paralelo al piso y las rodillas formen un ángulo de 90 grados. Bajá controladamente hasta que las caderas casi toquen el piso. No arqueés la espalda en la parte superior. Apretá los glúteos fuerte 2 segundos en cada repetición.","true"
"37","exercises","Elevación de talones","STRENGTH","Pantorrilla","Máquina","elevacion|pantorrilla|maquina|aislado|gemelos|soleo","Ejercicio de aislamiento para los gemelos (gastrocnemio) y el sóleo, los músculos de la pantorrilla. Consiste en elevar los talones desde una posición de pie extendiendo los tobillos. Los gemelos trabajan más cuando la rodilla está extendida, mientras que el sóleo se activa más cuando la rodilla está flexionada. Es fundamental para el desarrollo de piernas completas y para mejorar el rendimiento en saltos y carreras.","De pie en la máquina de pantorrillas con los hombros bajo el soporte acolchado y las puntas de los pies en el borde de la plataforma. Bajá los talones hasta sentir un buen estiramiento en las pantorrillas. Subí los talones lo más alto posible apretando fuerte los gemelos en la parte superior. Bajá lentamente hasta el estiramiento. No rebotes en la parte inferior. Para trabajar más el sóleo, hacelo sentado con las rodillas flexionadas a 90 grados.","true"
"38","exercises","Plancha","STRENGTH","Core","Peso corporal","plancha|core|peso_corporal|isometrico|estabilizacion|abdomen","Ejercicio isométrico fundamental para el core que consiste en mantener el cuerpo en una posición de puente frontal. Trabaja el recto abdominal, oblicuos, transverso del abdomen, erectores espinales, glúteos y hombros. Es uno de los ejercicios más efectivos para desarrollar estabilidad del tronco, prevenir lesiones de espalda y mejorar el rendimiento en todos los ejercicios compuestos.","Apoyate en los antebrazos y las puntas de los pies. Mantené el cuerpo en una línea recta desde la cabeza hasta los talones. Contraé el abdomen como si te fueras a dar un puñetazo en el estómago. Apretá los glúteos. No dejes que las caderas se hundan hacia el piso ni que se eleven hacia arriba. Mantené la posición el tiempo indicado respirando normalmente. Si es muy difícil, apoyate sobre las rodillas en lugar de los pies.","true"
"39","exercises","Crunch","STRENGTH","Core","Peso corporal","crunch|abdominales|peso_corporal|aislado|recto_abdominal|flexion","Ejercicio de aislamiento clásico para el recto abdominal que consiste en flexionar la columna torácica elevando los hombros del suelo. A diferencia del sit-up completo, el crunch aísla el trabajo del abdomen sin involucrar excesivamente los flexores de cadera. Es el ejercicio más básico y popular para desarrollar la definición abdominal, aunque debe combinarse con ejercicios compuestos y dieta para lograr visibilidad de los abdominales.","Acostate boca arriba con las rodillas flexionadas y los pies apoyados en el piso. Cruzá las manos sobre el pecho o poné los dedos detrás de las orejas (sin tirar del cuello). Contraé el abdomen y elevá los hombros del suelo llevando el esternón hacia las rodillas. Bajá lentamente sin dejar que la cabeza toque el suelo (mantené tensión). No tires del cuello con las manos. El movimiento debe ser corto y controlado. Sentí la contracción en el abdomen, no en el cuello.","true"
"40","exercises","Elevación de piernas","STRENGTH","Core","Banco","elevacion|abdominales|banco|aislado|recto_abdominal|flexion_cadera","Ejercicio de aislamiento para el recto abdominal inferior y los flexores de cadera que consiste en elevar las piernas rectas desde una posición colgante o acostada. Trabaja principalmente la porción inferior del recto abdominal (aunque el músculo se contrae como una unidad) y los flexores de cadera. Es más avanzado que el crunch y requiere mayor control del core para evitar compensar con la espalda baja.","Acostate en un banco plano y agarrá el borde del banco por encima de tu cabeza para estabilizarte. Mantené las piernas rectas o ligeramente flexionadas. Elevá las piernas hacia arriba hasta formar un ángulo de 90 grados con el torso (o hasta que las caderas se eleven ligeramente del banco). Bajá controladamente sin dejar que los pies toquen el banco (mantené tensión). No arqueés la espalda baja. Si es muy difícil, doblá las rodillas. Sentí el trabajo en la parte baja del abdomen.","true"
"41","exercises","Russian twist","STRENGTH","Core","Peso corporal","russian_twist|oblicuos|peso_corporal|aislado|rotacion|core","Ejercicio de aislamiento para los oblicuos externos e internos que consiste en rotar el torso de un lado al otro desde una posición sentada inclinada hacia atrás. Trabaja la rotación del tronco, la estabilidad anti-rotatoria y la resistencia del core. Puede realizarse con peso adicional (mancuerna, disco o balón medicinal) para aumentar la dificultad. Es excelente para desarrollar la cintura esculpida y mejorar el rendimiento en deportes de rotación.","Sentate en el piso con las rodillas flexionadas y los pies apoyados. Inclinate ligeramente hacia atrás hasta sentir que el core se activa (mantené la espalda recta). Cruzá las manos sobre el pecho o sostené un peso frente al pecho. Girá el torso de un lado al otro tocando el suelo a cada lado con las manos o el peso. Mantené los pies en el piso o elevados para más dificultad. El movimiento viene de la rotación del torso, no de mover los brazos solos. No dejes que la espalda se redondee.","true"
"42","exercises","Caminata en cinta","CARDIO","Full body","Cinta","cardio|cinta|caminata|bajo_impacto|resistencia|aerobico","Ejercicio cardiovascular de bajo impacto realizado sobre cinta caminadora. Trabaja la cadena inferior (cuádriceps, isquiotibiales, glúteos y pantorrillas) con participación del core y los brazos. Es ideal para principiantes, recuperación de lesiones, calentamiento o como actividad de recuperación activa. La inclinación ajustable permite aumentar la intensidad sin incrementar la velocidad.","Subí a la cinta y ajustá la velocidad a un ritmo cómodo (entre 4 y 6 km/h para empezar). Mantené la espalda recta, el pecho arriba y los hombros relajados. Dejá que los brazos se balanceen naturalmente a los costados. Si querés más intensidad, aumentá la inclinación gradualmente (1-5%) en lugar de la velocidad. Mirá hacia adelante, no hacia abajo. Empezá con 15-20 minutos e incrementá progresivamente.","true"
"43","exercises","Carrera en cinta","CARDIO","Full body","Cinta","cardio|cinta|carrera|running|alta_intensidad|aerobico","Ejercicio cardiovascular de alta intensidad realizado sobre cinta caminadora. Trabaja intensamente la cadena inferior (cuádriceps, isquiotibiales, glúteos, pantorrillas) con participación significativa del core y los brazos. A diferencia de la caminata, la carrera incluye una fase aérea donde ambos pies se despegan del suelo, lo que aumenta el gasto calórico y la demanda cardiovascular. La cinta permite controlar velocidad, inclinación y duración de forma precisa.","Subí a la cinta y ajustá la velocidad a un ritmo de carrera cómodo (entre 8 y 12 km/h según tu nivel). Mantené una zancada natural: no acortes ni alargues demasiado los pasos. Flexioná los brazos a 90 grados y dejá que se balanceen en oposición a las piernas. Mantené el torso ligeramente inclinado hacia adelante desde los tobillos, no desde la cintura. Empezá con 10-15 minutos e incrementá progresivamente. Para intervalos, alterná 1 minuto rápido con 2 minutos lentos.","true"
"44","exercises","Elíptica","CARDIO","Full body","Elíptica","cardio|eliptica|bajo_impacto|full_body|articulaciones|aerobico","Ejercicio cardiovascular de bajo impacto realizado en máquina elíptica que simula el movimiento de correr pero sin la fase de impacto con el suelo. Trabaja simultáneamente brazos y piernas en un movimiento ovalado coordinado, activando cuádriceps, isquiotibiales, glúteos, pantorrillas, dorsal ancho, pectorales, deltoides y core. Es ideal para personas con problemas articulares (rodillas, caderas, tobillos) ya que elimina el impacto del talón contra el suelo.","Subí a la elíptica y colocá los pies en los pedales. Agarrá los mangos móviles con las manos. Empezá a pedalear en un movimiento ovalado suave y coordinado: cuando una pierna empuja hacia adelante, el brazo contrario tira hacia atrás. Mantené la espalda recta, el pecho arriba y el core activado. No te apoyes en los mangos fijos, usá los móviles para trabajar brazos y espalda. Ajustá la resistencia y la inclinación según tu nivel. Empezá con 15-20 minutos.","true"
"45","exercises","Bicicleta estática","CARDIO","Piernas","Bicicleta","cardio|bicicleta|bajo_impacto|cuadriceps|gluteos|aerobico","Ejercicio cardiovascular de bajo impacto realizado en bicicleta estática que trabaja principalmente la cadena inferior: cuádriceps, isquiotibiales, glúteos y pantorrillas. La resistencia ajustable permite variar la intensidad desde una recuperación suave hasta un entrenamiento de alta intensidad. Es excelente para personas con problemas de peso, rodillas o que necesitan minimizar el impacto articular. También es ideal para entrenamientos de intervalos (HIIT) en bicicleta.","Ajustá el asiento a la altura de tu cadera. Sentate y colocá los pies en los pedales con la correa ajustada. Mantené la espalda apoyada en el respaldo o inclinate ligeramente hacia adelante. Pedaleá con una cadencia constante (entre 60 y 90 rpm). Ajustá la resistencia para que sientas trabajo pero puedas mantener la cadencia. No bloquees las rodillas en la parte inferior del pedal. Para intervalos, alterná 30 segundos de alta resistencia con 1 minuto de recuperación. Empezá con 15-20 minutos.","true"
"46","exercises","Remo","CARDIO","Full body","Remo","cardio|remo|full_body|espalda|piernas|aerobico","Ejercicio cardiovascular completo realizado en máquina de remo ergonómico que simula el movimiento del remo acuático. Trabaja el 85% de los músculos del cuerpo: piernas (65% del esfuerzo), espalda, core, brazos y hombros. Es uno de los ejercicios cardiovasculares más completos, combinando resistencia y resistencia cardiovascular. La técnica correcta requiere coordinar la extensión de piernas, inclinación del torso y tracción de brazos en una secuencia fluida.","Sentate en la máquina y asegurate de que los pies queden bien sujetos. Agarrá el mango con ambas manos. La secuencia correcta es: empujá con las piernas extendiendo rodillas y caderas, inclinate ligeramente hacia atrás con el torso, y tirá el mango hacia el abdomen bajo llevando los codos atrás cerca del cuerpo. Volvé en orden inverso: extendé los brazos, inclinate hacia adelante, y flexioná las rodillas deslizando hacia adelante. El 65% del esfuerzo viene de las piernas. Mantené un ritmo constante y fluido, no tires con los brazos solos.","true"
"47","exercises","Saltar la soga","CARDIO","Full body","Soga","cardio|soga|saltar|coordinacion|plyometrico|agilidad","Ejercicio cardiovascular de alta intensidad que consiste en saltar sobre una cuerda girada con las muñecas. Trabaja los cuádriceps, pantorrillas, glúteos, core, hombros, antebrazos y mejora la coordinación, agilidad y resistencia cardiovascular. Es uno de los ejercicios más eficientes para quemar calorías (hasta 15 calorías por minuto) y mejorar la salud ósea debido al impacto leve pero repetitivo. Existen múltiples variantes: básico, alternado, doble salto, cruzado.","Parate con los pies juntos y la soga detrás de los pies. Girá la soga con las muñecas (no con los brazos enteros) saltando apenas lo necesario para que la soga pase por debajo de los pies. Mantené los codos cerca del cuerpo y los antebrazos paralelos al piso. Saltá sobre las puntas de los pies con las rodillas ligeramente flexionadas. Mirá hacia adelante, no hacia abajo. Empezá con series de 30 segundos y descansos de 30 segundos. Aumentá progresivamente la duración. Si te enredás, no pares: seguí girando las muñecas y saltando hasta recuperar el ritmo.","true"
"48","exercises","Burpees","CARDIO","Full body","Peso corporal","cardio|burpees|hiit|full_body|plyometrico|potencia","Ejercicio cardiovascular de alta intensidad que combina una sentadilla, una flexión, un salto hacia adelante y un salto vertical en un único movimiento fluido. Trabaja prácticamente todos los músculos del cuerpo: pecho, hombros, tríceps, core, cuádriceps, isquiotibiales, glúteos y pantorrillas. Es considerado uno de los ejercicios más completos y exigentes, ideal para entrenamientos HIIT, quema de grasa y desarrollo de resistencia cardiovascular y muscular simultáneamente.","Desde de pie, bajá en sentadilla y apoyá las manos en el piso frente a los pies. Saltá los pies hacia atrás quedando en posición de plank. Hacé una flexión (opcional, para la versión completa). Saltá los pies hacia adelante entre las manos. De un impulso, saltá verticalmente con los brazos extendidos hacia arriba. Aterrizá suavemente con las rodillas ligeramente flexionadas y repetí inmediatamente. El movimiento debe ser fluido y continuo. Empezá con series de 30 segundos o 8-10 repeticiones con descansos de 30-60 segundos.","true"
"49","exercises","Escaladores","CARDIO","Full body","Peso corporal","cardio|escaladores|mountain_climbers|hiit|core|piernas","Ejercicio cardiovascular de alta intensidad realizado desde posición de plank que simula el movimiento de escalar una montaña. Trabaja intensamente el core (recto abdominal, oblicuos, transverso), los flexores de cadera, cuádriceps, pantorrillas, hombros, tríceps y pectorales. Es ideal para entrenamientos HIIT, circuitos de fuerza y como ejercicio de transición entre series. La velocidad y la estabilidad del core son clave para maximizar su efectividad.","Colocate en posición de plank alto (apoyado en las manos). Mantené las manos directamente debajo de los hombros y el cuerpo en línea recta. Llevá alternadamente las rodillas hacia el pecho a ritmo rápido, como si estuvieras corriendo en el lugar pero desde plank. Mantené la cadera baja y estable: no dejes que se hunda hacia el piso ni que se eleve hacia arriba. El movimiento debe venir de las piernas, no de la cadera. Empezá con series de 30 segundos con descansos de 30 segundos. Para más dificultad, acelerá el ritmo o llevá las rodillas hacia el hombro contrario.","true"
"50","exercises","Sprint","CARDIO","Piernas","Pista","cardio|sprint|running|alta_intensidad|anaerobico|potencia","Ejercicio cardiovascular de máxima intensidad que consiste en correr a la máxima velocidad posible durante distancias cortas (generalmente entre 20 y 100 metros). Trabaja intensamente los cuádriceps, isquiotibiales, glúteos, pantorrillas y core, además de estimular el sistema nervioso central y las fibras musculares de contracción rápida (tipo II). Es fundamental para mejorar la velocidad, la potencia, la composición corporal y la capacidad anaeróbica. Requiere un calentamiento exhaustivo previo.","Calentá exhaustivamente antes de empezar: 5-10 minutos de trote suave, movilidad de cadera, rodillas y tobillos, y aceleraciones progresivas. Colocate en la línea de salida con una pierna adelante y los brazos listos. Al empezar, acelerá progresivamente los primeros 10 metros y luego mantené la máxima velocidad posible durante 20-100 metros. Mantené una zancada larga y potente, impulsando fuerte con los brazos en oposición a las piernas. Mantené el torso erguido y el core apretado. Al finalizar, desacelerá gradualmente, no pares de golpe. Recuperate caminando durante 2-3 minutos entre series. Realizá 4-8 series según tu nivel.","true"
"51","exercises","Zancadas dinámicas","CARDIO","Piernas","Peso corporal","cardio|zancadas|dinamicas|walking_lunges|cuadriceps|gluteos|movilidad","Ejercicio cardiovascular de intensidad moderada que consiste en desplazarse hacia adelante dando pasos largos alternando piernas en posición de zancada. Trabaja intensamente los cuádriceps, glúteos, isquiotibiales y pantorrillas, además de mejorar la movilidad de cadera, el equilibrio y la estabilidad del core. A diferencia de las zancadas estáticas, las dinámicas incluyen un componente de desplazamiento que aumenta la demanda cardiovascular y la coordinación.","Parate erguido con los pies a la altura de los hombros. Dá un paso largo hacia adelante con una pierna, bajando la rodilla trasera casi hasta tocar el suelo. La rodilla delantera debe quedar a 90 grados y no debe pasar la punta del pie. Empujá con el talón delantero para levantarte y llevá la pierna trasera hacia adelante en el siguiente paso largo. Continuá caminando de esta forma alternando piernas. Mantené el torso erguido, el pecho arriba y el core activado. Los brazos pueden balancearse naturalmente o sostenerse sobre la cabeza para más dificultad. Realizá 10-15 zancadas por pierna o recorré una distancia determinada (20-30 metros).","true"
"52","exercises","Kettlebell swing","FUNCTIONAL","Full body","Kettlebell","kettlebell|swing|cadena_posterior|gluteos|isquiotibiales|core|potencia|hip_hinge","Ejercicio funcional de potencia basado en el patrón de movimiento hip hinge (flexión de caderas). Trabaja intensamente la cadena posterior: glúteos, isquiotibiales, erectores espinales y core, con participación de hombros y antebrazos. Consiste en impulsar una kettlebell desde entre las piernas hasta la altura del pecho o los hombros mediante la extensión explosiva de caderas. Es fundamental para desarrollar potencia de cadera, resistencia cardiovascular y fuerza funcional. A diferencia de un levantamiento con brazos, el impulso viene exclusivamente de la extensión de caderas.","Parate con los pies más anchos que los hombros y la kettlebell en el piso entre los pies. Agachate y agarrá la kettlebell con ambas manos. Mantené la espalda recta y el pecho arriba. Inclinate hacia adelante desde las caderas llevando la kettlebell hacia atrás entre las piernas (como si fueras a sentarte pero sin flexionar mucho las rodillas). De un impulso explosivo extendiendo las caderas hacia adelante para lanzar la kettlebell a la altura del pecho. Dejá que la kettlebell vuelva sola por inercia entre las piernas y repetí el movimiento. No levantes con los brazos: el impulso viene de los glúteos y las caderas. Mantené los codos relajados. El movimiento es rápido y continuo, como un péndulo.","true"
"53","exercises","Turkish get-up","FUNCTIONAL","Full body","Kettlebell","kettlebell|turkish_get_up|movilidad|estabilidad|core|hombros|propiocepcion","Ejercicio funcional complejo que consiste en levantarse del suelo hasta de pie y volver a bajar manteniendo una kettlebell extendida sobre la cabeza con un solo brazo. Trabaja la estabilidad del hombro, la movilidad de cadera y tobillo, el equilibrio, la propiocepción y el core de forma integral. Es considerado uno de los ejercicios más completos para la salud articular y la funcionalidad del cuerpo. Requiere coordinación, concentración y control en cada una de las 7 fases del movimiento.","Acostate boca arriba con una kettlebell en una mano, el brazo extendido verticalmente sobre el hombro. Flexioná la rodilla del mismo lado y mantené la otra pierna extendida en el piso. Con la mano libre, empujate del piso para sentarte sobre el glúteo. Deslizá la pierna extendida hacia atrás quedando en posición de rodilla. Levantate de pie llevando la pierna trasera hacia adelante. Bajá por el mismo camino en orden inverso: rodilla, sentado, acostado. En todo momento, mantené el brazo con la kettlebell extendido y estable sobre la cabeza. Mirá siempre la kettlebell. El movimiento debe ser lento y controlado, no rápido. Empezá sin peso para aprender la secuencia.","true"
"54","exercises","Lunges con rotación","FUNCTIONAL","Full body","Mancuerna","lunge|rotacion|funcional|core|oblicuos|equilibrio|movilidad","Ejercicio funcional que combina una zancada frontal con una rotación del torso, trabajando simultáneamente cuádriceps, glúteos, isquiotibiales, oblicuos, core estabilizador y hombros. La rotación añade un componente de anti-rotación y rotación controlada que mejora la transferencia de fuerza entre la parte superior e inferior del cuerpo. Es excelente para deportes que requieren cambios de dirección, golpes rotatorios o movimientos combinados de piernas y torso.","Parate erguido sosteniendo una mancuerna con ambas manos frente al pecho. Dá un paso largo hacia adelante con una pierna bajando en zancada hasta que ambas rodillas formen 90 grados. La rodilla delantera no debe pasar la punta del pie. En la posición más baja de la zancada, rotá el torso hacia la pierna de adelante llevando la mancuerna al lado de la cadera. Volvé al centro y empujá con el talón delantero para volver a la posición de pie. Alterná piernas. Mantené el torso erguido y el core apretado durante todo el movimiento. La rotación debe venir del torso, no de las caderas.","true"
"55","exercises","Desplantes laterales","FUNCTIONAL","Piernas","Peso corporal","desplante|lateral|funcional|aductores|abductores|gluteos|equilibrio","Ejercicio funcional de desplazamiento lateral que trabaja intensamente los aductores, abductores, glúteos medio, cuádriceps e isquiotibiales de la pierna que se flexiona, además de mejorar el equilibrio, la estabilidad de cadera y la movilidad articular. A diferencia de la zancada frontal, el desplante lateral enfatiza el trabajo en el plano frontal (movimientos laterales), que es poco trabajado en los entrenamientos tradicionales pero fundamental para la funcionalidad y la prevención de lesiones.","Parate erguido con los pies juntos. Dá un paso largo hacia un costado con una pierna, manteniendo la otra pierna completamente recta y el pie apuntando hacia adelante. Bajá la cadera de la pierna que se movió hacia abajo como si te sentaras en una silla lateral, manteniendo el torso erguido. La rodilla de la pierna que se flexionó debe quedar alineada con el tobillo y no debe pasar la punta del pie. La pierna recta debe mantenerse extendida con el pie plano en el piso. Empujá con el talón de la pierna flexionada para volver al centro. Alterná lados. Sentí el trabajo en los aductores y glúteos de la pierna que se flexionó.","true"
"56","exercises","Thrusters","FUNCTIONAL","Full body","Barra","thrusters|full_body|crossfit|sentadilla|press|potencia|aerobico","Ejercicio funcional que combina una sentadilla frontal con un press de hombros en un único movimiento fluido y continuo. Trabaja cuádriceps, glúteos, isquiotibiales, core, deltoides, tríceps y erectores espinales. Es uno de los ejercicios más demandantes cardiovascularmente con carga, ya que el movimiento involucra una gran masa muscular y un rango de movimiento amplio. Es muy usado en CrossFit, entrenamientos funcionales y circuitos de alta intensidad.","Colocá la barra en posición de front squat (sobre los hombros delante del cuello, codos altos). Parate con los pies a la altura de los hombros. Bajá en sentadilla completa manteniendo el torso vertical y los codos altos. Desde el fondo de la sentadilla, empujá con las piernas para subir y aprovechá ese impulso para empujar la barra hacia arriba en un press de hombros hasta extender los brazos. Bajá la barra controladamente a los hombros y repetí inmediatamente. El movimiento debe ser fluido: no hagas una pausa entre la sentadilla y el press. Usá un peso moderado que te permita mantener la técnica durante todas las repeticiones. Respirá: inhalá al bajar, exhalá al subir y press.","true"
"57","exercises","Clean and press","FUNCTIONAL","Full body","Barra","clean|press|olimpico|potencia|coordinacion|full_body|halterofilia","Ejercicio olímpico funcional que combina un clean (levantamiento explosivo de la barra desde el suelo hasta los hombros) con un press (empuje de la barra desde los hombros hasta por encima de la cabeza). Trabaja la cadena posterior completa, cuádriceps, glúteos, core, espalda, hombros y tríceps. Desarrolla potencia, velocidad, coordinación y la capacidad de generar fuerza a través de múltiples articulaciones de forma secuencial. Requiere técnica adecuada y se recomienda aprender con un entrenador calificado.","Parate con los pies a la altura de los hombros y la barra frente a las espinillas. Agachate y agarrá la barra con las manos un poco más anchas que los hombros (agarre de hook). Mantené la espalda recta y el pecho arriba. Empujá el piso extendiendo rodillas y caderas al mismo tiempo. Cuando la barra pase las rodillas, acelerá explosivamente extendiendo las caderas y saltando ligeramente. Recibí la barra en los hombros en posición de front squat con los codos altos (clean). Desde ahí, empujá la barra hacia arriba en un press hasta extender los brazos (press). Bajá la barra controladamente a los hombros y luego al suelo. Este ejercicio requiere técnica avanzada. Empezá con una barra vacía o un entrenador calificado.","true"
"58","exercises","Snatch","FUNCTIONAL","Full body","Barra","snatch|olimpico|potencia|coordinacion|velocidad|halterofilia|avanzado","Ejercicio olímpico de máxima complejidad técnica que consiste en levantar la barra desde el suelo hasta por encima de la cabeza en un único movimiento explosivo y continuo. Trabaja la cadena posterior completa, cuádriceps, glúteos, core, espalda, hombros, tríceps y la coordinación neuromuscular. Es considerado el ejercicio que requiere más velocidad, movilidad y coordinación en el levantamiento de pesas. Desarrolla potencia, velocidad, flexibilidad de hombro y estabilidad sobre la cabeza. Requiere técnica avanzada y supervisión profesional.","Parate con los pies a la altura de los hombros y la barra frente a las espinillas. Agachate y agarrá la barra con un agarre muy ancho (palmas hacia abajo). Mantené la espalda recta y el pecho arriba. Empujá el piso extendiendo rodillas y caderas. Cuando la barra pase las rodillas, acelerá explosivamente extendiendo las caderas y saltando. Tirá la barra hacia arriba con los brazos y simultáneamente bajá rápidamente bajo la barra recibiéndola con los brazos completamente extendidos por encima de la cabeza. Mantené la posición estable 1-2 segundos. Bajá la barra controladamente al suelo. Este es un ejercicio de técnica avanzada. NO lo intentes sin supervisión de un entrenador calificado en levantamiento olímpico. Empezá con una barra vacía o un PVC.","true"
"59","exercises","Wall ball","FUNCTIONAL","Full body","Balón","wall_ball|crossfit|full_body|sentadilla|lanzamiento|potencia|coordinacion","Ejercicio funcional que combina una sentadilla frontal con un lanzamiento de balón medicinal contra una pared. Trabaja cuádriceps, glúteos, core, pectorales, hombros, tríceps y mejora la coordinación, la potencia de caderas y la capacidad de transferir fuerza desde las piernas hacia los brazos. Es muy usado en CrossFit y entrenamientos funcionales como ejercicio de alta intensidad que eleva rápidamente la frecuencia cardíaca.","Parate a unos 50-100 cm de una pared sosteniendo un balón medicinal a la altura del pecho. Colocá los pies a la altura de los hombros. Bajá en sentadilla completa manteniendo el balón cerca del pecho y los codos apuntando hacia afuera. Desde el fondo de la sentadilla, empujá con las piernas y simultáneamente lanzá el balón hacia arriba contra la pared. El balón debe golpear la pared por encima de tu cabeza. Atrapá el balón al bajar absorbiendo el impacto con los brazos y bajá inmediatamente en la siguiente sentadilla. El movimiento debe ser fluido y continuo. No hagas una pausa entre la sentadilla y el lanzamiento. El impulso viene de las piernas, no de los brazos. Elegí un balón de peso adecuado a tu nivel (generalmente entre 3 y 9 kg).","true"
"60","exercises","Box jump","FUNCTIONAL","Piernas","Cajón","box_jump|cajon|plyometrico|potencia|cuadriceps|gluteos|explosividad","Ejercicio pliométrico funcional que consiste en saltar sobre una caja o plataforma elevada desde una posición de pie. Trabaja intensamente los cuádriceps, glúteos, isquiotibiales, pantorrillas y core, además de desarrollar potencia de caderas, explosividad, coordinación y la capacidad de absorber impactos. Es fundamental para atletas de deportes que requieren saltos, cambios de dirección y aceleraciones explosivas. La altura de la caja debe progresarse gradualmente.","Parate frente a una caja pliométrica con los pies a la altura de los hombros. Flexioná ligeramente las rodillas y las caderas como si fueras a sentarte, balanceando los brazos hacia atrás. De un impulso explosivo extendiendo rodillas y caderas al mismo tiempo, saltá sobre la caja. Aterrizá suavemente con ambos pies completamente sobre la caja y las rodillas ligeramente flexionadas para absorber el impacto. Extendé las caderas al final. Bajá caminando o saltando hacia atrás (nunca saltés hacia adelante para bajar). Empezá con una caja baja (30-40 cm) y aumentá la altura progresivamente. El objetivo es aterrizar suave y silenciosamente, no con un golpe fuerte. No uses una caja más alta de lo que podés aterrizar de forma controlada.","true"
"61","exercises","Farmer walk","FUNCTIONAL","Full body","Mancuernas","farmer_walk|agarre|core|trapecio|estabilizacion|funcional|resistencia","Ejercicio funcional de resistencia y estabilidad que consiste en caminar sosteniendo cargas pesadas en cada mano. Trabaja intensamente el agarre (flexores de dedos, antebrazos), trapecio, core estabilizador, erectores espinales, hombros y la cadena inferior. Es uno de los ejercicios más funcionales que existen, ya que simula el acto de cargar objetos pesados en la vida cotidiana. Desarrolla fuerza de agarre, postura erguida, resistencia del core y capacidad de estabilización bajo carga.","Parate con una mancuerna pesada en cada mano a los costados del cuerpo. Mantené los hombros hacia abajo y atrás (no encogidos hacia las orejas), el pecho arriba, el core muy apretado y una postura completamente erguida. Caminá en línea recta dando pasos cortos y controlados, manteniendo las mancuernas lo más cerca del cuerpo posible. No dejes que el cuerpo se incline hacia un lado ni que las mancuernas golpeen contra las piernas. Recorré una distancia determinada (generalmente 20-40 metros) o un tiempo (30-60 segundos). Bajá las mancuernas controladamente al final. Usá un peso que te desafíe pero que te permita mantener la postura erguida. El agarre debe ser el factor limitante, no la postura.","true"
"62","exercises","Sled push","FUNCTIONAL","Piernas","Trineo","sled_push|trineo|empuje|piernas|potencia|aceleracion|cuadriceps|gluteos","Ejercicio funcional de potencia y resistencia que consiste en empujar un trineo cargado a lo largo de una superficie. Trabaja intensamente los cuádriceps, glúteos, isquiotibiales, pantorrillas, core y los músculos de empuje del torso (pectorales, deltoides, tríceps). Es excelente para desarrollar fuerza de aceleración, potencia de piernas y resistencia cardiovascular sin impacto articular. La carga del trineo puede ajustarse para trabajar potencia (carga pesada, distancia corta) o resistencia (carga ligera, distancia larga).","Colocá las manos en el trineo cargado con los brazos extendidos y la espalda recta. Flexioná ligeramente las rodillas y mantené el core apretado. Empujá el trineo con las piernas extendiendo rodillas y caderas, manteniendo los brazos extendidos y la espalda neutra. No dejes que la espalda se redondee ni que las caderas se eleven más que los hombros. Caminá empujando el trineo a lo largo de la distancia indicada (generalmente 10-20 metros). La velocidad depende de la carga: con peso pesado irás lento y con peso ligero podés acelerar. Al finalizar, detené el trineo gradualmente. Para más potencia, usá una carga pesada y empujá lo más rápido posible por distancias cortas. Para resistencia, usá carga ligera y recorré distancias mayores.","true"
"63","exercises","Battle ropes","FUNCTIONAL","Full body","Cuerdas","battle_ropes|cuerdas|core|cardio|resistencia|hombros|antebrazos","Ejercicio cardiovascular de alta intensidad que consiste en crear olas con cuerdas gruesas ancladas a un punto fijo. Trabaja intensamente los hombros (deltoides y rotadores), antebrazos, core, espalda y mejora la resistencia cardiovascular de forma excepcional. Es ideal para entrenamientos HIIT, circuitos funcionales y como ejercicio de finalización de sesión. La intensidad se controla mediante la velocidad, la amplitud de las olas y la posición del cuerpo.","Parate frente al punto de anclaje de las cuerdas con una cuerda en cada mano. Flexioná ligeramente las rodillas, inclinate ligeramente hacia adelante desde las caderas y mantené el core muy apretado. Empezá a crear olas moviendo los brazos arriba y abajo alternadamente (ondas alternas) o juntos (ondas dobles). Las olas deben llegar hasta el punto de anclaje. Mantené los codos cerca del cuerpo y el movimiento debe venir de los hombros y los antebrazos, no de la espalda. Empezá con series de 20-30 segundos y descansos de 30-60 segundos. Para más dificultad, acercate al anclaje (las olas deben ser más intensas) o aumentá la velocidad. Para menos dificultad, alejate del anclaje. Mantené la respiración constante y no te olvides de apretar el core.","true"
"64","exercises","Puentes","MOBILITY","Core","Peso corporal","puente|core|gluteos|movilidad|estabilizacion|lumbopelvica","Ejercicio de movilidad y activación que consiste en elevar las caderas desde una posición supina con las rodillas flexionadas. Trabaja intensamente los glúteos, el core (transverso del abdomen, recto abdominal), los isquiotibiales y los erectores espinales. Es fundamental para la estabilidad lumbopélvica, la salud de la zona lumbar y la activación de los glúteos antes de entrenamientos de piernas o espalda. También mejora la extensión de caderas y la movilidad de la columna.","Acostate boca arriba en una colchoneta con las rodillas flexionadas y los pies apoyados en el suelo a la altura de los hombros. Los brazos pueden quedar a los costados con las palmas hacia abajo. Activá el core y apretá los glúteos. Elevá las caderas hacia arriba hasta que tu cuerpo forme una línea recta desde los hombros hasta las rodillas. Mantené la posición 2-3 segundos apretando fuerte los glúteos. Bajá controladamente hasta que las caderas casi toquen el suelo, pero sin perder la tensión. Repetí 12-15 veces. No arqueés la espalda en la parte superior ni dejes que las rodillas se abran hacia afuera.","true"
"65","exercises","Gato-vaca","MOBILITY","Espalda","Peso corporal","gato_vaca|espalda|movilidad|columna|flexion|extension|yoga","Ejercicio de movilidad articular para la columna vertebral inspirado en el yoga (Marjaryasana-Bitilasana). Consiste en alternar entre la flexión de la columna (gato) y la extensión (vaca) desde una posición a cuatro puntos. Trabaja la movilidad de cada vértebra individualmente, mejora la circulación de los discos intervertebrales, reduce la tensión lumbar y dorsal, y prepara la columna para movimientos más dinámicos. Es ideal como calentamiento de espalda o como ejercicio de recuperación.","Colocate a cuatro puntos sobre una colchoneta. Las manos deben estar directamente debajo de los hombros y las rodillas debajo de las caderas. Para la posición de gato (flexión): exhalá y arqueá la espalda hacia arriba metiendo el ombligo hacia la columna, bajá la cabeza y llevá la barbilla al pecho. Para la posición de vaca (extensión): inhalá y arqueá la espalda hacia abajo llevando el ombligo hacia el piso, elevá la cabeza y mirá hacia adelante. Movete lentamente y fluidamente entre ambas posiciones, coordinando el movimiento con la respiración. Repetí 10-15 veces. El movimiento debe ser suave y controlado, no forzado. Sentí cada vértebra moviéndose individualmente.","true"
"66","exercises","Rotación de cadera","MOBILITY","Cadera","Peso corporal","rotacion|cadera|movilidad|articulacion_coxofemoral|rango_movimiento|calentamiento","Ejercicio de movilidad específico para la articulación coxofemoral que consiste en rotar la pierna hacia afuera desde una posición a cuatro puntos. Trabaja la rotación externa de cadera, moviliza la cápsula articular, estira los rotadores externos y mejora el rango de movimiento en el plano transversal. Es fundamental para deportes que requieren giros, cambios de dirección o posturas de piernas abiertas (artes marciales, fútbol, baile). También ayuda a prevenir lesiones de cadera y rodilla al mejorar la movilidad articular.","Colocate a cuatro puntos sobre una colchoneta. Las manos debajo de los hombros y las rodillas debajo de las caderas. Flexioná una rodilla y llevála hacia adelante, colocando el pie en el piso a la altura de la mano del mismo lado (posición de lagarto). Desde ahí, rotá la cadera abriendo la pierna flexionada hacia afuera, elevando la rodilla hacia el techo lo más alto que puedas sin mover el tronco. Volvé al centro y repetí 8-10 veces. Cambiá de pierna. Mantené el tronco estable y paralelo al piso: no dejes que se incline hacia el lado de la pierna que rota. El movimiento debe venir exclusivamente de la cadera. Sentí el estiramiento en la parte externa de la cadera.","true"
"67","exercises","Foam rolling","MOBILITY","Full body","Foam roller","foam_roller|movilidad|miofascial|automaje|recuperacion|liberacion|fascia","Técnica de automasaje miofascial que utiliza un rodillo de espuma para aplicar presión sobre los tejidos blandos del cuerpo. Trabaja la fascia, el tejido conectivo que envuelve los músculos, mejorando la movilidad, reduciendo las adherencias fasciales, aumentando la circulación sanguínea y acelerando la recuperación post-entrenamiento. Puede aplicarse en cualquier zona muscular: espalda, glúteos, muslos, pantorrillas, costados y pecho. Es ideal como parte de la rutina de calentamiento, recuperación o como ejercicio de movilidad diaria.","Colocá el foam roller en el piso y acostate sobre él en la zona que querés trabajar. Usando tus manos y pies para impulsarte, deslizate lentamente hacia adelante y hacia atrás sobre el rodillo, cubriendo toda la extensión del músculo. Cuando encontrés un punto doloroso o tenso (punto gatillo), detenete y mantené la presión sobre ese punto durante 20-30 segundos respirando profundo. Sentí cómo el músculo se libera gradualmente. Luego continuá deslizándote. Trabajá cada zona 1-2 minutos. El dolor debe ser de presión tolerable, nunca agudo o punzante. Si sentís dolor agudo, movete a otra zona. Podés usarlo en espalda, glúteos, muslos (frontal, posterior, lateral), pantorrillas y costados.","true"
"68","exercises","Dislocaciones con palo","MOBILITY","Hombros","Palo","dislocaciones|hombros|movilidad|manguito_rotador|flexibilidad|calentamiento","Ejercicio de movilidad para hombros que consiste en pasar un palo o banda elástica por encima de la cabeza y detrás de la espalda con los brazos extendidos. Trabaja la flexibilidad del manguito rotador, la movilidad de la articulación escapulohumeral, el trapecio y los pectorales. Es fundamental como ejercicio de calentamiento antes de cualquier entrenamiento de press, dominadas o levantamientos por encima de la cabeza. También es excelente para rehabilitar hombros rígidos o con movilidad reducida.","Parate erguido con los pies a la altura de los hombros. Agarrá un palo de escoba, PVC o banda elástica con un agarre muy amplio (mucho más ancho que los hombros). Con los brazos extendidos, llevá el palo lentamente por encima de la cabeza y detrás de la espalda hasta donde tu movilidad lo permita. Volvé al frente por el mismo camino. El movimiento debe ser lento y controlado, sin doblar los codos. Si no podés pasar el palo detrás de la espalda, ampliá más el agarre. A medida que tu movilidad mejore, podés ir acortando el agarre progresivamente. Repetí 10-15 veces. Sentí el estiramiento en los hombros y el pecho. Nunca fuerces el rango de movimiento.","true"
"69","exercises","Movilidad de tobillos","MOBILITY","Tobillos","Peso corporal","tobillos|movilidad|flexion_dorsal|pantorrilla|calentamiento|sentadilla","Ejercicio de movilidad específico para la articulación del tobillo que mejora la flexión dorsal (capacidad de llevar la rodilla hacia adelante manteniendo el talón en el suelo). Es fundamental para la correcta ejecución de sentadillas, zancadas y cualquier movimiento que requiera flexión de tobillo. La limitación de flexión dorsal es una de las causas más comunes de compensaciones en sentadilla (talones que se levantan, rodillas que se cueven). También estira los gemelos y el sóleo.","Parate frente a una pared con una pierna adelante y la otra atrás. Colocá las manos en la pared a la altura del pecho para estabilizarte. Flexioná la rodilla de la pierna delantera y llevála hacia la pared, manteniendo el talón de ese pie firmemente apoyado en el suelo. La rodilla debe tocar o casi tocar la pared. Sentí el estiramiento en la pantorrilla y la parte frontal del tobillo. Mantené la posición 20-30 segundos. Si la rodilla no llega a la pared, alejate un poco más de la pared. Repetí 2-3 veces por pie. Este ejercicio es clave para poder hacer sentadillas profundas con los talones en el suelo.","true"
"70","exercises","Thoracic rotation","MOBILITY","Espalda","Peso corporal","rotacion_toracica|espalda|movilidad|columna_toracica|oblicuos|postura","Ejercicio de movilidad para la columna torácica (parte media de la espalda) que consiste en rotar el torso desde una posición a cuatro puntos. La columna torácica está diseñada para la rotación, pero la vida sedentaria y la mala postura la vuelven rígida, compensando con la zona lumbar y cervical. Este ejercicio restaura la movilidad torácica, mejora la rotación del tronco, reduce la tensión en la zona lumbar y cervical, y optimiza la mecánica de los movimientos de rotación en deportes y actividades cotidianas.","Colocate a cuatro puntos sobre una colchoneta. Las manos debajo de los hombros y las rodillas debajo de las caderas. Llevá una mano detrás de la cabeza con el codo apuntando hacia afuera. Desde ahí, rotá el torso abriendo el codo hacia arriba y hacia atrás, llevando la mirada hacia el techo. La cadera y las rodillas deben mantenerse quietas y estables. Volvé al centro y repetí 8-10 veces. Cambiá de lado. Enfocá la rotación en la parte media de la espalda (torácica), no en la lumbar. Sentí el estiramiento en el pecho y la rotación de la columna. El movimiento debe ser lento y controlado, no forzado.","true"
"71","exercises","90/90 stretch","MOBILITY","Cadera","Peso corporal","90_90|cadera|movilidad|rotacion_externa|rotacion_interna|estiramiento","Ejercicio de movilidad avanzada para la cadera que posiciona ambas piernas en ángulo de 90 grados: una en rotación externa (adelante) y otra en rotación interna (atrás). Trabaja simultáneamente la rotación externa de una cadera y la rotación interna de la otra, además de estirar los glúteos, piriforme, aductores y flexores de cadera. Es uno de los estiramientos más completos para la movilidad de cadera y es muy usado en yoga, movilidad funcional y preparación para sentadillas profundas.","Sentate en el suelo sobre una colchoneta. Flexioná ambas rodillas a 90 grados. Colocá una pierna delante de vos con la rodilla y el pie en el piso (rotación externa: la rodilla apunta hacia afuera). Colocá la otra pierna detrás de vos con la rodilla y el pie en el piso (rotación interna: la rodilla apunta hacia adentro). Ambas piernas deben formar ángulos de 90 grados en las rodillas y las caderas. Mantené la espalda recta y el torso erguido. Inclinate suavemente hacia adelante sobre la pierna delantera hasta sentir el estiramiento en la cadera y el glúteo. Mantené 30-45 segundos. Luego rotá el torso hacia la pierna trasera para estirar la otra cadera. Cambiá la posición de las piernas y repetí. Si no podés sentarte erguido con ambas nalgas en el piso, apoyate en las manos detrás de vos.","true"
"72","exercises","Estiramiento de isquiotibiales","STRETCHING","Femoral","Peso corporal","estiramiento|isquiotibiales|flexibilidad|femoral|sentado|piernas","Estiramiento pasivo de los músculos isquiotibiales (bíceps femoral, semimembranoso y semitendinoso) realizado desde una posición sentada con una pierna extendida. Mejora la flexibilidad de la cadena posterior, reduce la rigidez lumbar, previene lesiones de rodilla y mejora la capacidad de realizar sentadillas profundas y levantamientos de piernas. Es fundamental para corredores, ciclistas y cualquier persona que pase mucho tiempo sentada.","Sentate en el suelo sobre una colchoneta con una pierna extendida hacia adelante y la otra flexionada con el pie apoyado contra el muslo interno de la pierna extendida. Mantené la espalda recta y el pecho arriba. Inclinate hacia adelante desde las caderas (no desde la cintura) intentando alcanzar los dedos del pie extendido con las manos. Bajá hasta sentir un estiramiento cómodo en la parte posterior del muslo. No fuerces: el estiramiento debe ser suave, nunca doloroso. Mantené la posición 30-45 segundos respirando profundo. Volvé al centro y cambiá de pierna. Si no llegás a los dedos, agarrá la pantorrilla o la rodilla. Lo importante es sentir el estiramiento, no tocar el pie.","true"
"73","exercises","Estiramiento de pectorales","STRETCHING","Pecho","Peso corporal","estiramiento|pectorales|flexibilidad|pecho|apertura|postura","Estiramiento pasivo del pectoral mayor y menor realizado utilizando un marco de puerta o la pared. Abre el pecho y los hombros, corrigiendo la postura encorvada causada por el trabajo en computadora y los ejercicios de press excesivos. Mejora la movilidad del hombro, reduce la tensión en la zona cervical y previene el síndrome del hombro redondeado. Es fundamental para equilibrar el trabajo de pectorales y mantener la salud articular del hombro.","Parate junto a una pared o en el marco de una puerta. Colocá el antebrazo en la pared a la altura del hombro formando un ángulo de 90 grados (codo a la altura del hombro, mano a la altura de la cabeza). El codo debe estar a la misma altura que el hombro. Girá el torso lentamente hacia el lado opuesto hasta sentir un estiramiento cómodo en el pecho y el hombro delantero. Mantené la posición 30-45 segundos respirando profundo. Asegurate de no inclinar el cuerpo hacia adelante: el giro debe ser puro. Cambiá de lado. Si querés estirar más la parte baja del pecho, bajá el codo a la altura de la cintura. Si querés estirar la parte alta, subí el codo por encima de la altura del hombro.","true"
"74","exercises","Estiramiento de cuádriceps","STRETCHING","Cuádriceps","Peso corporal","estiramiento|cuadriceps|flexibilidad|recto_femoral|de_pie","Estiramiento pasivo de los cuádriceps (recto femoral, vasto medial, vasto lateral y vasto intermedio) realizado de pie. El recto femoral es el único cuádriceps que cruza la articulación de la cadera, por lo que este estiramiento también mejora la flexibilidad de cadera. Es fundamental para corredores, ciclistas y personas que realizan muchas sentadillas. Mejora la movilidad de rodilla, reduce la tensión en la zona lumbar y previene lesiones de la cintilla iliotibial.","Parate erguido junto a una pared o sostenéte de algo para equilibrarte. Dobleá una rodilla y agarrá el tobillo o el pie con la mano del mismo lado. Llevá el talón hacia los glúteos manteniendo las rodillas juntas (la rodilla de la pierna que se estira debe apuntar hacia abajo, no hacia afuera). Mantené el torso completamente erguido, el pecho arriba y el core apretado. Empujá suavemente la cadera hacia adelante para intensificar el estiramiento. Mantené 30-45 segundos. Bajá la pierna controladamente y cambiá de lado. Si te cuesta mantener el equilibrio, apoyá la mano libre en la pared. Si no llegás al pie, usá una banda elástica o una toalla alrededor del tobillo.","true"
"75","exercises","Estiramiento de hombros","STRETCHING","Hombros","Peso corporal","estiramiento|hombros|flexibilidad|deltoides_posterior|rotadores","Estiramiento pasivo del deltoides posterior y los rotadores externos del hombro. Mejora la movilidad de la articulación escapulohumeral, reduce la tensión en el trapecio superior y previene el síndrome del hombro redondeado. Es fundamental para personas que pasan mucho tiempo en computadora, nadadores, lanzadores y cualquier persona que realice ejercicios de press frecuentemente. Ayuda a mantener el equilibrio muscular del hombro y previene lesiones del manguito rotador.","Parate erguido con los hombros relajados. Llevá un brazo horizontalmente frente al pecho. Con la otra mano, agarrá el brazo cerca del codo (no en la articulación del codo) y tirá suavemente hacia tu pecho. Mantené el hombro del brazo que se estira bajo y relajado (no lo encogés hacia la oreja). Sentí el estiramiento en la parte posterior del hombro. Mantené 30-45 segundos. Cambiá de brazo. El estiramiento debe ser suave y cómodo, nunca doloroso. Si sentís dolor en la articulación del hombro, bajá el brazo a la altura de la cintura en lugar de horizontal. No fuerces el rango de movimiento.","true"
"76","exercises","Estiramiento de pantorrilla","STRETCHING","Pantorrilla","Peso corporal","estiramiento|pantorrilla|flexibilidad|gemelos|soleo|tobillo","Estiramiento pasivo de los gemelos (gastrocnemio) y el sóleo, los músculos de la pantorrilla. Mejora la flexibilidad del tobillo, reduce la rigidez en la cadena posterior y previene lesiones como la fascitis plantar, tendinitis de Aquiles y esguinces de tobillo. Es fundamental para corredores, saltadores y personas que usan tacones frecuentemente. La posición de pie con el talón en el suelo estira principalmente el gastrocnemio (con la rodilla extendida), mientras que con la rodilla flexionada se enfatiza el sóleo.","Parate frente a una pared con las manos apoyadas en la pared a la altura del pecho. Dá un paso atrás con una pierna, manteniendo esa pierna completamente recta y el talón firmemente apoyado en el suelo. La pierna delantera puede estar ligeramente flexionada. Inclinate hacia la pared hasta sentir un estiramiento cómodo en la pantorrilla de la pierna trasera. Mantené 30-45 segundos. Para estirar el sóleo (músculo más profundo), flexioná ligeramente la rodilla de la pierna trasera manteniendo el talón en el suelo. Cambiá de pierna. El estiramiento debe ser suave: no rebotes ni fuerces. Mantené la respiración profunda y constante.","true"
"77","exercises","Estiramiento de cadera","STRETCHING","Cadera","Peso corporal","estiramiento|cadera|flexibilidad|flexores_cadera|psoas|lagarto","Estiramiento pasivo de los flexores de cadera (psoas ilíaco, recto femoral, sartorio) realizado desde una posición de zancada baja o lagarto. Estos músculos se acortan por el sedentarismo (sentarse mucho) y pueden causar dolor lumbar, alteraciones posturales y limitaciones en la extensión de cadera. Este estiramiento es fundamental para cualquier persona que pase más de 4 horas sentada al día, corredores y personas con dolor lumbar crónico.","Colocate de rodillas sobre una colchoneta. Llevá una pierna hacia adelante formando un ángulo de 90 grados en la rodilla (la rodilla delantera debe estar directamente sobre el tobillo). Extendé la otra pierna hacia atrás con la rodilla en el suelo. Mantené el torso erguido y el pecho arriba. Inclinate suavemente hacia adelante desplazando el peso hacia la pierna delantera hasta sentir un estiramiento intenso pero cómodo en la parte frontal de la cadera de la pierna trasera (zona del psoas). Mantené 30-45 segundos. Para intensificar, elevá el brazo del mismo lado de la pierna trasera hacia arriba y llevá el torso ligeramente hacia el lado delantero. Cambiá de pierna. No dejes que la rodilla delantera pase la punta del pie.","true"
"78","exercises","Estiramiento de espalda","STRETCHING","Espalda","Peso corporal","estiramiento|espalda|flexibilidad|columna|flexion|piernas","Estiramiento pasivo de la cadena posterior completa que incluye los erectores espinales, isquiotibiales y pantorrillas. Realizado desde una posición sentada con las piernas extendidas, mejora la flexibilidad de la columna vertebral, reduce la tensión lumbar y mejora la capacidad de flexión hacia adelante. Es fundamental para personas con rigidez lumbar, corredores, nadadores y cualquier persona que busque mejorar la flexibilidad general de la espalda y las piernas.","Sentate en el suelo sobre una colchoneta con las piernas extendidas hacia adelante y los pies flexionados hacia vos (puntas hacia arriba). Mantené la espalda lo más recta posible. Inclinate hacia adelante desde las caderas (no desde la cintura) intentando alcanzar los pies o los tobillos con las manos. Bajá hasta sentir un estiramiento cómodo en la espalda baja y la parte posterior de las piernas. No fuerces: no importa si no llegás a los pies. Lo importante es mantener la espalda recta y sentir el estiramiento. Mantené 30-45 segundos respirando profundo. Si sentís dolor en la espalda baja, flexioná ligeramente las rodillas. Para más intensidad, agarrá los pies y tirá suavemente.","true"
"79","exercises","Mariposa","STRETCHING","Cadera","Peso corporal","mariposa|aductores|flexibilidad|cadera|estiramiento|yoga","Estiramiento pasivo de los aductores (músculos internos del muslo) y los flexores de cadera realizado desde una posición sentada con las plantas de los pies juntas. Mejora la apertura de cadera, la flexibilidad de la ingle y es fundamental para deportes que requieren movimientos laterales de piernas (artes marciales, gimnasia, baile). También mejora la postura de la pelvis y puede aliviar tensiones en la zona lumbar.","Sentate en el suelo sobre una colchoneta. Uní las plantas de los pies frente a vos, dejando que las rodillas caigan hacia afuera. Agarrá los tobillos o los pies con las manos. Mantené la espalda recta y el pecho arriba. Con los codos, empujá suavemente las rodillas hacia el suelo. No fuerces: el empuje debe ser ligero y constante. Mantené la posición 30-45 segundos respirando profundo. Con cada exhalación, permití que las rodillas caigan un poco más hacia el suelo. Si sentís dolor en las rodillas, alejá los pies de tu cuerpo. Para más intensidad, inclinate hacia adelante manteniendo la espalda recta. Este estiramiento mejora progresivamente con la práctica constante. No rebotes.","true"
"80","exercises","Postura del niño","STRETCHING","Espalda","Peso corporal","postura_del_nino|balasana|espalda|relajacion|yoga|lumbalgia","Postura de yoga (Balasana) que consiste en arrodillarse y sentarse sobre los talones con el torso inclinado hacia adelante y los brazos extendidos. Es una de las posturas más relajantes y restaurativas del yoga. Estira suavemente los erectores espinales, los glúteos y los flexores de cadera, alivia la tensión lumbar, calma el sistema nervioso y favorece la respiración diafragmática profunda. Es ideal como postura de descanso entre ejercicios o como ejercicio de recuperación.","Arrodillate sobre una colchoneta con las rodillas separadas al ancho de las caderas o un poco más anchas. Sentate sobre los talones. Inclinate hacia adelante extendiendo los brazos por delante de vos sobre el suelo. Apoyá la frente en el suelo o en una almohadilla. Dejá que el pecho caiga hacia el suelo entre las rodillas. Relajá completamente los hombros, el cuello y la espalda. Mantené la posición 45-60 segundos o el tiempo que necesites para relajarte. Respirá profundo, enfocándote en expandir la espalda con cada inhalación. Si sentís dolor en las rodillas, colocá una almohadilla debajo de ellas o entre los glúteos y los talones. Si la frente no llega al suelo, apoyala en las manos o en un bloque.","true"
"81","exercises","Cobra","STRETCHING","Espalda","Peso corporal","cobra|bhujangasana|espalda|extension|yoga|erectores","Postura de yoga (Bhujangasana) que consiste en extender la columna vertebral desde una posición boca abajo. Trabaja los erectores espinales, los glúteos y los trapecios inferiores, mejorando la extensión de la espalda, la postura erguida y la movilidad de la columna torácica. Es excelente para contrarrestar la flexión hacia adelante de la vida moderna (computadora, celular, volante) y aliviar la tensión lumbar leve. También abre el pecho y mejora la capacidad respiratoria.","Acostate boca abajo sobre una colchoneta con las piernas extendidas y los pies juntos. Colocá las manos en el suelo a los costados del pecho, a la altura de los hombros, con los codos pegados al cuerpo. Apretá los glúteos y los erectores espinales. Empujá con las manos elevando el torso del suelo, arqueando la espalda hacia atrás. Las caderas y los muslos deben mantenerse en contacto con el suelo. Mirá hacia adelante o ligeramente hacia arriba. Mantené 15-30 segundos respirando profundo. Bajá controladamente. No fuerces la extensión: subí solo hasta donde tu espalda lo permita cómodamente. Si sentís dolor lumbar, reducí la extensión o apoyá los antebrazos en el suelo (Sphinx pose). No bloquees los codos completamente.","true"
"82","exercises","Estiramiento de Hombro contra pared con rotación","STRETCHING","Hombros","Pared","estiramiento|hombros|movilidad|torso|rotación|pared","Estiramiento pasivo de los músculos y estructuras del hombro realizado con el brazo apoyado sobre una pared mientras se rota suavemente el torso. Mejora la movilidad del hombro y la apertura de la parte superior del cuerpo, ayudando a reducir la sensación de rigidez después de entrenar o permanecer mucho tiempo sentado.","Parate de costado junto a una pared y apoyá el brazo extendido sobre ella a la altura del hombro. Mantené el brazo en contacto con la pared y girá lentamente el torso en dirección contraria hasta sentir un estiramiento suave en el hombro y la parte superior del pecho. No fuerces la rotación ni eleves el hombro hacia la oreja. Mantené la posición 20-30 segundos respirando de manera profunda y controlada. Volvé lentamente a la posición inicial y repetí del otro lado.","true"
"83","exercises","Estiramiento Lumbar","STRETCHING","Columna Lumbar","Peso corporal","estiramiento|lumbar|espalda baja|columna|relajación|flexibilidad","Estiramiento pasivo de la región lumbar realizado acostado llevando ambas rodillas hacia el pecho. Favorece la relajación de la musculatura de la espalda baja, mejora la movilidad lumbar y puede ayudar a reducir la sensación de rigidez después de períodos prolongados sentado o de actividad física.","Acostate boca arriba sobre una colchoneta con las piernas extendidas. Flexioná ambas rodillas y llevalas lentamente hacia el pecho. Abrazá las piernas con los brazos sin tirar con fuerza y mantené la espalda relajada contra el suelo. Respirás profundo y sostené la posición durante 20-30 segundos. Volvé lentamente a la posición inicial. El movimiento debe ser cómodo y nunca generar dolor.","true"
"84","exercises","Estiramiento de Tibial sentado","STRETCHING","Tibial anterior","Peso corporal","estiramiento|tibial|tibial anterior|tobillos|piernas|flexibilidad","Estiramiento pasivo de la musculatura anterior de la pierna realizado sentado sobre los empeines. Favorece la movilidad del tobillo y reduce la tensión acumulada en la parte frontal de la pierna, siendo especialmente útil después de caminar, correr o realizar actividades que demanden repetidamente los tobillos.","Arrodillate sobre una colchoneta y apoyá suavemente los empeines contra el suelo. Sentate lentamente sobre los talones manteniendo ambos pies relajados. Sentí una tensión suave en la parte frontal de las piernas y los tobillos. Mantené la posición entre 20 y 30 segundos respirando profundamente. No rebotes ni fuerces la posición. Si sentís dolor en los tobillos, reducí la presión o salí del ejercicio.","true"
"85","exercises","Estiramiento de Pecho contra pared","STRETCHING","Pecho","Pared","estiramiento|pecho|pectorales|hombros|postura|pared","Estiramiento pasivo de los músculos pectorales realizado con el brazo apoyado contra una pared mientras se rota suavemente el torso. Mejora la movilidad del hombro y la apertura del pecho, ayudando a compensar la postura encorvada y la rigidez producida por permanecer mucho tiempo sentado.","Parate junto a una pared y apoyá la palma y el brazo contra ella. Mantené el brazo extendido y girá lentamente el torso en dirección contraria a la pared hasta sentir un estiramiento cómodo en el pecho y la parte frontal del hombro. Mantené el abdomen ligeramente activo y evitá arquear demasiado la espalda. Sostené la posición durante 20-30 segundos respirando profundo. Cambiá de lado.","true"
"86","exercises","Estiramiento de Glúteos acostado","STRETCHING","Glúteos","Peso corporal","estiramiento|glúteos|cadera|piriforme|flexibilidad|acostado","Estiramiento pasivo de los glúteos y musculatura profunda de la cadera realizado acostado. Favorece la movilidad de la cadera, reduce la sensación de tensión en los glúteos y puede ser útil después de correr, entrenar piernas o permanecer sentado durante períodos prolongados.","Acostate boca arriba y flexioná ambas rodillas. Apoyá un tobillo sobre el muslo de la pierna contraria formando una figura similar a un cuatro. Sujetá la pierna de apoyo y acercala lentamente hacia el pecho hasta sentir un estiramiento cómodo en el glúteo de la pierna cruzada. Mantené la espalda apoyada y relajá los hombros. Sostené 30-45 segundos y cambiá de lado.","true"
"87","exercises","Estiramiento de Bíceps en pared","STRETCHING","Bíceps","Pared","estiramiento|bíceps|brazo|hombros|pared|flexibilidad","Estiramiento pasivo del bíceps braquial realizado con el brazo extendido y apoyado contra una pared mientras se rota suavemente el torso. Favorece la movilidad del hombro y reduce la tensión acumulada en la parte anterior del brazo.","Parate de costado junto a una pared y apoyá la palma de la mano contra ella con el brazo extendido. Mantené el brazo aproximadamente a la altura del hombro y girá lentamente el torso en dirección contraria a la pared. Sentí un estiramiento suave en el bíceps y la parte frontal del hombro. No fuerces la posición. Mantené 20-30 segundos y repetí con el otro brazo.","true"
"88","exercises","Estiramiento de Tríceps tras nuca","STRETCHING","Tríceps","Peso corporal","estiramiento|tríceps|brazos|hombros|flexibilidad|tras nuca","Estiramiento pasivo del tríceps braquial realizado llevando un brazo flexionado por detrás de la cabeza. Mejora la movilidad del hombro y la flexibilidad del tríceps, siendo útil después de ejercicios de empuje o trabajo específico de brazos.","Parate o sentate con la espalda recta. Elevá un brazo por encima de la cabeza y flexioná el codo llevando la mano hacia la parte superior de la espalda. Con la otra mano sujetá suavemente el codo y acercalo hacia la cabeza sin generar dolor. Mantené el abdomen activo y evitá arquear la espalda. Sostené durante 20-30 segundos, respirando profundamente, y cambiá de brazo.","true"
"89","exercises","Estiramiento de Tríceps en pared","STRETCHING","Tríceps","Pared","estiramiento|tríceps|brazos|hombros|pared|movilidad","Estiramiento pasivo del tríceps y la musculatura posterior del brazo realizado con el antebrazo apoyado sobre una pared mientras el torso se inclina progresivamente. Favorece la movilidad del hombro y reduce la tensión de la parte posterior del brazo.","Parate frente a una pared y apoyá el antebrazo y la mano contra ella con el codo flexionado. Mantené el brazo elevado y comenzá a inclinar lentamente el torso hacia adelante y hacia abajo. Sentí un estiramiento suave en la parte posterior del brazo y el hombro. No rebotes ni fuerces el movimiento. Mantené la posición entre 20 y 30 segundos y repetí con el otro brazo.","true"
"90","exercises","Estiramiento Lumbar con rotación","STRETCHING","Columna Lumbar","Peso corporal","estiramiento|lumbar|rotación|espalda baja|columna|acostado","Estiramiento pasivo de la región lumbar y musculatura de la columna realizado acostado mediante una rotación controlada de las piernas. Mejora la movilidad rotacional de la zona lumbar y ayuda a reducir la sensación de rigidez de la espalda baja.","Acostate boca arriba con los brazos extendidos hacia los lados. Flexioná las rodillas y mantené los pies apoyados. Dejá caer lentamente ambas rodillas hacia un lado mientras mantenés los hombros en contacto con el suelo. Girá solo hasta sentir un estiramiento cómodo en la espalda baja y la cadera. Mantené 20-30 segundos respirando profundo y volvé lentamente al centro. Repetí hacia el otro lado.","true"
"91","exercises","Flexión de Cuello","STRETCHING","Cuello","Peso corporal","estiramiento|cuello|cervical|movilidad|relajación","Estiramiento pasivo de la musculatura posterior del cuello mediante una flexión cervical suave. Ayuda a reducir la sensación de tensión acumulada en la zona cervical y mejora la movilidad del cuello cuando se realiza de manera controlada.","Sentate o parate con la espalda recta y los hombros relajados. Bajá lentamente el mentón hacia el pecho sin encorvar el resto de la espalda. Sentí un estiramiento suave en la parte posterior del cuello. No empujes la cabeza con las manos. Mantené la posición durante 15-20 segundos respirando de manera tranquila y luego volvé lentamente a la posición inicial.","true"
"92","exercises","Rotación de Cuello","STRETCHING","Cuello","Peso corporal","estiramiento|cuello|cervical|rotación|movilidad","Movilización pasiva y controlada de la columna cervical mediante una rotación suave de la cabeza. Favorece el rango de movimiento del cuello y ayuda a disminuir la sensación de rigidez cervical.","Sentate o parate con la espalda recta y los hombros completamente relajados. Girá lentamente la cabeza hacia un lado hasta alcanzar un rango cómodo. No inclines ni levantes la cabeza. Mantené brevemente la posición final y luego regresá lentamente al centro. Repetí hacia el otro lado. El movimiento debe ser suave, lento y nunca doloroso.","true"
"93","exercises","Estiramiento de Bíceps con brazos detrás","STRETCHING","Bíceps","Peso corporal","estiramiento|bíceps|brazos|pecho|hombros|flexibilidad","Estiramiento pasivo de los bíceps y la parte anterior de los hombros realizado colocando los brazos detrás del cuerpo y extendiendo suavemente los codos. Favorece la apertura del pecho y la movilidad de los hombros.","Parate con los pies separados al ancho de las caderas. Llevá ambos brazos detrás del cuerpo y entrelazá las manos si te resulta cómodo. Extendé suavemente los codos y alejando las manos del cuerpo abrí el pecho. Mantené los hombros abajo y evitá arquear demasiado la espalda. Sostené entre 20 y 30 segundos respirando profundamente.","true"
"94","exercises","Estiramiento de Dorsales con abrazo","STRETCHING","Espalda","Peso corporal","estiramiento|dorsales|espalda alta|hombros|abrazo|flexibilidad","Estiramiento pasivo de la musculatura dorsal y de la parte superior de la espalda realizado abrazando el propio cuerpo y separando las escápulas. Favorece la movilidad de la cintura escapular y ayuda a reducir la rigidez de la espalda alta.","Parate o sentate con la espalda cómoda. Cruzá ambos brazos delante del pecho como si te estuvieras abrazando. Intentá llevar las manos hacia la parte posterior de los hombros mientras empujás suavemente los codos hacia adelante. Redondeá ligeramente la parte superior de la espalda y separá las escápulas. Mantené 20-30 segundos respirando profundo y relajando el cuello.","true"
"95","exercises","Estiramiento de Flexores de Cadera arrodillado","STRETCHING","Flexores de cadera","Peso corporal","estiramiento|cadera|flexores|psoas|zancada|movilidad","Estiramiento pasivo de los flexores de la cadera realizado desde una posición de zancada arrodillada. Mejora la movilidad de la cadera y ayuda a reducir la tensión del psoas y otros músculos flexores después de permanecer sentado durante períodos prolongados.","Arrodillate con una rodilla apoyada en el suelo y colocá el otro pie adelante formando una zancada. Mantené la espalda recta y contraé suavemente el glúteo de la pierna que queda atrás. Llevá lentamente la pelvis hacia adelante sin arquear la zona lumbar. Sentí el estiramiento en la parte frontal de la cadera de la pierna atrasada. Mantené 30-45 segundos y cambiá de lado.","true"
"96","exercises","Estiramiento de Glúteos sentado","STRETCHING","Glúteos","Peso corporal","estiramiento|glúteos|cadera|sentado|piriforme|flexibilidad","Estiramiento pasivo de los glúteos realizado sentado con una pierna cruzada sobre la otra mientras el torso se inclina hacia adelante. Favorece la movilidad de la cadera y ayuda a reducir la tensión de los glúteos y la musculatura profunda de la cadera.","Sentate en el suelo con las piernas extendidas. Flexioná una rodilla y cruzá esa pierna sobre la otra, apoyando el pie en el suelo. Mantené la espalda recta y acercá lentamente el torso hacia la pierna cruzada desde las caderas. Sentí el estiramiento en el glúteo de la pierna cruzada. Mantené 20-30 segundos respirando profundo y cambiá de lado.","true"
"97","exercises","Estiramiento de Hombro cruzado","STRETCHING","Hombros","Peso corporal","estiramiento|hombros|deltoides|brazo|movilidad|flexibilidad","Estiramiento pasivo de la parte posterior del hombro mediante el cruce del brazo frente al pecho. Favorece la movilidad de la articulación del hombro y reduce la tensión acumulada en el deltoides posterior y la zona escapular.","Parate o sentate con la espalda recta. Llevá un brazo extendido frente al pecho y cruzalo hacia el hombro contrario. Con la otra mano sujetá suavemente el brazo por encima del codo y acercalo hacia el cuerpo. Mantené los hombros relajados y evitá girar el torso. Sostené durante 20-30 segundos y cambiá de lado.","true"
"98","exercises","Estiramiento de Cuádriceps de pie","STRETCHING","Cuádriceps","Peso corporal","estiramiento|cuádriceps|piernas|rodilla|de pie|flexibilidad","Estiramiento pasivo de los músculos cuádriceps realizado de pie sujetando un pie detrás del cuerpo. Mejora la flexibilidad de la parte anterior del muslo y la movilidad de la rodilla y la cadera.","Parate derecho y, si necesitás, apoyá una mano en una pared para mantener el equilibrio. Flexioná una rodilla y sujetá el empeine del pie con la mano del mismo lado. Llevá suavemente el talón hacia los glúteos manteniendo las rodillas juntas. Evitá arquear la espalda o llevar la rodilla hacia adelante. Mantené 20-30 segundos y cambiá de pierna.","true"
"99","exercises","Estiramiento de Cuádriceps arrodillado","STRETCHING","Cuádriceps","Peso corporal","estiramiento|cuádriceps|piernas|rodilla|arrodillado|flexibilidad","Estiramiento pasivo de los cuádriceps realizado desde una posición arrodillada llevando el talón hacia el glúteo. Produce un estiramiento profundo de la parte anterior del muslo y puede mejorar la movilidad de la cadera y la rodilla.","Arrodillate sobre una colchoneta con una rodilla apoyada en el suelo. Flexioná la pierna trasera y llevá el talón hacia el glúteo sujetando el pie con la mano. Mantené la pelvis neutra y contraé suavemente el abdomen. Sentí el estiramiento en la parte frontal del muslo. No fuerces la rodilla ni arquees la espalda. Mantené 20-30 segundos y cambiá de lado.","true"
"100","exercises","Estiramiento de Gemelos en escalón","STRETCHING","Pantorrilla","Step","estiramiento|gemelos|pantorrillas|tobillos|step|flexibilidad","Estiramiento pasivo de los músculos gastrocnemios y sóleo realizado colocando el antepié sobre un escalón y descendiendo lentamente el talón. Mejora la flexibilidad de la pantorrilla y la movilidad del tobillo.","Parate sobre un escalón apoyando el antepié de una o ambas piernas y dejando los talones fuera del borde. Sujetate de una superficie estable para mantener el equilibrio. Descendé lentamente los talones hacia abajo hasta sentir un estiramiento cómodo en las pantorrillas. Mantené la posición entre 20 y 30 segundos sin rebotar. Subí lentamente y repetí.","true"
"101","exercises","Estiramiento de Pecho en puerta","STRETCHING","Pecho","Puerta","estiramiento|pecho|pectorales|hombros|puerta|postura","Estiramiento pasivo de los músculos pectorales realizado utilizando el marco de una puerta como apoyo. Favorece la apertura del pecho, la movilidad de los hombros y una postura más erguida.","Parate en el marco de una puerta y apoyá ambos antebrazos o manos sobre los laterales del marco. Colocá un pie adelante y avanzá lentamente con el cuerpo hasta sentir un estiramiento suave en el pecho y la parte frontal de los hombros. Mantené la espalda neutra y no fuerces los hombros hacia atrás. Sostené entre 20 y 30 segundos respirando profundamente.","true"
"102","exercises","Estiramiento de Hombro sobre la cabeza","STRETCHING","Hombros","Peso corporal","estiramiento|hombros|deltoides|movilidad|brazo|flexibilidad","Estiramiento pasivo de la musculatura del hombro realizado elevando el brazo por encima de la cabeza. Favorece la movilidad de la articulación del hombro y ayuda a disminuir la rigidez de la parte superior del cuerpo.","Parate o sentate con la espalda recta. Elevá un brazo por encima de la cabeza y flexioná ligeramente el codo. Con la otra mano sujetá suavemente el brazo y guiá el movimiento hasta sentir un estiramiento cómodo en el hombro. Mantené la columna neutra y evitá compensar arqueando la espalda. Sostené durante 20-30 segundos y cambiá de brazo.","true"
"103","exercises","Estiramiento de Isquiotibiales de pie","STRETCHING","Femoral","Peso corporal","estiramiento|isquiotibiales|femoral|piernas|de pie|flexibilidad","Estiramiento pasivo de los músculos isquiotibiales realizado de pie mediante una flexión de cadera con las piernas extendidas. Mejora la flexibilidad de la cadena posterior y favorece la movilidad de la cadera.","Parate con los pies separados aproximadamente al ancho de las caderas. Mantené las piernas extendidas pero sin bloquear las rodillas. Incliná lentamente el torso hacia adelante desde las caderas manteniendo la espalda lo más recta posible. Bajá hasta sentir un estiramiento cómodo en la parte posterior de los muslos. Mantené 20-30 segundos respirando profundo y volvé lentamente a la posición inicial.","true"
"104","exercises","Estiramiento de Isquiotibiales sentado","STRETCHING","Femoral","Peso corporal","estiramiento|isquiotibiales|femoral|piernas|sentado|flexibilidad","Estiramiento pasivo de los músculos isquiotibiales realizado sentado con una pierna extendida. Mejora la flexibilidad de la cadena posterior, favorece la movilidad de la cadera y puede ayudar a reducir la sensación de rigidez después de permanecer mucho tiempo sentado.","Sentate en el suelo con una pierna extendida hacia adelante y la otra flexionada. Mantené la espalda recta y el pecho abierto. Inclinate lentamente hacia adelante desde las caderas intentando acercar el torso a la pierna extendida. Llegá hasta sentir un estiramiento cómodo en la parte posterior del muslo. No fuerces para tocar el pie. Mantené 30-45 segundos respirando profundo y cambiá de pierna.","true"
"105","exercises","Estiramiento de Isquiotibiales con banda","STRETCHING","Femoral","Banda","estiramiento|isquiotibiales|femoral|banda|piernas|flexibilidad","Estiramiento pasivo asistido de los músculos isquiotibiales realizado acostado utilizando una banda elástica para elevar la pierna extendida. Permite controlar el rango de movimiento y facilita un estiramiento progresivo de la cadena posterior.","Acostate boca arriba con ambas piernas extendidas. Colocá una banda alrededor del pie de una pierna y sujetá sus extremos con las manos. Elevá lentamente esa pierna manteniendo la rodilla extendida y ayudándote con la banda. Subí hasta sentir un estiramiento cómodo en la parte posterior del muslo. No rebotes ni fuerces el rango. Mantené 20-30 segundos y cambiá de pierna.","true"
"106","exercises","Estiramiento de Sóleo de pie","STRETCHING","Pantorrilla","Pared","estiramiento|sóleo|gemelos|pantorrillas|tobillos|pared","Estiramiento pasivo del músculo sóleo realizado de pie con la rodilla ligeramente flexionada y el talón apoyado. Favorece la movilidad del tobillo y reduce la tensión de la parte profunda de la pantorrilla.","Parate frente a una pared y apoyá ambas manos. Colocá una pierna atrás con el talón completamente apoyado en el suelo. Flexioná ligeramente la rodilla de la pierna trasera y llevá lentamente el cuerpo hacia adelante manteniendo el talón abajo. Sentí el estiramiento en la parte inferior de la pantorrilla. Mantené 20-30 segundos y cambiá de pierna.","true"
"107","exercises","Estiramiento de Isquiotibiales sentado","STRETCHING","Femoral","Peso corporal","estiramiento|isquiotibiales|femoral|posterior|piernas|sentado","Estiramiento pasivo de la cadena posterior de las piernas realizado sentado mediante una flexión del torso hacia adelante. Favorece la flexibilidad de los isquiotibiales y la movilidad de la cadera.","Sentate en el suelo con ambas piernas extendidas hacia adelante. Mantené la espalda lo más recta posible e incliná lentamente el torso desde las caderas hacia las piernas. Alcanzá los pies, los tobillos o las pantorrillas según tu movilidad. No rebotes ni fuerces el movimiento. Mantené la posición durante 20-30 segundos respirando profundamente.","true"
"108","exercises","Estiramiento de Aductores sentado","STRETCHING","Aductores","Peso corporal","estiramiento|aductores|cadera|piernas|sentado|flexibilidad","Estiramiento pasivo de los músculos aductores de la cadera realizado sentado con las piernas abiertas. Favorece la movilidad de la cadera y mejora la flexibilidad de la parte interna de los muslos.","Sentate en el suelo y abrí las piernas hacia los lados hasta encontrar una posición cómoda. Mantené las rodillas extendidas sin forzarlas. Relajá las piernas y, si te resulta cómodo, incliná suavemente el torso hacia adelante desde las caderas. Sentí el estiramiento en la parte interna de los muslos. Mantené 20-30 segundos respirando profundo y sin rebotes.","true"
"109","exercises","Postura del Niño","STRETCHING","Espalda","Peso corporal","estiramiento|postura del niño|yoga|espalda|relajación|movilidad","Postura de descanso utilizada en yoga que proporciona un estiramiento suave de la espalda, caderas y parte posterior del cuerpo. Favorece la relajación muscular, la movilidad de la columna y la recuperación después de períodos de actividad o tensión.","Arrodillate sobre una colchoneta y llevá lentamente los glúteos hacia los talones. Inclinate hacia adelante hasta apoyar el torso sobre los muslos y extendé los brazos hacia adelante o dejalos relajados junto al cuerpo. Apoyá la frente en la colchoneta si llegás cómodamente. Respirás profundo y relajá progresivamente la espalda. Mantené la postura entre 30 y 60 segundos.","true"
"110","exercises","Estiramiento de Pectorales contra pared","STRETCHING","Pecho","Peso corporal","estiramiento|pectorales|pecho|hombros|pared|postura","Estiramiento pasivo de los músculos pectorales realizado contra una pared mediante la apertura progresiva del pecho. Favorece la movilidad de los hombros y ayuda a reducir la rigidez de la parte anterior del torso.","Parate junto a una pared y apoyá la mano y el antebrazo contra ella. Girá lentamente el torso en dirección contraria a la pared hasta sentir un estiramiento suave en el pecho. Mantené el hombro relajado y evitá girar demasiado rápido. Sostené durante 20-30 segundos respirando profundamente y repetí con el otro lado.","true"
"111","exercises","Estiramiento de Glúteos acostado","STRETCHING","Glúteos","Peso corporal","estiramiento|glúteos|cadera|piriforme|acostado|flexibilidad","Estiramiento pasivo de los glúteos realizado acostado mediante la flexión y cruce de una pierna sobre la otra. Favorece la movilidad de la cadera y reduce la tensión de la musculatura glútea y profunda.","Acostate boca arriba con ambas rodillas flexionadas. Apoyá el tobillo de una pierna sobre el muslo contrario y acercá lentamente la pierna de apoyo hacia el pecho. Sujetá la pierna con las manos y tirá suavemente hasta sentir un estiramiento cómodo en el glúteo. Mantené la espalda apoyada y respirás profundo durante 30-45 segundos. Cambiá de lado.","true"
"112","exercises","Estiramiento lateral de Cuello","STRETCHING","Cuello","Peso corporal","estiramiento|cuello|cervical|trapecio|movilidad|relajación","Estiramiento pasivo de la musculatura lateral del cuello realizado mediante una inclinación controlada de la cabeza hacia un lado. Ayuda a reducir la tensión de los músculos cervicales y del trapecio superior.","Sentate o parate con la espalda recta y los hombros relajados. Incliná lentamente la cabeza hacia un lado acercando la oreja al hombro sin levantar el hombro. Mantené el rostro mirando hacia adelante. Sentí un estiramiento suave en el lateral del cuello. Sostené durante 15-20 segundos y cambiá de lado. No tires de la cabeza con fuerza.","true"
"113","exercises","Estiramiento de Gemelos contra pared","STRETCHING","Pantorrilla","Peso corporal","estiramiento|gemelos|pantorrillas|tobillos|pared|piernas","Estiramiento pasivo de los músculos gastrocnemios realizado de pie utilizando una pared como apoyo. Mejora la flexibilidad de la pantorrilla y favorece la movilidad del tobillo.","Parate frente a una pared y apoyá ambas manos. Colocá una pierna atrás con la rodilla extendida y el talón completamente apoyado en el suelo. Flexioná la rodilla delantera y llevá lentamente el cuerpo hacia la pared. Sentí el estiramiento en la pantorrilla de la pierna atrasada. Mantené 20-30 segundos y cambiá de pierna.","true"
"114","exercises","Estiramiento de Dorsales sobre la cabeza","STRETCHING","Espalda","Peso corporal","estiramiento|dorsales|espalda|hombros|movilidad|flexibilidad","Estiramiento pasivo de los músculos dorsales realizado elevando los brazos por encima de la cabeza y alargando el torso. Favorece la movilidad de los hombros y la flexibilidad de la musculatura lateral de la espalda.","Parate o sentate con la espalda recta. Elevá ambos brazos por encima de la cabeza y entrelazá las manos si te resulta cómodo. Estirá los brazos hacia arriba mientras mantenés los hombros alejados de las orejas. Podés realizar una ligera inclinación lateral para aumentar suavemente el estiramiento de un lado de la espalda. Mantené 20-30 segundos respirando profundo.","true"
"115","exercises","Rotación espinal acostado","STRETCHING","Columna Lumbar","Peso corporal","estiramiento|rotación espinal|lumbar|espalda|columna|acostado","Estiramiento pasivo de la columna y musculatura lumbar realizado acostado mediante una rotación controlada de las piernas hacia un lado. Favorece la movilidad rotacional de la columna y ayuda a reducir la sensación de rigidez en la espalda.","Acostate boca arriba con los brazos extendidos hacia los lados. Flexioná ambas rodillas y elevá ligeramente los pies. Llevá lentamente las rodillas hacia un lado mientras mantenés los hombros apoyados en el suelo. Girá solo hasta alcanzar una posición cómoda. Mantené 20-30 segundos respirando profundamente y regresá al centro. Repetí hacia el otro lado.","true"
"116","exercises","Estiramiento de Cuádriceps acostado","STRETCHING","Cuádriceps","Peso corporal","estiramiento|cuádriceps|piernas|rodilla|acostado|flexibilidad","Estiramiento pasivo de los músculos cuádriceps realizado acostado mediante la flexión de la rodilla y llevando el talón hacia los glúteos. Favorece la flexibilidad de la parte anterior del muslo y la movilidad de la rodilla y cadera.","Acostate boca abajo sobre una colchoneta con las piernas extendidas. Flexioná una rodilla y llevá lentamente el talón hacia el glúteo. Sujetá el empeine con la mano del mismo lado y acercá suavemente el pie al cuerpo. Mantené las rodillas juntas y evitá levantar la pelvis del suelo. Sostené durante 20-30 segundos y cambiá de pierna.","true"
"117","exercises","Salto al cajón","PLYOMETRIC","Piernas","Cajón pliométrico","box jump|plyometrico|potencia|cuadriceps|gluteos","Ejercicio pliométrico de salto vertical sobre una caja o plataforma elevada. Desarrolla potencia explosiva en la cadena posterior y mejora la capacidad de salto.","Parado frente a un cajón pliométrico con los pies a la altura de los hombros, flexioná las rodillas y las caderas en una sentadilla parcial. Impulsate explosivamente hacia arriba, llevando las rodillas hacia el pecho, y aterrizá con ambos pies sobre el cajón en posición de sentadilla. Bajá caminando o saltando suavemente al suelo. Mantené el torso erguido durante todo el movimiento.","true"
"118","exercises","Salto con peso corporal","PLYOMETRIC","Piernas","Peso corporal","squat jump|plyometrico|piernas|cuadriceps|gluteos|cardio","Ejercicio pliométrico de salto vertical desde una posición de sentadilla. Trabaja la potencia explosiva de las piernas sin necesidad de equipo.","De pie con los pies a la altura de los hombros, flexioná las rodillas y las caderas en una sentadilla parcial. Impulsate explosivamente hacia arriba, extendiendo completamente las caderas y las rodillas en el aire. Aterrizá suavemente sobre las puntas de los pies con las rodillas ligeramente flexionadas, amortiguando el impacto, y descendé inmediatamente a la siguiente sentadilla para repetir.","true"
"119","exercises","Lunges saltados","PLYOMETRIC","Piernas","Peso corporal","jumping lunge|plyometrico|piernas|cuadriceps|gluteos|cardio","Ejercicio pliométrico de zancada con salto que alterna las piernas en el aire. Desarrolla potencia unilateral y coordinación.","En posición de zancada con una pierna adelante y la otra atrás, ambas flexionadas a 90°. Saltá explosivamente hacia arriba, cambiando de pierna en el aire, y aterrizá en zancada con la pierna opuesta adelante. Mantené el torso erguido y el core activado durante todo el movimiento. Repetí de forma continua alternando las piernas.","true"
"120","exercises","Clapping push-ups","PLYOMETRIC","Pecho","Peso corporal","push up|aplauso|plyometrico|pecho|triceps|explosivo","Ejercicio pliométrico de flexión con impulso explosivo que permite aplaudir en el aire. Desarrolla potencia y velocidad en el tren superior.","En posición de flexión con las manos a la altura de los hombros y el cuerpo en línea recta. Bajá controladamente hasta que el pecho casi toque el suelo. Empujá explosivamente con tanta fuerza que las manos se despeguen del suelo, aplaudí rápidamente y volvé a aterrizar con las manos en la posición inicial. Requiere buena base de fuerza en flexiones normales.","true"
"121","exercises","Broad jump","PLYOMETRIC","Piernas","Peso corporal","salto longitud|plyometrico|piernas|cuadriceps|gluteos|potencia","Ejercicio pliométrico de salto horizontal hacia adelante. Desarrolla potencia explosiva en la dirección frontal y mejora la capacidad de aceleración.","De pie con los pies a la altura de los hombros, flexioná las rodillas y las caderas cargando la energía como para una sentadilla. Balanceá los brazos hacia atrás y luego hacia adelante para generar impulso. Saltá hacia adelante lo más lejos posible, extendiendo las caderas y las rodillas. Aterrizá con ambos pies y amortiguá el impacto flexionando las rodillas. Mantené el equilibrio al finalizar.","true"
"122","exercises","Tuck jump","PLYOMETRIC","Piernas","Peso corporal","tuck jump|plyometrico|piernas|cuadriceps|core|cardio","Ejercicio pliométrico de salto vertical llevando las rodillas al pecho. Desarrolla potencia explosiva y coordinación en el tren inferior y activa el core.","De pie con los pies separados al ancho de las caderas, flexioná ligeramente las rodillas y balanceá los brazos hacia atrás. Impulsate explosivamente hacia arriba y, mientras estás en el aire, flexioná las caderas y llevá las rodillas lo más cerca posible del pecho. Extendé las piernas rápidamente antes de aterrizar sobre las puntas de los pies con las rodillas ligeramente flexionadas. Repetí inmediatamente sin pausa.","true"
"123","exercises","Depth jump","PLYOMETRIC","Piernas","Cajón pliométrico","depth jump|plyometrico|potencia|cuadriceps|isquiotibiales|reactividad","Ejercicio pliométrico avanzado que consiste en caer desde una altura y rebotar inmediatamente en un salto vertical máximo. Desarrolla la capacidad de reutilización de energía elástica (ciclo estiramiento-acortamiento).","Parado sobre un cajón pliométrico de altura media (30-60 cm), dá un paso hacia adelante y dejate caer al suelo aterrizando sobre las puntas de ambos pies. Inmediatamente al contacto con el suelo, sin pausa, impulsate explosivamente hacia arriba en un salto vertical máximo. Amortiguá la caída flexionando rodillas y caderas, pero mantené la transición rápida y reactiva. No saltés desde el cajón, dejate caer.","true"
"124","exercises","Skater jumps","PLYOMETRIC","Piernas","Peso corporal","skater jump|lateral|plyometrico|piernas|gluteos|agilidad","Ejercicio pliométrico lateral que simula el movimiento de un patinador. Desarrolla potencia lateral, agilidad y estabilidad de tobillo.","De pie con los pies separados al ancho de las caderas y las rodillas ligeramente flexionadas. Impulsate explosivamente hacia un lado aterrizando sobre una sola pierna en una posición de sentadilla parcial, cruzando la pierna libre detrás de la de aterrizaje sin tocar el suelo. Inmediatamente impulsate hacia el lado opuesto y repetí el movimiento alternando. Balanceá los brazos para generar impulso y mantené el ritmo continuo.","true"
"125","exercises","Sentadilla en bosu","BALANCE","Piernas","Bosu","sentadilla|bosu|equilibrio|cuadriceps|gluteos|propiocepcion","Ejercicio de sentadilla realizado sobre una superficie inestable (Bosu). Desarrolla fuerza de piernas, equilibrio y estabilidad articular.","Parado sobre el bosu con la parte redonda hacia arriba, colocá los pies separados al ancho de los hombros. Mantené el equilibrio y el core activado. Bajá en una sentadilla controlada llevando las caderas hacia atrás y flexionando las rodillas hasta que los muslos queden paralelos al suelo o lo más abajo que tu movilidad permita. Volvé a la posición inicial extendiendo las rodillas y las caderas. Mantené la mirada al frente y el torso erguido.","true"
"126","exercises","Plancha en bosu","BALANCE","Core","Bosu","plancha|bosu|equilibrio|core|abdominales|estabilidad","Ejercicio de plancha con los antebrazos apoyados sobre una superficie inestable (Bosu). Incrementa la demanda del core y los estabilizadores.","Colocá los antebrazos sobre la parte redonda del bosu, con los codos directamente debajo de los hombros. Extendé las piernas hacia atrás apoyando las puntas de los pies en el suelo. Mantené el cuerpo en una línea recta desde la cabeza hasta los talones, activando el abdomen y los glúteos. La inestabilidad del bosu obliga al core a trabajar más intensamente para mantener la posición. Respirá de forma controlada.","true"
"127","exercises","Pájaro en bosu","BALANCE","Core","Bosu","bird dog|bosu|equilibrio|core|espalda|estabilidad","Ejercicio de equilibrio y estabilidad core realizado sobre superficie inestable (Bosu). Trabaja la musculatura profunda del core, glúteos y espalda baja.","Arrodillado sobre el bosu con las manos apoyadas en el suelo frente a ti (parte redonda del bosu bajo las rodillas). Extendé simultáneamente el brazo derecho hacia adelante y la pierna izquierda hacia atrás, manteniendo el cuerpo estable y paralelo al suelo. Mantené la posición unos segundos contrayendo el core y los glúteos. Volvé a la posición inicial y alterná el brazo y la pierna. La inestabilidad del bosu aumenta el desafío de equilibrio.","true"
"128","exercises","Single leg deadlift","BALANCE","Isquiotibiales","Mancuerna","single leg deadlift|equilibrio|isquiotibiales|gluteos|unilateral","Ejercicio de peso muerto a una pierna que desarrolla fuerza unilateral, equilibrio y estabilidad de cadera. Trabaja intensamente la cadena posterior.","De pie sobre una pierna con una mancuerna en cada mano (o una sola en la mano del lado de la pierna de apoyo). Mantené una ligera flexión en la rodilla de la pierna de apoyo. Inclinate hacia adelante desde las caderas, extendiendo la pierna libre hacia atrás como contrapeso, y bajá las mancuernas cerca de la pierna de apoyo hasta sentir el estiramiento en los isquiotibiales. Volvé a la posición inicial contrayendo los glúteos. Mantené la espalda neutra y el core activado en todo momento.","true"
"129","exercises","Equilibrio en una pierna","BALANCE","Piernas","Peso corporal","equilibrio|una pierna|propiocepcion|tobillo|estabilidad","Ejercicio de equilibrio estático sobre una sola pierna. Desarrolla la propiocepción, la estabilidad articular y fortalece los estabilizadores de tobillo, rodilla y cadera.","De pie sobre una pierna con la rodilla ligeramente flexionada. Elevá la otra pierna flexionando la rodilla a 90° o extendiéndola hacia adelante. Mantené el equilibrio durante el tiempo indicado, activando el core y los glúteos. Para aumentar la dificultad, podés cerrar los ojos, agregar movimientos de brazos, o realizarlo sobre una superficie inestable. Mantené la pelvis nivelada y evitá que la rodilla de apoyo se desvíe hacia adentro.","true"
"130","exercises","Plancha con fitball","BALANCE","Core","Fitball","plancha|fitball|equilibrio|core|abdominales|estabilidad","Ejercicio de plancha con los pies o las manos apoyados sobre un fitball. La inestabilidad de la pelota incrementa la activación del core y los estabilizadores.","En posición de plancha con los antebrazos apoyados en el suelo y los pies (o las manos) sobre un fitball. Mantené el cuerpo en línea recta desde la cabeza hasta los talones, contrayendo fuertemente el abdomen y los glúteos. La pelota se moverá ligeramente, por lo que deberás estabilizar constantemente con el core. Evitá que las caderas se hundan o se eleven. Respirá de forma controlada manteniendo la tensión abdominal.","true"
"131","exercises","Puente en fitball","BALANCE","Glúteos","Fitball","puente|fitball|equilibrio|gluteos|isquiotibiales|core","Ejercicio de puente de glúteos con los pies apoyados sobre un fitball. Trabaja glúteos, isquiotibiales y core estabilizador sobre superficie inestable.","Acostado boca arriba con los brazos extendidos a los costados y los talones apoyados sobre un fitball. Las rodillas deben estar flexionadas aproximadamente 90°. Contrayendo los glúteos, elevá las caderas del suelo hasta formar una línea recta desde los hombros hasta las rodillas. Mantené la posición unos segundos apretando fuertemente los glúteos. Bajá controladamente sin tocar el suelo con las caderas y repetí. La inestabilidad del fitball exige mayor activación del core para mantener la alineación.","true"
"132","exercises","Sentadilla con palo","TECHNIQUE","Piernas","Palo","sentadilla|tecnica|movilidad|cuadriceps|gluteos|postura","Ejercicio de técnica para practicar el patrón de movimiento de la sentadilla utilizando un palo PVC. Permite enfocarse en la alineación corporal, profundidad y trayectoria correcta sin carga adicional.","Colocá un palo PVC sobre los trapecios (como en una sentadilla con barra alta), con los pies separados al ancho de los hombros y las puntas ligeramente hacia afuera. Mantené el pecho erguido, el core activado y la mirada al frente. Bajá en sentadilla llevando las caderas hacia atrás y abajo, manteniendo las rodillas alineadas con los dedos de los pies. Bajá hasta que los muslos queden paralelos al suelo o lo más profundo que tu movilidad permita. Subí extendiendo rodillas y caderas. Enfocate en la técnica: espalda neutra, peso en los talones y profundidad controlada.","true"
"133","exercises","Press con palo","TECHNIQUE","Hombros","Palo","press|tecnica|hombros|triceps|core|postura","Ejercicio de técnica para practicar el patrón de movimiento del press militar utilizando un palo PVC. Desarrolla la conciencia de la trayectoria recta, la estabilidad del core y la activación del tren superior.","De pie con los pies a la altura de los hombros, sostené un palo PVC a la altura de los hombros con un agarre ligeramente más ancho que el ancho de los hombros. Mantené el core activado, las caderas alineadas y evitá arquear la espalda baja. Empujá el palo verticalmente hacia arriba hasta que los brazos queden completamente extendidos sobre la cabeza. Bajá controladamente hasta la posición inicial. La barra debe seguir una trayectoria recta, pasando cerca de la cara. Mantené los codos ligeramente hacia adelante en la parte inferior y bloqueá los codos en la parte superior.","true"
"134","exercises","Peso muerto con palo","TECHNIQUE","Espalda","Palo","peso muerto|tecnica|movilidad|isquiotibiales|gluteos|cadena posterior","Ejercicio de técnica para practicar el patrón de movimiento del peso muerto utilizando un palo PVC. Enfoca en la bisagra de cadera, la alineación de la espalda y la activación de la cadena posterior.","De pie con los pies separados al ancho de las caderas, sostené un palo PVC frente a los muslos con un agarre prono (palmas hacia atrás) al ancho de los hombros. Mantené la espalda neutra, el pecho erguido y los hombros retraídos. Inclinate hacia adelante desde las caderas (bisagra de cadera), deslizando el palo cerca de las piernas, hasta sentir un estiramiento en los isquiotibiales. La espalda debe mantenerse recta en todo momento. Volvé a la posición inicial contrayendo los glúteos y empujando las caderas hacia adelante. Enfocate en la técnica, no en la velocidad. La barra debe mantenerse lo más cerca posible del cuerpo durante todo el recorrido.","true"
"135","exercises","Front squat con palo","TECHNIQUE","Piernas","Palo","front squat|tecnica|rack|cuadriceps|core|movilidad","Ejercicio de técnica para practicar el patrón de movimiento del front squat utilizando un palo PVC. Desarrolla la movilidad de muñecas, la estabilidad del core y la postura vertical del torso.","Colocá un palo PVC en posición de front rack: sobre los deltoides anteriores con los codos elevados y apuntando hacia adelante. Los pies deben estar separados al ancho de los hombros. Mantené el torso lo más vertical posible y el core fuertemente activado. Bajá en sentadilla llevando las caderas hacia abajo, manteniendo los codos altos en todo momento. Si los codos caen, el palo se deslizará hacia adelante. Bajá hasta la profundidad máxima que tu movilidad permita manteniendo la postura. Subí extendiendo rodillas y caderas. Este ejercicio exige mucha movilidad de muñecas, hombros y tobillos.","true"
"136","exercises","Overhead squat con palo","TECHNIQUE","Full body","Palo","overhead squat|tecnica|movilidad|hombros|tobillos|core|snatch","Ejercicio de técnica avanzado que combina sentadilla con el palo sostenido por encima de la cabeza. Requiere extrema movilidad de hombros, tobillos y caderas, además de una estabilidad core excepcional.","Levantá un palo PVC sobre la cabeza con los brazos completamente extendidos y un agarre ancho (snatch grip). Los pies deben estar separados al ancho de los hombros o ligeramente más. Mantené los brazos bloqueados, los hombros activos empujando hacia arriba y el core fuertemente contraído. Bajá en sentadilla manteniendo el palo directamente sobre el centro de gravedad (línea media del cuerpo). La espalda debe permanecer recta y el torso vertical. Bajá hasta la profundidad máxima posible. Subí extendiendo rodillas y caderas manteniendo la barra estable. Requiere mucha movilidad de hombros, tobillos y caderas. Si no podés mantener los brazos extendidos, trabajá primero la movilidad.","true"
"137","exercises","Snatch balance con palo","TECHNIQUE","Full body","Palo","snatch balance|tecnica|olimpico|snatch|recepcion|velocidad","Ejercicio de técnica olímpica que simula la recepción del snatch. Consiste en impulsar el palo desde la espalda hacia arriba y rápidamente bajar bajo él en posición de overhead squat.","Colocá un palo PVC detrás del cuello con un agarre ancho de snatch (manos más separadas que el ancho de los hombros). Los pies deben estar en posición de sentadilla. Realizá una ligera flexión de rodillas y caderas (dip) y luego impulsate explosivamente hacia arriba. Inmediatamente, mientras el palo asciende, bajá rápidamente bajo él en una sentadilla profunda recibiendo el palo con los brazos completamente extendidos sobre la cabeza. Mantené la estabilidad en la parte baja de la sentadilla y luego levantate. El objetivo es practicar la velocidad de bajada bajo la barra (drop under) y la recepción estable en overhead squat. No es un press: el impulso viene de las piernas, no de los brazos.","true"
"138","exercises","Clean pull","TECHNIQUE","Full body","Barra","clean pull|tecnica|olimpico|clean|potencia|cadena posterior","Ejercicio de técnica olímpica que consiste en la primera fase del clean: tirar la barra desde el suelo hasta la altura del pecho sin recibirla. Desarrolla potencia explosiva, fuerza de tracción y mecánica de tirón.","Colocá una barra sobre el suelo con pesas. Parate con los pies a la altura de las caderas, agarrá la barra con un agarre de clean (manos al ancho de los hombros, palmas hacia atrás). Mantené la espalda neutra, el pecho erguido y los hombros ligeramente por delante de la barra. Levantá la barra del suelo extendiendo rodillas y caderas de forma controlada. Una vez que la barra pasa las rodillas, acelerá el movimiento extendiendo explosivamente las caderas, las rodillas y los tobillos (triple extensión). Al mismo tiempo, encogé los hombros (shrug) hacia arriba. La barra debe llegar a la altura del pecho o más arriba. Dejá caer la barra controladamente al suelo. No recibas la barra: el objetivo es practicar la fase de tirón y la triple extensión explosiva.","true"
"139","exercises","Snatch pull","TECHNIQUE","Full body","Barra","snatch pull|tecnica|olimpico|snatch|potencia|traccion","Ejercicio de técnica olímpica que consiste en la primera fase del snatch: tirar la barra desde el suelo con agarre ancho hasta la altura del pecho sin recibirla por encima de la cabeza. Desarrolla potencia explosiva y mecánica de tirón ancho.","Colocá una barra sobre el suelo con pesas. Parate con los pies a la altura de las caderas, agarrá la barra con un agarre ancho de snatch (manos lo suficientemente separadas como para que la barra quede en la línea de la cadera con los brazos extendidos). Mantené la espalda neutra, el pecho erguido y los hombros ligeramente por delante de la barra. Levantá la barra del suelo extendiendo rodillas y caderas de forma controlada. Una vez que la barra pasa las rodillas, acelerá el movimiento extendiendo explosivamente las caderas, las rodillas y los tobillos (triple extensión). Encogé los hombros (shrug) hacia arriba al finalizar la extensión. La barra debe llegar a la altura del pecho o más arriba con el agarre ancho. Dejá caer la barra controladamente al suelo. No recibas la barra por encima de la cabeza: enfocate en la triple extensión y la tracción vertical.","true"
"140","exercises","Jumping jacks","WARMUP","Full body","Peso corporal","jumping jacks|calentamiento|cardio|movilidad|ritmo","Ejercicio de calentamiento cardiovascular que activa todo el cuerpo. Aumenta la frecuencia cardíaca, la temperatura corporal y la movilidad articular de hombros y caderas.","De pie con los pies juntos y los brazos a los costados. Saltá abriendo simultáneamente las piernas hacia los lados y levantando los brazos lateralmente por encima de la cabeza hasta que las manos casi se toquen. Volvé al centro llevando los pies juntos y bajando los brazos a los costados. Mantené un ritmo constante y fluido. Los saltos deben ser ligeros, aterrizando sobre las puntas de los pies. Respirá de forma natural y mantené el core ligeramente activado. Es un excelente ejercicio para elevar la temperatura corporal antes del entrenamiento principal.","true"
"141","exercises","Skipping","WARMUP","Piernas","Peso corporal","skipping|calentamiento|pies|cuadriceps|pantorrillas|coordinacion","Ejercicio de calentamiento dinámico que simula el patrón de carrera con énfasis en la elevación de rodillas. Activa los flexores de cadera, cuádriceps y pantorrillas mientras mejora la coordinación.","De pie, comenzá a saltar en el lugar llevando las rodillas alternadamente hacia arriba a una altura moderada (aproximadamente a la altura de la cadera). Mové los brazos en sincronía con las piernas como si estuvieras corriendo, con los codos flexionados a 90°. Mantené un ritmo ligero y ágil, aterrizando sobre las puntas de los pies. El torso debe permanecer erguido y el core activado. No es necesario saltar muy alto: el objetivo es activar los flexores de cadera y mejorar la coordinación de brazos y piernas. Podés avanzar lentamente en el espacio mientras hacés el ejercicio.","true"
"142","exercises","Arm circles","WARMUP","Hombros","Peso corporal","arm circles|calentamiento|hombros|movilidad|rotadores","Ejercicio de calentamiento para hombros que mejora la movilidad articular y activa los músculos del manguito rotador y deltoides mediante movimientos circulares controlados.","De pie con la espalda recta y los pies separados al ancho de las caderas. Extendé ambos brazos lateralmente a la altura de los hombros. Comenzá haciendo círculos pequeños hacia adelante con ambos brazos simultáneamente. Progresivamente, aumentá el tamaño de los círculos hasta hacerlos lo más grandes posible sin forzar. Realizá entre 10 y 15 repeticiones hacia adelante. Luego, invertí la dirección y repetí los círculos hacia atrás, comenzando pequeños y aumentando gradualmente. Mantené los brazos extendidos pero sin bloquear los codos. El movimiento debe ser controlado y sin dolor.","true"
"143","exercises","Leg swings","WARMUP","Piernas","Peso corporal","leg swings|calentamiento|cadera|isquiotibiales|flexores|movilidad","Ejercicio de calentamiento dinámico que mejora la movilidad de cadera y activa los flexores, extensores y estabilizadores de la articulación coxofemoral mediante balanceos controlados.","Parate de lado junto a una pared, barra o cualquier superficie estable, apoyando una mano para mantener el equilibrio. Separá ligeramente el pie de apoyo de la pared. Balanceá la pierna libre hacia adelante y hacia atrás como un péndulo, manteniendo el torso estable y erguido. El movimiento debe ser controlado: no fuerces el balanceo, dejá que la pierna se impulse por la inercia. Realizá entre 10 y 15 balanceos hacia adelante y atrás. Luego, girate y repetí con la otra pierna. Para variar, podés hacer balanceos laterales: balanceá la pierna hacia un lado cruzando por delante del cuerpo y luego hacia el lado opuesto. Esto calienta los aductores y abductores de cadera.","true"
"144","exercises","Trotar en el lugar","WARMUP","Piernas","Peso corporal","trotar|calentamiento|cardio|piernas|ritmo","Ejercicio de calentamiento cardiovascular bajo impacto que eleva la temperatura corporal y activa la musculatura de las piernas de forma gradual y controlada.","De pie con los pies separados al ancho de las caderas. Comenzá a trotar en el lugar levantando las rodillas moderadamente (menos que en high knees) y balanceando los brazos naturalmente como al correr. Mantené un ritmo cómodo y constante que te permita respirar de forma controlada. Aterrizá suavemente sobre las puntas de los pies. El objetivo es elevar gradualmente la frecuencia cardíaca y la temperatura corporal sin fatigarte. Mantené el torso erguido, los hombros relajados y el core ligeramente activado. Podés hacerlo durante 30-60 segundos o el tiempo que necesites para sentirte caliente.","true"
"145","exercises","Rotaciones de cuello","WARMUP","Cuello","Peso corporal","cuello|calentamiento|movilidad|trapecio|esternocleidomastoideo","Ejercicio de calentamiento para la movilidad cervical que mejora el rango de movimiento del cuello y activa suavemente la musculatura cervical antes del entrenamiento.","De pie o sentado con la espalda recta y los hombros relajados. Incliná lentamente la cabeza hacia un lado llevando la oreja hacia el hombro. Luego, rotá suavemente la cabeza hacia atrás, llevando la barbilla hacia el techo. Continuá rotando hacia el otro lado y finalmente bajá la barbilla hacia el pecho, completando un círculo lento y controlado. Realizá entre 5 y 8 rotaciones en una dirección y luego invertí el sentido. El movimiento debe ser suave y sin forzar: nunca hagas rotaciones bruscas ni uses resistencia con las manos. Si sentís alguna molestia, reducí el rango de movimiento. Este ejercicio prepara la zona cervical para movimientos que involucren la cabeza y el cuello.","true"
"146","exercises","Rotaciones de muñecas","WARMUP","Antebrazos","Peso corporal","munecas|calentamiento|movilidad|antebrazos|articulaciones","Ejercicio de calentamiento para la movilidad de muñecas y articulaciones de los antebrazos. Esencial antes de cualquier entrenamiento que involucre agarre, press o levantamiento.","Extendé ambos brazos hacia adelante a la altura de los hombros con las palmas de las manos hacia abajo. Comenzá haciendo círculos con las muñecas hacia adentro (hacia tu cuerpo) durante 10-15 repeticiones. Luego, invertí la dirección y hacé círculos hacia afuera durante 10-15 repeticiones más. A continuación, flexioná las muñecas hacia arriba (como si quisieras mostrar las palmas) y luego hacia abajo (como si quisieras mostrar el dorso de las manos), repitiendo 10-15 veces. Finalmente, uní las palmas de las manos frente al pecho y presioná suavemente hacia abajo estirando los flexores de muñeca. Mantené cada estiramiento 5-10 segundos. Estos movimientos preparan las muñecas para ejercicios con barra, mancuernas o cualquier trabajo de agarre.","true"
"147","exercises","Caminata de oso","WARMUP","Full body","Peso corporal","oso|caminata|calentamiento|core|hombros|cuadriceps|coordinacion","Ejercicio de calentamiento de locomoción animal que activa el core, hombros, cuádriceps y mejora la coordinación cruzada. Excelente para preparar el cuerpo para movimientos compuestos.","Comenzá en posición de cuadrupedia (a gatas) con las manos directamente debajo de los hombros y las rodillas debajo de las caderas. Levantá las rodillas del suelo apenas unos centímetros, manteniendo la espalda neutra y el core activado. Desde esta posición, avanzá moviendo simultáneamente la mano derecha y la pierna izquierda, luego la mano izquierda y la pierna derecha. Caminá hacia adelante manteniendo las rodillas lo más bajas posible sin tocar el suelo y la espalda plana. Evitá que las caderas se giren o se eleven. El movimiento debe ser lento y controlado, coordinando brazos y piernas opuestos. Podés caminar hacia adelante y hacia atrás en el espacio disponible. Este ejercicio activa el core, los hombros, los cuádriceps y mejora la coordinación neuromuscular.","true"
"148","exercises","Inchworm","WARMUP","Full body","Peso corporal","inchworm|calentamiento|flexibilidad|core|hombros|isquiotibiales|movilidad","Ejercicio de calentamiento dinámico de cuerpo completo que combina flexibilidad de la cadena posterior, activación del core y movilidad de hombros. Estira y fortalece simultáneamente.","De pie con los pies separados al ancho de las caderas. Inclinate hacia adelante desde las caderas y bajá las manos al suelo manteniendo las piernas lo más rectas posible (sin bloquear las rodillas). Una vez que las manos toquen el suelo, comenzá a 'caminar' con las manos hacia adelante hasta llegar a una posición de plancha extendida. Desde la plancha, opcionalmente podés hacer una flexión (push-up). Luego, empezá a caminar con las manos de vuelta hacia los pies, manteniendo las piernas rectas. Cuando las manos lleguen lo más cerca posible de los pies, levantate lentamente extendiendo la espalda y volvé a la posición inicial. Repetí el movimiento. El ejercicio estira los isquiotibiales, activa el core, los hombros y el pecho, y mejora la movilidad general.","true"
"149","exercises","High knees","WARMUP","Full body","Peso corporal","high knees|calentamiento|cardio|cuadriceps|flexores cadera|core|coordinacion","Ejercicio de calentamiento cardiovascular de alta intensidad que eleva rápidamente la frecuencia cardíaca, activa los flexores de cadera, cuádriceps, glúteos y core, y mejora la coordinación de brazos y piernas.","De pie con los pies separados al ancho de las caderas y los brazos a los costados. Comenzá a correr en el lugar llevando las rodillas lo más alto posible hacia el pecho, alternando rápidamente las piernas. Simultáneamente, balanceá los brazos en sincronía con las piernas como al correr, con los codos flexionados a 90°. Mantené el torso erguido, el pecho abierto y el core fuertemente activado. Aterrizá sobre las puntas de los pies de forma ligera y reactiva. El ritmo debe ser rápido pero controlado. Si es demasiado intenso, podés hacerlo a un ritmo más llevadero o alternar 30 segundos de trabajo con 15 segundos de descanso. Este ejercicio prepara el sistema cardiovascular y activa intensamente la musculatura de las piernas y el core.","true"
"150","exercises","Caminata lenta","COOLDOWN","Full body","Peso corporal","caminata|vuelta a la calma|cardio","Ejercicio de full body tipo cooldown. Requiere peso corporal.","Caminá lentamente por el espacio durante 3-5 minutos. Permití que la frecuencia cardíaca baje gradualmente. Respirá profundamente y relajá los hombros.","true"
"151","exercises","Respiración diafragmática","COOLDOWN","Core","Peso corporal","respiracion|relajacion|vuelta a la calma","Ejercicio de core tipo cooldown. Requiere peso corporal.","Acostado boca arriba con una mano sobre el pecho y otra sobre el abdomen, inhalá profundamente expandiendo el abdomen (no el pecho). Exhalá lentamente. Repetí 10 veces.","true"
"152","exercises","Estiramiento de espalda","COOLDOWN","Espalda","Peso corporal","estiramiento|espalda|vuelta a la calma","Ejercicio de espalda tipo cooldown. Requiere peso corporal.","De rodillas, sentate sobre los talones y extendé los brazos hacia adelante apoyando las manos en el suelo. Dejá caer la frente y relajá la espalda completamente.","true"
"153","exercises","Estiramiento de hombros","COOLDOWN","Hombros","Peso corporal","estiramiento|hombros|vuelta a la calma","Ejercicio de hombros tipo cooldown. Requiere peso corporal.","Llevá un brazo horizontalmente frente al pecho y sujetálo con el otro brazo. Mantené el estiramiento 20-30 segundos. Relajá los hombros.","true"
"154","exercises","Estiramiento de piernas","COOLDOWN","Piernas","Peso corporal","estiramiento|piernas|vuelta a la calma","Ejercicio de piernas tipo cooldown. Requiere peso corporal.","Sentado con las piernas extendidas, inclinate hacia adelante suavemente. No fuerces, solo sentí el estiramiento en los isquiotibiales y la espalda baja.","true"
"155","exercises","Foam roller de espalda","COOLDOWN","Espalda","Foam roller","foam roller|espalda|recuperacion","Ejercicio de espalda tipo cooldown. Requiere foam roller.","Acostado sobre el foam roller con éste a la altura de la espalda baja, ruedá lentamente hacia arriba y abajo por toda la espalda. Detenete en puntos tensos.","true"
"156","exercises","Shavasana","COOLDOWN","Full body","Peso corporal","shavasana|relajacion|vuelta a la calma","Ejercicio de full body tipo cooldown. Requiere peso corporal.","Acostado boca arriba con los brazos a los costados y las palmas hacia arriba, relajá completamente todo el cuerpo. Cerrá los ojos y enfocate en la respiración durante 3-5 minutos.","true"
"157","exercises","Meditación","COOLDOWN","Mental","Peso corporal","meditacion|relajacion|vuelta a la calma","Ejercicio de mental tipo cooldown. Requiere peso corporal.","Sentado cómodamente con la espalda recta, cerrá los ojos y enfocate en tu respiración. Dejá pasar los pensamientos sin aferrarte a ellos. 3-5 minutos.","true"
"158","exercises","Vacío abdominal","OTHER","Core","Peso corporal","vacio abdominal|core|transverso","Ejercicio de core. Requiere peso corporal.","De pie o a cuatro patas, exhalá todo el aire y contraé el abdomen hacia adentro como si quisieras tocar la columna con el ombligo. Mantené 10-20 segundos. Respirá normalmente.","true"
"159","exercises","Kegel","OTHER","Piso pélvico","Peso corporal","kegel|piso pelvico|rehabilitacion","Ejercicio de piso pélvico. Requiere peso corporal.","Contraé los músculos del piso pélvico (como si retuvieras la orina). Mantené la contracción 5-10 segundos y relajá. No contraigas glúteos ni abdomen.","true"
"160","exercises","Respiración costal","OTHER","Core","Peso corporal","respiracion|costal|core","Ejercicio de core. Requiere peso corporal.","Acostado con una mano sobre el pecho y otra sobre las costillas, inhalá expandiendo las costillas lateralmente. Exhalá contrayendo las costillas. No muevas el abdomen.","true"
"161","exercises","Activación glútea","OTHER","Glúteos","Banda","activacion|gluteos|prehab","Ejercicio de glúteos. Requiere banda.","Acostado boca arriba con las rodillas flexionadas y una banda elástica sobre las rodillas, separá las rodillas contra la resistencia de la banda apretando los glúteos.","true"
"162","exercises","Activación de escápulas","OTHER","Espalda","Peso corporal","activacion|escapulas|postura","Ejercicio de espalda. Requiere peso corporal.","De pie o acostado boca arriba, empujá los omóplatos hacia abajo y juntos (retracción) sin mover los brazos. Mantené 5 segundos y relajá. Enfoca la conexión mente-músculo.","true"
"163","exercises","Masaje con pelota","OTHER","Full body","Pelota","masaje|automasaje|recuperacion","Ejercicio de full body tipo other. Requiere pelota.","Con una pelota de lacrosse o tenis, apoyala sobre el músculo tensos y movete lentamente sobre ella. Cuando encontrés un punto doloroso, mantené la presión 30-60 segundos.","true"
"164","exercises","Rotaciones de cadera en 90/90","REHABILITATION","Cadera","Peso corporal","rehabilitación|correctivos|cadera|movilidad|90/90|rotación|flexibilidad","Ejercicio de movilidad de cadera realizado desde la posición 90/90 que trabaja la rotación interna y externa de la articulación. Mejora el control articular, la movilidad de la cadera y la capacidad de realizar movimientos de rotación de manera controlada.","Sentate en el suelo con una pierna adelante y la otra hacia atrás, ambas flexionadas aproximadamente a 90 grados. Mantené la espalda recta y el pecho abierto. Mové lentamente las rodillas y las caderas de un lado hacia el otro manteniendo los pies apoyados. Realizá el movimiento de forma controlada y sin rebotes. Trabajá dentro de un rango cómodo y respirando de manera tranquila.","true"
"165","exercises","Rotación controlada de cadera","REHABILITATION","Cadera","Peso corporal","rehabilitación|correctivos|cadera|movilidad|rotación|control articular","Ejercicio de movilidad articular de la cadera basado en movimientos de rotación controlados. Favorece el rango de movimiento y mejora el control neuromuscular de la articulación de la cadera.","Adoptá una posición estable y realizá una rotación lenta y controlada de la cadera. Mové la pierna dentro de un rango cómodo sin realizar movimientos bruscos. Mantené el torso estable y concentrá el movimiento en la articulación de la cadera. Repetí varias veces de manera suave y controlada.","true"
"166","exercises","Elevación de cadera","REHABILITATION","Glúteos","Peso corporal","rehabilitación|correctivos|cadera|glúteos|puente|estabilidad","Ejercicio de fortalecimiento y control de la cadera realizado elevando la pelvis desde el suelo mediante la activación de los glúteos. Mejora la capacidad de extensión de cadera y contribuye a la estabilidad de la pelvis.","Acostate boca arriba con las rodillas flexionadas y los pies apoyados en el suelo. Activá los glúteos y elevá lentamente la cadera hasta formar una línea aproximada entre hombros, caderas y rodillas. Evitá arquear excesivamente la zona lumbar. Hacé una pausa arriba y bajá lentamente la pelvis hasta el suelo.","true"
"167","exercises","Almeja","REHABILITATION","Glúteos","Banda","rehabilitación|correctivos|cadera|glúteos|almeja|banda|estabilidad","Ejercicio de activación de los músculos abductores y rotadores externos de la cadera realizado acostado de lado con una banda de resistencia. Favorece la estabilidad de la pelvis y el control lateral de la cadera.","Acostate de lado con las rodillas flexionadas y los pies juntos. Colocá la banda alrededor de los muslos si corresponde. Mantené los pies en contacto y elevá lentamente la rodilla superior sin girar la pelvis hacia atrás. Hacé una pausa arriba y bajá de manera controlada. Repetí manteniendo el abdomen ligeramente activo y cambiá de lado.","true"
"168","exercises","Estiramiento de Flexores de Cadera","REHABILITATION","Flexores de cadera","Peso corporal","rehabilitación|correctivos|cadera|flexores|psoas|estiramiento|movilidad","Estiramiento de los músculos flexores de la cadera realizado con la pelvis en retroversión. Favorece la movilidad de extensión de cadera y ayuda a reducir la tensión acumulada en la parte frontal de la cadera.","Adoptá una posición de zancada con una rodilla apoyada en el suelo y el otro pie adelante. Llevá suavemente la pelvis hacia adelante mientras realizás una ligera retroversión pélvica, como si quisieras acercar el pubis hacia el ombligo. Mantené el torso erguido y evitá arquear la zona lumbar. Sentí el estiramiento en la parte frontal de la cadera de la pierna atrasada.","true"
"169","exercises","Caminata lateral con banda","REHABILITATION","Cadera","Banda","rehabilitación|correctivos|cadera|glúteos|banda|abductores|estabilidad","Ejercicio de fortalecimiento de los músculos abductores de la cadera realizado mediante desplazamientos laterales con una banda de resistencia. Mejora la estabilidad de la pelvis, el control de la rodilla y la fuerza lateral de la cadera.","Colocá una banda alrededor de los muslos o los tobillos y adoptá una posición ligeramente flexionada de cadera y rodillas. Mantené las rodillas alineadas con los pies y el torso estable. Da pasos cortos hacia un lado manteniendo la tensión constante de la banda. Evitá juntar completamente los pies entre cada paso. Completá la serie y cambiá de dirección.","true"
"170","exercises","Estiramiento de Aductores","REHABILITATION","Aductores","Peso corporal","rehabilitación|correctivos|cadera|aductores|movilidad|flexibilidad","Estiramiento de la musculatura aductora de la cadera realizado mediante una posición amplia de las piernas. Mejora progresivamente la movilidad de la cadera y la flexibilidad de la parte interna de los muslos.","Adoptá una posición cómoda con las piernas separadas y desplazá lentamente el peso hacia un lado mientras mantenés la otra pierna extendida. Sentí un estiramiento suave en la parte interna del muslo de la pierna extendida. Mantené la espalda controlada y realizá el movimiento lentamente. No rebotes ni fuerces el rango.","true"
"171","exercises","Rotación interna de cadera","REHABILITATION","Cadera","Peso corporal","rehabilitación|correctivos|cadera|rotación interna|movilidad|control articular","Ejercicio de movilidad de cadera enfocado en la rotación interna de la articulación. Favorece el rango de movimiento y mejora el control activo de la cadera.","Adoptá una posición estable que te permita mover la pierna libremente. Realizá lentamente una rotación interna de la cadera llevando el pie y la pierna hacia afuera según el movimiento indicado. Mantené la pelvis estable y evitá compensar con el torso. Volvé lentamente a la posición inicial y repetí varias veces de manera controlada.","true"
"172","exercises","Rotación de cadera unipodal","REHABILITATION","Cadera","Peso corporal","rehabilitación|correctivos|cadera|equilibrio|unipodal|estabilidad|control","Ejercicio de control y estabilidad de cadera realizado sobre una sola pierna mientras se ejecuta una rotación controlada. Mejora el equilibrio, el control de la pelvis y la estabilidad de la articulación de la cadera.","Parate sobre una pierna manteniendo la pelvis nivelada y el torso erguido. Realizá lentamente el movimiento de rotación de la cadera indicado sin perder el equilibrio. Mantené la rodilla alineada con el pie y evitá que la pelvis se desplace excesivamente. Hacé movimientos pequeños y controlados. Cambiá de pierna al finalizar.","true"
"173","exercises","Desplazamiento en cuadrupedia","REHABILITATION","Cadera","Peso corporal","rehabilitación|correctivos|cadera|cuadrupedia|movilidad|control","Ejercicio de movilidad de cadera realizado desde una posición de cuadrupedia mediante un desplazamiento posterior controlado. Favorece la movilidad de la cadera y el control de la columna y la pelvis.","Colocate en cuatro apoyos con las manos debajo de los hombros y las rodillas debajo de las caderas. Mantené la espalda neutra y desplazá lentamente la cadera hacia atrás en dirección a los talones. Volvé hacia adelante sin perder la alineación de la columna. Realizá el movimiento de forma fluida y controlada.","true"
"174","exercises","Rotación torácica acostado de lado","REHABILITATION","Columna torácica","Peso corporal","rehabilitación|correctivos|columna torácica|espalda media|rotación|movilidad","Ejercicio de movilidad de la columna torácica realizado acostado de lado mediante una rotación controlada del torso. Favorece la movilidad de la espalda media y la capacidad de rotación del tronco.","Acostate de lado con las rodillas flexionadas y los brazos extendidos frente al cuerpo. Mantené las piernas estables y elevá lentamente el brazo superior mientras rotás el torso hasta abrir el pecho hacia el lado contrario. Seguí el movimiento con la mirada. Volvé lentamente a la posición inicial y repetí de forma controlada.","true"
"175","exercises","Flexión y extensión de columna","REHABILITATION","Columna torácica","Peso corporal","rehabilitación|correctivos|columna|movilidad|flexión|extensión","Ejercicio de movilidad de la columna mediante movimientos alternados de flexión y extensión. Favorece el control segmentario de la columna y la coordinación entre movimiento y respiración.","Adoptá una posición estable y realizá lentamente una flexión de la columna, redondeando suavemente la espalda. Luego invertí el movimiento realizando una extensión controlada y abriendo el pecho. Coordiná el movimiento con una respiración tranquila. Evitá llevar la columna a rangos dolorosos y mantené el movimiento fluido.","true"
"176","exercises","Extensión torácica con apoyo","REHABILITATION","Columna torácica","Peso corporal","rehabilitación|correctivos|columna torácica|espalda media|extensión|foam roller","Ejercicio de movilidad y extensión de la columna torácica utilizando un foam roller como punto de apoyo. Favorece la extensión de la espalda media y la apertura del pecho.","Acostate boca arriba y colocá el foam roller transversalmente debajo de la parte media de la espalda. Apoyá las manos detrás de la cabeza y mantené los pies firmes en el suelo. Extendé suavemente la columna torácica sobre el roller sin forzar la zona lumbar. Volvé al centro y repetí lentamente en diferentes segmentos de la espalda media.","true"
"177","exercises","Rotación de brazo bajo el cuerpo","REHABILITATION","Columna torácica","Peso corporal","rehabilitación|correctivos|columna torácica|rotación|hombros|movilidad","Ejercicio de movilidad torácica realizado desde una posición de cuadrupedia mediante el paso controlado de un brazo por debajo del cuerpo. Favorece la rotación de la espalda media y la movilidad de la cintura escapular.","Colocate en cuatro apoyos con las manos debajo de los hombros. Pasá lentamente un brazo por debajo del otro mientras rotás suavemente el torso. Bajá el hombro hacia el suelo dentro de un rango cómodo. Volvé lentamente a la posición inicial y repetí con el otro brazo.","true"
"178","exercises","Rotación torácica en cuadrupedia","REHABILITATION","Columna torácica","Peso corporal","rehabilitación|correctivos|columna torácica|rotación|cuadrupedia|movilidad","Ejercicio de movilidad de la columna torácica realizado en cuadrupedia mediante la rotación controlada de un brazo hacia arriba. Mejora la movilidad rotacional de la espalda media y el control de la cintura escapular.","Colocate en cuatro apoyos con la espalda neutra. Colocá una mano detrás de la cabeza y llevá lentamente el codo hacia arriba mientras rotás el torso. Intentá mirar el codo al final del movimiento sin mover excesivamente la pelvis. Volvé lentamente y repetí varias veces antes de cambiar de lado.","true"
"179","exercises","Rotación torácica sentado","REHABILITATION","Columna torácica","Peso corporal","rehabilitación|correctivos|columna torácica|espalda media|rotación|sentado","Ejercicio de movilidad de la columna torácica realizado sentado mediante una rotación controlada del torso. Favorece el rango de movimiento rotacional y el control postural.","Sentate con la espalda recta y los pies apoyados en el suelo. Mantené el pecho abierto y rotá lentamente el torso hacia un lado sin mover excesivamente la pelvis. Llegá hasta un rango cómodo y volvé lentamente al centro. Repetí hacia el otro lado manteniendo una respiración controlada.","true"
"180","exercises","Extensión torácica contra pared","REHABILITATION","Columna torácica","Peso corporal","rehabilitación|correctivos|columna torácica|extensión|pared|postura","Ejercicio de movilidad de la columna torácica realizado contra una pared para favorecer la extensión de la espalda media y la apertura del pecho.","Parate con la espalda cerca de una pared y mantené los pies firmes. Apoyá suavemente la parte superior de la espalda contra la pared y llevá el pecho hacia arriba mientras realizás una extensión controlada de la columna torácica. Evitá compensar arqueando excesivamente la zona lumbar. Volvé lentamente a la posición inicial.","true"
"181","exercises","Alcance frontal sobre roller","REHABILITATION","Columna torácica","Peso corporal","rehabilitación|correctivos|columna torácica|foam roller|movilidad|alcance","Ejercicio de movilidad de la columna torácica realizado con apoyo sobre un foam roller y un alcance progresivo de los brazos. Favorece la movilidad de la espalda media y la capacidad de extensión y alcance de los hombros.","Colocate sobre un foam roller en una posición cómoda y estable. Extendé los brazos hacia adelante y realizá un alcance progresivo, intentando alargar las manos sin perder el control de la columna. Mantené el abdomen activo y respirás de manera tranquila. Volvé lentamente a la posición inicial.","true"
"182","exercises","Flexión de columna sentado","REHABILITATION","Columna torácica","Peso corporal","rehabilitación|correctivos|columna torácica|flexión|espalda media|sentado","Ejercicio de movilidad de la columna torácica mediante una flexión controlada desde una posición sentada. Favorece la movilidad de la espalda media y el control del movimiento de la columna.","Sentate con los pies apoyados y la espalda erguida. Iniciá lentamente una flexión de la columna llevando el pecho hacia las piernas y permitiendo que la espalda media se redondee suavemente. Respirás profundamente durante el movimiento. Volvé lentamente a la posición inicial sin realizar rebotes.","true"
"183","exercises","Rotación controlada de columna","REHABILITATION","Columna torácica","Peso corporal","rehabilitación|correctivos|columna|torácica|rotación|control articular","Ejercicio de control articular de la columna torácica basado en movimientos lentos y controlados de rotación. Favorece la movilidad segmentaria y el control neuromuscular del tronco.","Adoptá una posición estable con la espalda recta. Realizá lentamente una rotación del torso hacia un lado manteniendo la pelvis estable. Llegá hasta un rango cómodo y regresá de manera controlada al centro. Repetí hacia el otro lado. Priorizá la calidad del movimiento antes que la amplitud.","true"
"184","exercises","Retracción de mentón","REHABILITATION","Cuello","Peso corporal","rehabilitación|correctivo|cuello|postura|cervical|retracción","Ejercicio de control cervical que trabaja la alineación de la cabeza y activa suavemente la musculatura profunda del cuello. Ayuda a mejorar la posición cervical y a reducir el hábito de llevar la cabeza hacia adelante.","Sentate o parate con la espalda recta y la mirada al frente. Sin inclinar la cabeza hacia arriba o abajo, llevá suavemente el mentón hacia atrás, como si quisieras formar una pequeña papada. Mantené unos segundos y relajá. El movimiento debe ser suave y sin dolor.","true"
"185","exercises","Retracción de mentón contra pared","REHABILITATION","Cuello","Peso corporal","rehabilitación|correctivo|cuello|postura|cervical|pared","Ejercicio de alineación cervical realizado contra una pared para facilitar el control de la posición de la cabeza y favorecer una postura cervical más neutra.","Apoyá la espalda y la parte posterior de la cabeza contra una pared. Mirá al frente y llevá suavemente el mentón hacia atrás sin levantar ni bajar la cabeza. Mantené la posición unos segundos y relajá. No empujes con fuerza contra la pared.","true"
"186","exercises","Empuje isométrico frontal de cuello","REHABILITATION","Cuello","Peso corporal","rehabilitación|correctivo|cuello|isométrico|cervical|control","Ejercicio isométrico de baja intensidad para activar la musculatura cervical anterior mediante una resistencia manual sin producir movimiento de la cabeza.","Colocá una mano sobre la frente. Intentá llevar suavemente la cabeza hacia adelante mientras la mano ofrece resistencia para impedir el movimiento. Mantené el cuello en posición neutra durante unos segundos. Usá una fuerza suave y no provoques dolor.","true"
"187","exercises","Empuje isométrico posterior de cuello","REHABILITATION","Cuello","Peso corporal","rehabilitación|correctivo|cuello|isométrico|cervical|extensión","Ejercicio isométrico para activar la musculatura posterior del cuello utilizando resistencia manual sin realizar movimiento visible de la cabeza.","Colocá una mano detrás de la cabeza. Intentá empujar suavemente la cabeza hacia atrás mientras la mano resiste el movimiento. Mantené la cabeza quieta y el cuello neutro durante unos segundos. Después relajá lentamente.","true"
"188","exercises","Presión isométrica lateral de cuello","REHABILITATION","Cuello","Peso corporal","rehabilitación|correctivo|cuello|isométrico|cervical|lateral","Ejercicio isométrico para trabajar el control lateral de la musculatura cervical mediante resistencia manual, manteniendo la cabeza alineada.","Colocá una mano contra el costado de la cabeza. Intentá inclinar suavemente la cabeza hacia la mano mientras la mano impide el movimiento. Mantené la cabeza centrada y el cuello relajado. Sostené unos segundos y repetí del otro lado.","true"
"189","exercises","Rotaciones de cuello","REHABILITATION","Cuello","Peso corporal","rehabilitación|correctivo|cuello|movilidad|cervical|rotación","Ejercicio de movilidad cervical que busca mejorar el rango de rotación del cuello mediante movimientos lentos y controlados.","Sentate o parate con la espalda recta. Mirá al frente y girá lentamente la cabeza hacia un lado hasta donde resulte cómodo. Volvé al centro y repetí hacia el otro lado. No fuerces el movimiento ni hagas rebotes.","true"
"190","exercises","Estiramiento de trapecio superior","REHABILITATION","Cuello","Peso corporal","rehabilitación|correctivo|cuello|trapecio|estiramiento|flexibilidad","Estiramiento suave dirigido principalmente al trapecio superior para reducir la sensación de tensión y mejorar la movilidad lateral del cuello.","Sentate con la espalda recta y los hombros relajados. Incliná lentamente la cabeza hacia un lado, acercando la oreja al hombro. No levantes el hombro. Mantené el estiramiento de forma cómoda y respirando profundamente. Repetí del otro lado.","true"
"191","exercises","Estiramiento del elevador de la escápula","REHABILITATION","Cuello","Peso corporal","rehabilitación|correctivo|cuello|elevador|escápula|estiramiento|escapulas","Estiramiento suave del elevador de la escápula mediante una combinación controlada de flexión y rotación cervical.","Sentate con la espalda recta. Girá suavemente la cabeza hacia un lado y llevá la mirada hacia abajo, como si quisieras mirar el bolsillo de tu pantalón. Podés acompañar suavemente con la mano, sin tirar. Mantené la posición y respir&aacute; profundo.","true"
"192","exercises","Rotación controlada de cuello","REHABILITATION","Cuello","Peso corporal","rehabilitación|correctivo|cuello|movilidad|control motor|cervical","Ejercicio de movilidad cervical que utiliza un recorrido amplio pero controlado para mejorar la coordinación y el control del movimiento del cuello.","Comenzá mirando al frente. Mové lentamente la cabeza realizando un recorrido controlado de rotación y flexión hacia diferentes posiciones cómodas. Evitá movimientos bruscos y mantené una respiración tranquila durante todo el recorrido.","true"
"193","exercises","Retracción cervical isométrica","REHABILITATION","Cuello","Peso corporal","rehabilitación|correctivo|cuello|cervical|isométrico|postura","Ejercicio isométrico de control cervical destinado a fortalecer y mejorar la resistencia de la musculatura profunda del cuello mediante una retracción sostenida.","Sentate o parate erguido. Llevá suavemente el mentón hacia atrás manteniendo la mirada al frente. Sostené la posición durante varios segundos sin apretar los dientes ni elevar los hombros. Relajá y repetí.","true"
"194","exercises","Retracción escapular","REHABILITATION","Espalda alta","Peso corporal","rehabilitación|correctivo|escápulas|espalda alta|postura|retracción","Ejercicio de control escapular orientado a mejorar la capacidad de llevar las escápulas suavemente hacia atrás y mantener una posición estable de la parte superior de la espalda.","Sentate o parate con el pecho abierto y los brazos relajados. Llevá suavemente los hombros hacia atrás y acercá las escápulas entre sí, sin elevar los hombros. Mantené unos segundos y relajá.","true"
"195","exercises","Rechazo escapular","REHABILITATION","Escápulas","Peso corporal","rehabilitación|correctivo|escápulas|serrato|plancha|control|serrato_anterior","Ejercicio de protracción escapular que mejora el control de las escápulas y favorece la activación del serrato anterior.","Colocate en posición de plancha con los brazos extendidos o frente a una pared. Sin doblar los codos, dejá que el pecho se acerque ligeramente y después empujá el suelo o la pared separando las escápulas. Mové principalmente los hombros y mantené los brazos rectos.","true"
"196","exercises","Deslizamiento escapular en pared","REHABILITATION","Espalda alta","Peso corporal","rehabilitación|correctivo|escápulas|pared|movilidad|postura|escapulas","Ejercicio de movilidad y control escapular que utiliza la pared como referencia para mejorar la coordinación de los hombros y la parte superior de la espalda.","Apoyá los brazos contra la pared manteniendo el contacto. Deslizá lentamente los brazos hacia arriba y luego bajalos. Intentá mantener una postura estable y evitá arquear excesivamente la zona lumbar.","true"
"197","exercises","Apertura escapular con banda","REHABILITATION","Espalda alta","Banda","rehabilitación|correctivo|escápulas|banda|espalda alta|postura","Ejercicio con banda para trabajar la musculatura de la espalda alta y mejorar el control de las escápulas mediante una apertura horizontal de los brazos.","Sostené la banda con ambas manos frente al pecho. Separá las manos llevando los brazos hacia los costados mientras acercás suavemente las escápulas. Volvé lentamente a la posición inicial sin perder el control.","true"
"198","exercises","Elevaciones Y-T-W","REHABILITATION","Espalda alta","Mancuernas","rehabilitación|correctivo|escápulas|hombros|YTW|espalda alta","Ejercicio de control de la espalda alta que combina posiciones de brazos en Y, T y W para trabajar la musculatura estabilizadora de las escápulas y los hombros.","Acostate boca abajo y sostené mancuernas livianas. Elevá los brazos formando primero una Y, después una T y finalmente una W, siempre con movimientos lentos. Mantené las escápulas activas y evitá usar impulso.","true"
"199","exercises","Retracción escapular boca abajo","REHABILITATION","Espalda alta","Peso corporal","rehabilitación|correctivo|escápulas|retracción|espalda alta|postura","Ejercicio de control escapular realizado boca abajo para mejorar la capacidad de retraer las escápulas sin compensaciones excesivas de los hombros.","Acostate boca abajo con los brazos relajados. Elevá los brazos formando una T y acercá suavemente las escápulas entre sí. Mantené el cuello relajado y bajá los brazos lentamente.","true"
"200","exercises","Deslizamiento escapular con activación del serrato","REHABILITATION","Serrato anterior","Peso corporal","rehabilitación|correctivo|serrato|escápulas|movilidad|control|escapulas","Ejercicio de control escapular que busca mejorar la participación del serrato anterior durante el deslizamiento de los brazos.","Apoyá los antebrazos contra una pared. Presioná suavemente la pared mientras deslizás los brazos hacia arriba. Intentá mantener las escápulas controladas y evitá encoger los hombros hacia las orejas.","true"
"201","exercises","Depresión escapular","REHABILITATION","Escápulas","Peso corporal","rehabilitación|correctivo|escápulas|depresión|postura|hombros|espalda_alta","Ejercicio de control escapular destinado a mejorar la capacidad de mantener los hombros alejados de las orejas y estabilizar la cintura escapular.","Sentate o parate con los brazos relajados. Bajá suavemente los hombros alejándolos de las orejas, como si quisieras alargar el cuello. Mantené unos segundos sin arquear la espalda y después relajá.","true"
"202","exercises","Rotaciones escapulares","REHABILITATION","Escápulas","Peso corporal","rehabilitación|correctivo|escápulas|rotación|movilidad|control|espalda_alta","Ejercicio de movilidad escapular que busca mejorar el control y la coordinación de los movimientos de las escápulas.","Realizá movimientos lentos con los hombros llevando las escápulas hacia arriba, atrás, abajo y adelante. Dibujá círculos controlados con los hombros sin mover bruscamente el cuello.","true"
"203","exercises","Empuje escapular acostado","REHABILITATION","Serrato anterior","Mancuernas","rehabilitación|correctivo|serrato|escápulas|mancuernas|estabilidad|escapulas","Ejercicio de activación escapular realizado acostado que enfatiza la protracción controlada y la activación del serrato anterior.","Acostate boca arriba con una mancuerna liviana en cada mano y los brazos extendidos hacia el techo. Sin doblar los codos, elevá ligeramente los hombros separando las escápulas del suelo. Bajá lentamente y repetí.","true"
"204","exercises","Rotación controlada de hombro","REHABILITATION","Hombros","Peso corporal","rehabilitación|correctivo|hombros|movilidad|rotación|control","Ejercicio de movilidad del hombro que utiliza movimientos circulares lentos y controlados para mejorar el rango de movimiento y la coordinación articular.","Dejá el brazo relajado y realizá movimientos circulares lentos con el hombro. Hacé círculos pequeños al principio y aumentá el recorrido solo si resulta cómodo. Evitá movimientos bruscos.","true"
"205","exercises","Rotación externa de hombro con banda","REHABILITATION","Hombros","Banda","rehabilitación|correctivo|hombros|manguito rotador|rotación externa|banda|manguito_rotador","Ejercicio con banda orientado al fortalecimiento y control de los músculos rotadores externos del hombro, manteniendo el brazo cercano al cuerpo.","Fijá la banda a un punto estable a la altura del codo. Mantené el codo pegado al cuerpo y doblado aproximadamente a 90 grados. Girá el antebrazo hacia afuera contra la resistencia y volvé lentamente. No separes el codo del torso.","true"
"206","exercises","Deslizamientos de hombros contra pared","REHABILITATION","Hombros","Peso corporal","rehabilitación|correctivo|hombros|pared|escápulas|movilidad|escapulas","Ejercicio de movilidad y control de hombros que utiliza la pared para favorecer una trayectoria controlada durante la elevación de los brazos.","Parate frente a una pared y apoyá las manos o antebrazos. Deslizá lentamente los brazos hacia arriba manteniendo el contacto con la pared tanto como resulte cómodo. Bajá de forma controlada.","true"
"207","exercises","Protracción escapular","REHABILITATION","Escápulas","Peso corporal","rehabilitación|correctivo|protracción|escápulas|serrato|hombros|serrato_anterior","Ejercicio de control escapular enfocado en la protracción, ayudando a mejorar la capacidad de mover las escápulas sin doblar los brazos.","Colocate con los brazos extendidos frente a vos. Sin doblar los codos, empujá suavemente las manos hacia adelante separando las escápulas. Volvé lentamente a la posición inicial.","true"
"208","exercises","Estiramiento de rotación interna de hombro acostado","REHABILITATION","Hombros","Peso corporal","rehabilitación|correctivo|hombros|estiramiento|rotación interna|movilidad","Ejercicio de movilidad suave destinado a mejorar el rango de rotación interna del hombro desde una posición acostada.","Acostate boca arriba y colocá el brazo en una posición cómoda. Mové suavemente el antebrazo hacia el rango de rotación interna sin forzar. Mantené el movimiento lento y controlado y detenete si aparece dolor.","true"
"209","exercises","Apertura de hombros con banda","REHABILITATION","Hombros","Banda","rehabilitación|correctivo|hombros|banda|escápulas|postura|espalda_alta","Ejercicio con banda para fortalecer la musculatura de la espalda alta y mejorar el control de los hombros mediante una apertura horizontal.","Sostené la banda frente al cuerpo con ambas manos. Separá las manos hacia los costados manteniendo los brazos controlados. Acercá suavemente las escápulas y regresá lentamente a la posición inicial.","true"
"210","exercises","Flexión de hombro","REHABILITATION","Hombros","Peso corporal","rehabilitación|correctivo|hombros|flexión|movilidad|postura","Ejercicio de movilidad activa del hombro mediante la elevación de los brazos por encima de la cabeza, manteniendo una postura controlada.","Parate o sentate con la espalda recta. Elevá lentamente los brazos por delante del cuerpo y llevá las manos hacia arriba tanto como resulte cómodo. Bajá lentamente. Evitá compensar arqueando demasiado la zona lumbar.","true"
"211","exercises","Rotación externa de brazo contra pared","REHABILITATION","Hombros","Peso corporal","rehabilitación|correctivo|hombros|rotación externa|pared|isométrico|manguito_rotador","Ejercicio isométrico para trabajar el control de la rotación externa del hombro utilizando la pared como resistencia.","Parate de costado junto a una pared y colocá el brazo en una posición cómoda. Presioná suavemente el brazo o el dorso de la mano contra la pared intentando realizar una rotación externa sin mover el cuerpo. Mantené unos segundos y relajá.","true"
"212","exercises","Círculos controlados de hombro","REHABILITATION","Hombros","Peso corporal","rehabilitación|correctivo|hombros|movilidad|círculos|control","Ejercicio de movilidad activa que utiliza círculos controlados de los brazos para mejorar el rango de movimiento y la coordinación del hombro.","Extendé los brazos de forma cómoda y realizá círculos lentos y controlados. Empezá con un recorrido pequeño y aumentalo progresivamente si no aparece molestia. Mantené el torso estable.","true"
"213","exercises","Extensión de hombros con banda","REHABILITATION","Hombros","Banda","rehabilitación|correctivo|hombros|extensión|banda|espalda alta|espalda_alta","Ejercicio con banda para trabajar la extensión del hombro y mejorar el control de la articulación y la musculatura de la espalda alta.","Sostené una banda delante tuyo o fijada frente al cuerpo. Llevá los brazos suavemente hacia atrás manteniendo el pecho abierto y los hombros lejos de las orejas. Volvé lentamente a la posición inicial.","true"
"214","exercises","Extensión de rodilla con banda","REHABILITATION","Cuádriceps","Banda","rehabilitación|correctivo|rodillas|cuádriceps|banda|extensión","Ejercicio de fortalecimiento y control de la extensión terminal de la rodilla utilizando una banda elástica como resistencia.","Fijá la banda detrás de la rodilla y colocate con la pierna ligeramente flexionada. Extendé la rodilla de forma controlada hasta quedar casi completamente recta. Volvé lentamente sin perder la tensión de la banda.","true"
"215","exercises","Descenso desde cajón","REHABILITATION","Piernas","Peso corporal","rehabilitación|correctivo|rodillas|step|control|piernas","Ejercicio unilateral de control de la pierna que trabaja la capacidad de bajar de un cajón manteniendo la alineación de la rodilla y controlando el movimiento.","Parate sobre un cajón o step bajo. Bajá lentamente una pierna hacia el suelo mientras mantenés el peso principalmente sobre la pierna que está arriba. Controlá que la rodilla siga la dirección de los dedos del pie. Volvé a subir con control.","true"
"216","exercises","Sentadilla asistida con banda","REHABILITATION","Piernas","Banda","rehabilitación|correctivo|rodillas|sentadilla|banda|piernas","Variante asistida de sentadilla que utiliza una banda detrás de las rodillas para proporcionar apoyo y facilitar el control del movimiento.","Colocá una banda resistente detrás de las rodillas y fijala a un punto estable. Alejate hasta sentir una tensión cómoda. Flexioná las rodillas y bajá manteniendo el torso controlado. Subí lentamente y evitá que las rodillas colapsen hacia adentro.","true"
"217","exercises","Cuádriceps isométrico","REHABILITATION","Cuádriceps","Peso corporal","rehabilitación|correctivo|rodillas|cuádriceps|isométrico|fortalecimiento","Ejercicio isométrico de activación del cuádriceps que busca mejorar la capacidad de contraer el músculo manteniendo la rodilla extendida.","Acostate o sentate con la pierna extendida. Contraé el cuádriceps intentando presionar la parte posterior de la rodilla contra el suelo. Mantené la contracción durante varios segundos y relajá lentamente.","true"
"218","exercises","Puente con foco en isquiotibiales","REHABILITATION","Isquiotibiales","Peso corporal","rehabilitación|correctivo|rodillas|isquiotibiales|puente|glúteos|gluteos","Ejercicio de cadena posterior que utiliza la elevación de la cadera para trabajar principalmente los isquiotibiales y glúteos, con énfasis en el apoyo de los talones.","Acostate boca arriba con las rodillas flexionadas y los talones apoyados. Presioná los talones contra el suelo y elevá la cadera lentamente. Mantené el abdomen activo y evitá arquear excesivamente la espalda. Bajá con control.","true"
"219","exercises","Estocada isométrica","REHABILITATION","Piernas","Peso corporal","rehabilitación|correctivo|rodillas|estocada|isométrico|estabilidad","Ejercicio isométrico unilateral que trabaja el control y la estabilidad de la rodilla y la cadera manteniendo una posición de estocada.","Dá un paso hacia adelante y flexioná ambas piernas hasta encontrar una posición cómoda. Mantené la rodilla delantera alineada con el pie y sostené la posición durante varios segundos. Volvé lentamente y cambiá de pierna.","true"
"220","exercises","Sentadilla contra pared","REHABILITATION","Cuádriceps","Peso corporal","rehabilitación|correctivo|rodillas|cuádriceps|pared|isométrico","Ejercicio isométrico para fortalecer las piernas manteniendo una posición de sentadilla con la espalda apoyada contra la pared.","Apoyá la espalda contra una pared y adelantá los pies. Deslizá el cuerpo hacia abajo hasta alcanzar una posición cómoda de sentadilla. Mantené la espalda apoyada y las rodillas alineadas con los pies. Sostené y luego subí lentamente.","true"
"221","exercises","Sentadilla con talones elevados","REHABILITATION","Piernas","Peso corporal","rehabilitación|correctivo|rodillas|sentadilla|cuádriceps|movilidad|cuadriceps","Variante de sentadilla con los talones elevados que permite aumentar la flexión de rodilla y enfatizar el trabajo del cuádriceps dentro de un rango controlado.","Apoyá los talones sobre una superficie baja y estable. Separá los pies a una posición cómoda y realizá una sentadilla llevando las rodillas hacia adelante de manera controlada. Mantené los pies firmes y subí lentamente.","true"
"222","exercises","Rotación controlada de rodilla","REHABILITATION","Piernas","Peso corporal","rehabilitación|correctivo|rodillas|movilidad|control|articulación","Ejercicio de movilidad y control de la rodilla realizado dentro de un rango pequeño y cómodo para favorecer la coordinación de la articulación.","Sentate o colocate en una posición estable con la rodilla relajada. Realizá movimientos pequeños y controlados de rotación dentro de un rango cómodo. No fuerces la articulación ni busques grandes amplitudes.","true"
"223","exercises","Subida en reversa al step","REHABILITATION","Piernas","Peso corporal","rehabilitación|correctivo|rodillas|step|estabilidad|control|piernas","Ejercicio unilateral de subida a un step realizado en reversa para trabajar el control de la pierna y la estabilidad de la rodilla.","Parate frente al step según la variante indicada y subí de forma controlada llevando una pierna hacia atrás o realizando el movimiento en reversa. Concentrate en mantener la rodilla alineada con el pie y controlá cada fase.","true"
"224","exercises","Rotaciones de tobillo","REHABILITATION","Tobillos","Peso corporal","rehabilitación|correctivo|tobillos|movilidad|rotación|pies","Ejercicio de movilidad del tobillo mediante movimientos circulares controlados para favorecer el rango de movimiento y la coordinación articular.","Sentate y levantá ligeramente un pie del suelo. Realizá círculos lentos con el tobillo en una dirección y después en la otra. Mantené el movimiento controlado y evitá hacerlo con velocidad.","true"
"225","exercises","Extensión plantar","REHABILITATION","Pantorrilla","Peso corporal","rehabilitación|correctivo|tobillos|pantorrillas|talones|extensión plantar","Ejercicio de elevación de talones destinado a fortalecer la musculatura de la pantorrilla y mejorar la capacidad de realizar una extensión plantar controlada.","Parate con los pies separados al ancho de las caderas. Elevá lentamente los talones hasta quedar sobre las puntas de los pies. Mantené arriba un instante y bajá de forma controlada.","true"
"226","exercises","Elevación sobre las puntas de los pies","REHABILITATION","Pantorrilla","Peso corporal","rehabilitación|correctivo|tobillos|pantorrillas|equilibrio|pies","Ejercicio de elevación del cuerpo sobre las puntas de los pies para mejorar la fuerza y el control de la musculatura de la pantorrilla.","Parate con los pies firmes en el suelo. Elevá los talones de forma controlada hasta quedar sobre las puntas de los pies. Mantené el equilibrio y bajá lentamente sin dejar caer los talones.","true"
"227","exercises","Elevación de la punta del pie","REHABILITATION","Tibial anterior","Peso corporal","rehabilitación|correctivo|tobillos|tibial anterior|pies|fortalecimiento","Ejercicio para fortalecer la musculatura que eleva la parte delantera del pie y mejorar el control de la articulación del tobillo.","Parate con los talones apoyados y elevá la punta de los pies llevando los dedos hacia arriba. Bajá lentamente hasta apoyar toda la planta. Mantené el movimiento controlado.","true"
"228","exercises","Contracción del arco plantar","REHABILITATION","Tobillos","Peso corporal","rehabilitación|correctivo|pies|arco plantar|estabilidad|control","Ejercicio de activación de la musculatura intrínseca del pie mediante una contracción suave que eleva y acorta el arco plantar sin flexionar los dedos.","Parate o sentate con el pie apoyado. Sin levantar los dedos ni los talones, intentá acortar suavemente el pie llevando la base de los dedos hacia el talón. Sentí cómo se activa el arco plantar y mantené unos segundos.","true"
"229","exercises","Estiramiento de tobillo","REHABILITATION","Tobillos","Peso corporal","rehabilitación|correctivo|tobillos|movilidad|estiramiento|dorsiflexión","Ejercicio de movilidad del tobillo que favorece la dorsiflexión llevando la rodilla hacia adelante mientras el talón permanece apoyado.","Parate frente a una pared con un pie adelante. Mantené el talón firmemente apoyado y llevá lentamente la rodilla hacia adelante en dirección a los dedos. Volvé y repetí sin levantar el talón.","true"
"230","exercises","Estiramiento de gemelos","REHABILITATION","Pantorrilla","Peso corporal","rehabilitación|correctivo|tobillos|gemelos|pantorrillas|estiramiento","Estiramiento de la musculatura posterior de la pierna realizado manteniendo el talón apoyado para favorecer la movilidad del tobillo.","Apoyá las manos contra una pared y llevá una pierna hacia atrás. Mantené el talón de atrás en el suelo y la rodilla extendida mientras inclinás suavemente el cuerpo hacia adelante. Sentí el estiramiento en la pantorrilla y respir&aacute; profundo.","true"
"231","exercises","Equilibrio en un pie","REHABILITATION","Tobillos","Peso corporal","rehabilitación|correctivo|tobillos|equilibrio|pies|estabilidad","Ejercicio de equilibrio unilateral para mejorar la estabilidad del tobillo, el control del pie y la coordinación de toda la extremidad inferior.","Parate cerca de una pared o apoyo estable por seguridad. Levantá un pie del suelo y mantené el equilibrio sobre la otra pierna. Mirá hacia un punto fijo y tratá de mantener el pie estable. Cambiá de lado.","true"
"232","exercises","Apertura de los dedos del pie","REHABILITATION","Tobillos","Peso corporal","rehabilitación|correctivo|pies|dedos|control motor|estabilidad","Ejercicio de control de los dedos destinado a mejorar la activación y coordinación de la musculatura intrínseca del pie.","Sentate o parate con el pie apoyado. Intentá separar y abrir los dedos del pie todo lo que puedas sin levantar la planta. Mantené unos segundos y relajá. Concentrate en mover los dedos de forma independiente y controlada.","true"
"233","exercises","Movilidad de tobillo con banda","REHABILITATION","Tobillos","Banda","rehabilitación|correctivo|tobillos|movilidad|banda|dorsiflexión","Ejercicio de movilidad asistida del tobillo utilizando una banda para facilitar un movimiento controlado dentro de un rango cómodo.","Fijá una banda detrás del tobillo y colocate en una posición estable. Llevá lentamente la rodilla hacia adelante mientras mantenés el talón apoyado. La banda debe proporcionar una tensión suave, nunca dolorosa. Volvé lentamente.","true"
"234","exercises","Inclinación pélvica","REHABILITATION","Columna Lumbar","Peso corporal","rehabilitación|correctivo|lumbar|pelvis|core|control","Ejercicio de control de la pelvis que busca mejorar la capacidad de realizar una inclinación pélvica y activar suavemente la musculatura abdominal.","Acostate boca arriba con las rodillas flexionadas y los pies apoyados. Contraé suavemente el abdomen y realizá una pequeña inclinación de la pelvis para acercar la zona lumbar al suelo. Volvé a la posición inicial de forma controlada.","true"
"235","exercises","Bicho muerto","REHABILITATION","Core","Peso corporal","rehabilitación|correctivo|lumbar|core|bicho muerto|estabilidad|zona_lumbar","Ejercicio de estabilidad del core que coordina movimientos alternados de brazos y piernas mientras se mantiene el control de la pelvis y la zona lumbar.","Acostate boca arriba con brazos elevados y rodillas flexionadas. Activá el abdomen y extendé lentamente un brazo y la pierna contraria sin perder el control de la zona lumbar. Volvé al centro y cambiá de lado.","true"
"236","exercises","Perro ave","REHABILITATION","Core","Peso corporal","rehabilitación|correctivo|lumbar|core|perro ave|estabilidad|zona_lumbar","Ejercicio de estabilidad del tronco realizado en cuadrupedia que combina la extensión contralateral de brazo y pierna mientras se mantiene una columna neutra.","Colocate en cuatro apoyos con manos debajo de los hombros y rodillas debajo de las caderas. Extendé lentamente un brazo y la pierna contraria. Mantené la pelvis estable y la columna neutra. Volvé al centro y cambiá de lado.","true"
"237","exercises","Gato vaca","REHABILITATION","Columna","Peso corporal","rehabilitación|correctivo|lumbar|columna|movilidad|gato vaca|zona_lumbar","Ejercicio de movilidad de la columna que alterna suavemente entre flexión y extensión para mejorar el control y la movilidad vertebral.","Colocate en cuatro apoyos. Al exhalar, llevá suavemente la espalda hacia arriba y acercá el mentón al pecho. Al inhalar, mové la columna en sentido contrario abriendo el pecho sin forzar la zona lumbar. Realizá el movimiento lentamente y coordinado con la respiración.","true"
"238","exercises","Estiramiento lumbar hacia el pecho","REHABILITATION","Columna Lumbar","Peso corporal","rehabilitación|correctivo|lumbar|estiramiento|espalda|movilidad","Estiramiento suave de la zona lumbar mediante la aproximación controlada de las rodillas hacia el pecho.","Acostate boca arriba y llevá lentamente una o ambas rodillas hacia el pecho. Abrazá las piernas sin tirar con fuerza y mantené la posición mientras respirás profundamente. Volvé lentamente a la posición inicial.","true"
"239","exercises","Rotación lumbar acostado","REHABILITATION","Columna Lumbar","Peso corporal","rehabilitación|correctivo|lumbar|rotación|movilidad|estiramiento|cadera","Ejercicio de movilidad rotacional de la zona lumbar realizado acostado mediante un movimiento suave de las piernas hacia un lado.","Acostate boca arriba con las rodillas flexionadas. Dejá caer lentamente ambas rodillas hacia un lado mientras mantenés los hombros apoyados. Volvé al centro y repetí hacia el otro lado. El movimiento debe ser suave y cómodo.","true"
"240","exercises","Puente de glúteos","REHABILITATION","Glúteos","Peso corporal","rehabilitación|correctivo|lumbar|glúteos|puente|core|zona_lumbar","Ejercicio de fortalecimiento de la cadena posterior que enfatiza la activación de los glúteos y el control de la pelvis.","Acostate boca arriba con las rodillas flexionadas y los pies apoyados. Activá el abdomen y apretá los glúteos para elevar lentamente la cadera. Llegá hasta formar una línea cómoda entre hombros, cadera y rodillas. Bajá lentamente.","true"
"241","exercises","Elevación de torso","REHABILITATION","Core","Peso corporal","rehabilitación|correctivo|lumbar|core|torso|estabilidad|zona_lumbar","Ejercicio de activación del tronco mediante una elevación controlada del torso, manteniendo una posición estable y evitando movimientos bruscos.","Colocate en una posición cómoda boca abajo o según la variante indicada. Activá suavemente el abdomen y elevá ligeramente el torso sin realizar una hiperextensión de la zona lumbar. Mantené el movimiento pequeño y controlado.","true"
"242","exercises","Plancha lateral","REHABILITATION","Core","Peso corporal","rehabilitación|correctivo|lumbar|core|plancha|estabilidad lateral|zona_lumbar","Ejercicio de estabilidad lateral del tronco que trabaja la musculatura del core mientras se mantiene el cuerpo alineado.","Apoyá el antebrazo en el suelo y colocá el cuerpo de costado. Elevá la cadera manteniendo cabeza, tronco y piernas alineados. Activá el abdomen y sostené la posición sin dejar caer la pelvis. Repetí del otro lado.","true"
"243","exercises","Bisagra de cadera","REHABILITATION","Cadera","Peso corporal","rehabilitación|correctivo|lumbar|cadera|bisagra|control motor|zona_lumbar","Ejercicio de aprendizaje del patrón de bisagra de cadera que enseña a mover la cadera manteniendo la columna en una posición neutra y controlada.","Parate con los pies separados al ancho de las caderas. Flexioná ligeramente las rodillas y llevá la cadera hacia atrás mientras inclinás el torso hacia adelante manteniendo la espalda neutra. Sentí el trabajo en glúteos e isquiotibiales. Volvé a pararte apretando los glúteos.","true"
"244","exercises","Lanzamiento de balón medicinal","FUNCTIONAL","Tren superior","Balón medicinal","funcional|metabólico|condicionamiento|balón medicinal|potencia|tren superior|core","Ejercicio explosivo de cuerpo completo que utiliza el balón medicinal para desarrollar potencia mediante la coordinación de cadera, core y tren superior.","Sostené el balón medicinal con ambas manos. Flexioná ligeramente las piernas y utilizá la fuerza de la cadera y el abdomen para generar potencia. Lanzá el balón de forma explosiva contra una pared o hacia el suelo según la variante. Recuperalo con control.","true"
"245","exercises","Tire Flip","FUNCTIONAL","Full body","Neumático","funcional|metabólico|condicionamiento|tire flip|potencia|full body","Ejercicio de cuerpo completo que consiste en levantar y voltear un neumático pesado desde el suelo, combinando fuerza de piernas, cadera, espalda y brazos.","Parate frente al neumático con los pies firmes y separados. Flexioná las piernas y llevá la cadera hacia atrás manteniendo la espalda neutra. Agarrá el neumático y empujá fuerte con las piernas mientras extendés la cadera para iniciar el vuelco. Terminá el movimiento con control.","true"
"246","exercises","Carrera en zigzag","FUNCTIONAL","Tren inferior","Peso corporal","funcional|metabólico|condicionamiento|agilidad|zigzag|carrera","Ejercicio de carrera y agilidad realizado entre conos siguiendo un patrón de zigzag para desarrollar aceleración, coordinación y capacidad de cambiar de dirección.","Corré entre los conos siguiendo un recorrido en zigzag. Mantené pasos cortos y controlados durante los cambios de dirección. Incliná ligeramente el cuerpo hacia el sentido del movimiento y utilizá los brazos para ayudarte a acelerar.","true"
"247","exercises","Turkish Get Up","FUNCTIONAL","Full body","Kettlebell","funcional|metabólico|kettlebell|turkish get up|estabilidad|full body","Movimiento complejo de cuerpo completo que combina varias transiciones desde el suelo hasta la posición de pie mientras se sostiene una carga por encima de la cabeza.","Acostate boca arriba sosteniendo la kettlebell con un brazo extendido hacia el techo. Realizá cada transición lentamente hasta quedar de pie y después regresá al suelo siguiendo el recorrido inverso. Mantené la carga estable y controlá cada fase.","true"
"248","exercises","Escalada de cuerda","FUNCTIONAL","Tren superior","Cuerdas","funcional|metabólico|condicionamiento|cuerda|escalada|core","Ejercicio de tracción de alta demanda que combina brazos, espalda y core mientras se utiliza la técnica de piernas para ascender por una cuerda.","Agarrá la cuerda con ambas manos y asegurá el cuerpo utilizando las piernas cuando sea posible. Activá el abdomen y tirá con los brazos mientras ayudás el movimiento con las piernas. Subí de forma controlada y descendé con cuidado.","true"
"249","exercises","Sprint multidireccional","FUNCTIONAL","Full body","Peso corporal","funcional|metabólico|sprint|agilidad|multidireccional|condicionamiento","Ejercicio de velocidad que combina sprints en diferentes direcciones para desarrollar aceleración, reacción y capacidad de desplazamiento.","Comenzá en una posición atlética con las rodillas ligeramente flexionadas. Realizá sprints cortos hacia diferentes direcciones siguiendo una señal o patrón establecido. Mantené el centro de gravedad bajo y acelerá de forma explosiva.","true"
"250","exercises","Escalera de sprints","FUNCTIONAL","Full body","Peso corporal","funcional|metabólico|sprint|intervalos|condicionamiento|velocidad","Formato de entrenamiento de sprints progresivos en el que se aumenta la distancia o duración de los esfuerzos siguiendo una estructura de escalera.","Realizá sprints siguiendo una progresión previamente definida, aumentando gradualmente la distancia o el tiempo de cada esfuerzo. Mantené una postura alta, activá el abdomen y recuperá lo necesario entre intervalos.","true"
"251","exercises","Cambio rápido de dirección","FUNCTIONAL","Tren inferior","Peso corporal","funcional|metabólico|agilidad|cambios de dirección|velocidad|condicionamiento","Ejercicio de agilidad basado en cambios rápidos de dirección entre conos o marcas para desarrollar aceleración, frenado y control corporal.","Corré hacia la marca indicada y frená rápidamente antes de cambiar de dirección. Apoyá el pie con firmeza, bajá ligeramente el centro de gravedad y utilizá los brazos para volver a acelerar.","true"
"252","exercises","Desplazamiento lateral","FUNCTIONAL","Tren inferior","Peso corporal","funcional|metabólico|agilidad|lateral|piernas|condicionamiento","Desplazamiento lateral continuo que desarrolla coordinación, resistencia y capacidad de mantener una posición atlética mientras se mueve el cuerpo de lado a lado.","Adoptá una posición atlética con las caderas bajas y las rodillas flexionadas. Desplazate lateralmente con pasos rápidos y controlados. Evitá cruzar los pies y mantené el torso estable.","true"
"253","exercises","Carrera en escalera de agilidad","FUNCTIONAL","Tren inferior","Escalera de agilidad","funcional|metabólico|agilidad|escalera|pies|condicionamiento","Ejercicio de coordinación y velocidad de pies realizado dentro de una escalera de agilidad mediante desplazamientos rápidos y controlados.","Parate frente a la escalera de agilidad y avanzá colocando los pies dentro de los espacios siguiendo el patrón indicado. Mantené pasos cortos, rápidos y precisos sin perder el equilibrio.","true"
"254","exercises","Cone Shuttle","FUNCTIONAL","Tren inferior","Peso corporal","funcional|metabólico|agilidad|conos|sprint|shuttle","Carrera de ida y vuelta entre conos que combina aceleración, frenado y cambios rápidos de dirección.","Corré rápidamente hasta el cono indicado, frená con control y cambiá de dirección para volver al punto inicial. Mantené pasos cortos al acercarte al cono y acelerá al salir.","true"
"255","exercises","Power Clean","FUNCTIONAL","Full body","Barra","funcional|metabólico|power clean|olímpico|potencia|barra","Levantamiento olímpico en el que la barra se desplaza desde el suelo hasta los hombros mediante una extensión explosiva de cadera, rodillas y tobillos.","Parate frente a la barra con la espalda neutra. Iniciá el levantamiento empujando el suelo con las piernas. Extendé la cadera de forma explosiva y recibí la barra sobre los hombros con las rodillas ligeramente flexionadas. Mantené el movimiento técnico y controlado.","true"
"256","exercises","Salto reactivo","FUNCTIONAL","Tren inferior","Peso corporal","funcional|metabólico|salto|reactividad|potencia|piernas","Ejercicio pliométrico basado en saltos explosivos iniciados por una señal externa para desarrollar reactividad y capacidad de producir fuerza rápidamente.","Preparáte en una posición atlética y reaccioná a la señal realizando un salto explosivo. Intentá minimizar el tiempo de contacto con el suelo y aterrizá de forma suave y controlada.","true"
"257","exercises","Shuffle reactivo","FUNCTIONAL","Tren inferior","Peso corporal","funcional|metabólico|agilidad|reacción|shuffle|condicionamiento","Desplazamiento lateral reactivo que utiliza estímulos visuales o auditivos para entrenar la velocidad de reacción y el control de los movimientos laterales.","Adoptá una posición atlética con la cadera baja. Respondé a la señal desplazándote rápidamente hacia el lado indicado. Mantené los pies activos y evitá cruzarlos durante el desplazamiento.","true"
"258","exercises","Sprint reactivo","FUNCTIONAL","Full body","Peso corporal","funcional|metabólico|sprint|reacción|velocidad|condicionamiento","Sprint corto iniciado por una señal externa para desarrollar aceleración, velocidad de reacción y capacidad de respuesta.","Colocate en una posición preparada. Cuando recibas la señal, salí de forma explosiva hacia adelante o en la dirección indicada. Utilizá los brazos para impulsar el movimiento y desacelerá de manera controlada.","true"
"259","exercises","Sprint en el lugar","FUNCTIONAL","Full body","Peso corporal","funcional|metabólico|sprint|HIIT|velocidad|condicionamiento","Ejercicio de alta intensidad realizado corriendo en el lugar a máxima velocidad durante intervalos cortos.","Parate erguido y comenzá a correr en el lugar aumentando progresivamente la velocidad. Elevá las rodillas y mové los brazos con fuerza. Mantené el abdomen activo y trabajá a máxima intensidad durante el intervalo indicado.","true"
"260","exercises","Med Ball Slam","FUNCTIONAL","Full body","Balón medicinal","funcional|metabólico|balón medicinal|slam|potencia|HIIT","Ejercicio explosivo de cuerpo completo que consiste en lanzar el balón medicinal con fuerza contra el suelo utilizando la extensión de cadera y la musculatura del tronco.","Sostené el balón con ambas manos y eleválo por encima de la cabeza. Extendé el cuerpo y luego utilizá el abdomen, los brazos y la cadera para lanzar el balón con fuerza contra el suelo. Flexioná las piernas para recogerlo con control.","true"
"261","exercises","Shuffle reactivo","FUNCTIONAL","Full body","Peso corporal","funcional|metabólico|agilidad|shuffle|reacción|condicionamiento","Ejercicio de desplazamiento lateral reactivo orientado a mantener el control del movimiento mientras se responde rápidamente a diferentes estímulos.","Adoptá una postura atlética y mantenete preparado para desplazarte. Respondé al estímulo indicado realizando un shuffle lateral rápido. Mantené el control del cuerpo y regresá a la posición inicial cuando corresponda.","true"
"262","exercises","Step Jacks","FUNCTIONAL","Full body","Peso corporal","funcional|metabólico|HIIT|step jacks|cardio|condicionamiento","Versión de bajo impacto del jumping jack que combina pasos laterales alternados con elevación de los brazos por encima de la cabeza.","Parate con los pies juntos y los brazos a los costados. Da un paso hacia un lado mientras elevás los brazos por encima de la cabeza. Volvé al centro y repetí hacia el otro lado. Mantené un movimiento fluido y continuo.","true"
"263","exercises","Marcha con rodillas elevadas","FUNCTIONAL","Piernas","Peso corporal","funcional|metabólico|HIIT|marcha|rodillas altas|cardio","Ejercicio de acondicionamiento que consiste en marchar en el lugar elevando alternadamente las rodillas y coordinando el movimiento de los brazos.","Parate erguido y comenzá a marchar en el lugar. Elevá una rodilla y después la otra mientras acompañás el movimiento con los brazos. Mantené el tronco estable y controlá cada paso.","true"
"264","exercises","Medio burpee","FUNCTIONAL","Full body","Peso corporal","funcional|metabólico|HIIT|burpee|cardio|full body","Variante del burpee sin salto que combina la transición desde la posición de pie hasta la plancha y el regreso a la posición inicial.","Parate erguido. Bajá hasta una posición de cuclillas y apoyá las manos en el suelo. Llevá los pies hacia atrás hasta quedar en plancha. Volvé a llevar los pies hacia adelante y regresá a la posición de pie sin realizar salto.","true"
"265","exercises","Sentadilla con brazos elevados","FUNCTIONAL","Piernas","Peso corporal","funcional|metabólico|HIIT|sentadilla|hombros|movilidad","Ejercicio que combina una sentadilla con la elevación de los brazos para trabajar las piernas mientras se incorpora movimiento del tren superior.","Parate con los pies separados al ancho de las caderas. Bajá en sentadilla mientras llevás los brazos hacia arriba. Al subir, regresá los brazos a una posición cómoda. Mantené el movimiento fluido y controlado.","true"
"266","exercises","Estocadas laterales sin salto","FUNCTIONAL","Piernas","Peso corporal","funcional|metabólico|HIIT|estocadas|lateral|piernas|cadera","Desplazamiento lateral mediante estocadas alternadas que trabaja piernas y cadera sin utilizar saltos.","Parate con los pies juntos. Da un paso amplio hacia un lado y flexioná esa pierna llevando la cadera hacia atrás. La otra pierna queda más extendida. Empujá el suelo para volver al centro y repetí hacia el otro lado.","true"
"267","exercises","Plancha con paso lateral","FUNCTIONAL","Core","Peso corporal","funcional|metabólico|HIIT|plancha|core|estabilidad","Ejercicio de estabilidad del core realizado en posición de plancha mientras los pies se desplazan lateralmente de forma alternada.","Colocate en plancha con las manos debajo de los hombros. Desplazá un pie hacia un lado y luego el otro para abrir la base. Volvé al centro siguiendo el mismo patrón. Mantené la cadera estable y el abdomen activo.","true"
"268","exercises","Sentadilla contra pared","FUNCTIONAL","Piernas","Pared","funcional|metabólico|HIIT|sentadilla|isométrico|piernas","Ejercicio isométrico que mantiene las piernas bajo tensión mediante una posición de sentadilla con la espalda apoyada contra una pared.","Apoyá la espalda contra la pared y adelantá los pies. Deslizá el cuerpo hacia abajo hasta una posición cómoda de sentadilla. Mantené la espalda apoyada, respir&aacute; con normalidad y sostené la posición durante el tiempo indicado.","true"
"269","exercises","Saltos con soga","FUNCTIONAL","Piernas","Soga","funcional|metabólico|HIIT|soga|cardio|saltos","Ejercicio cardiovascular de saltos continuos con soga que desarrolla coordinación, resistencia y ritmo.","Sostené la soga con ambas manos y mantené los codos cerca del cuerpo. Girá la soga principalmente con las muñecas y realizá pequeños saltos cuando pase por debajo de los pies. Mantené un ritmo constante.","true"
"270","exercises","Subidas al cajón","FUNCTIONAL","Piernas","Cajón","funcional|metabólico|HIIT|cajón|step|piernas","Ejercicio de acondicionamiento que consiste en subir y bajar de un cajón de manera repetida y controlada.","Parate frente al cajón. Apoyá un pie arriba y empujá con esa pierna para subir. Subí el otro pie y después bajá con control. Alterná las piernas y mantené un ritmo constante y seguro.","true"
"271","exercises","Flexión con toque de hombro","FUNCTIONAL","Tren superior","Peso corporal","funcional|metabólico|HIIT|flexiones|core|estabilidad","Ejercicio que combina una flexión de brazos con un toque alternado de hombro para aumentar la demanda de estabilidad del core.","Colocate en posición de plancha con las manos debajo de los hombros. Realizá una flexión y, al volver arriba, levantá una mano para tocar el hombro contrario. Apoyá la mano nuevamente y repetí del otro lado. Mantené la cadera estable.","true"
"272","exercises","Saltos con rodillas al pecho","FUNCTIONAL","Piernas","Peso corporal","funcional|metabólico|HIIT|saltos|rodillas al pecho|potencia","Ejercicio pliométrico que consiste en realizar saltos verticales llevando las rodillas hacia el pecho durante la fase aérea.","Parate con los pies separados al ancho de las caderas. Flexioná las piernas y saltá explosivamente llevando las rodillas hacia el pecho. Prepará el aterrizaje y caé suavemente con las rodillas flexionadas.","true"
"273","exercises","Salto hacia adelante","FUNCTIONAL","Piernas","Peso corporal","funcional|metabólico|HIIT|salto|potencia|piernas","Salto horizontal explosivo destinado a desarrollar potencia de piernas y capacidad de desplazamiento hacia adelante.","Parate con los pies separados al ancho de las caderas. Flexioná las piernas y llevá los brazos hacia atrás. Impulsate hacia adelante extendiendo cadera, rodillas y tobillos. Aterrizá con ambos pies y absorbé el impacto flexionando las piernas.","true"
"274","exercises","Remo en plancha","FUNCTIONAL","Core","Mancuernas","funcional|metabólico|HIIT|remo|plancha|core|espalda","Ejercicio de cuerpo completo que combina una posición de plancha con remos alternados para trabajar espalda, brazos y estabilidad del core.","Colocate en plancha con una mancuerna en cada mano. Mantené el cuerpo alineado y remá una mancuerna hacia la cadera mientras la otra mano permanece apoyada. Bajá lentamente y alterná los lados sin rotar excesivamente el torso.","true"
"275","exercises","Swing con kettlebell","FUNCTIONAL","Cadera","Kettlebell","funcional|metabólico|HIIT|kettlebell|swing|cadera|cadena_posterior","Movimiento explosivo de bisagra de cadera que utiliza la fuerza de glúteos e isquiotibiales para impulsar la kettlebell hacia adelante.","Parate con los pies separados y sostené la kettlebell con ambas manos. Llevá la cadera hacia atrás manteniendo la espalda neutra. Impulsá la kettlebell extendiendo explosivamente la cadera. Dejá que vuelva entre las piernas y repetí el movimiento desde la cadera, no desde los brazos.","true"
"276","exercises","Empuje de trineo","FUNCTIONAL","Piernas","Trineo","funcional|metabólico|HIIT|trineo|piernas|condicionamiento","Ejercicio de acondicionamiento y fuerza en el que se empuja un trineo cargado manteniendo un esfuerzo constante con las piernas y el cuerpo inclinado hacia adelante.","Agarrá las asas del trineo y adoptá una posición inclinada hacia adelante. Empujá el trineo dando pasos firmes y continuos. Mantené el abdomen activo y aplicá fuerza constante con las piernas durante todo el recorrido.","true"
"277","exercises","Golpes con soga","FUNCTIONAL","Tren superior","Cuerdas","funcional|metabólico|HIIT|cuerdas|brazos|potencia","Ejercicio de acondicionamiento que utiliza movimientos repetidos de brazos para generar ondas y golpes con cuerdas pesadas.","Sostené una cuerda con cada mano y adoptá una postura atlética. Mové los brazos de forma explosiva para generar ondas o golpes en las cuerdas. Mantené el abdomen activo y sostené un ritmo constante durante el intervalo.","true"
"278","exercises","Sprint en bicicleta de aire","FUNCTIONAL","Full body","Bicicleta","funcional|metabólico|HIIT|bicicleta|sprint|cardio","Intervalo de máxima intensidad realizado en una bicicleta de aire utilizando simultáneamente brazos y piernas para producir potencia.","Ajustá el asiento a una posición cómoda y comenzá a pedalear. Durante el intervalo de trabajo aumentá la intensidad al máximo nivel que puedas sostener. Empujá y tirá de los brazos mientras pedaleás con fuerza.","true"
"279","exercises","Sprint en pendiente","FUNCTIONAL","Piernas","Pista","funcional|metabólico|HIIT|sprint|pendiente|piernas","Sprint de alta intensidad realizado en una pendiente para aumentar la demanda sobre las piernas y desarrollar potencia y acondicionamiento.","Comenzá al pie de una pendiente adecuada. Incliná ligeramente el torso hacia adelante y corré cuesta arriba con pasos potentes. Mantené la intensidad durante el intervalo indicado y recuperá caminando o descansando antes de repetir.","true"
"280","exercises","Thruster con peso","FUNCTIONAL","Full body","Mancuernas","funcional|metabólico|HIIT|thruster|mancuernas|full body","Ejercicio de cuerpo completo que combina una sentadilla con un press de hombros para desarrollar fuerza y acondicionamiento.","Sostené una mancuerna en cada mano a la altura de los hombros. Bajá en sentadilla y, al subir, utilizá la fuerza de las piernas para impulsar las mancuernas por encima de la cabeza. Bajá las cargas de forma controlada y repetí.","true"
"281","exercises","Complex con barra","FUNCTIONAL","Full body","Barra","funcional|metabólico|HIIT|barra|complex|full body","Secuencia de ejercicios realizados de forma continua con una barra, combinando peso muerto, remo, sentadilla y press de hombros.","Sostené la barra y realizá la secuencia establecida de movimientos sin soltarla: peso muerto, remo, sentadilla y press de hombros. Mantené una técnica sólida y realizá cada transición de manera fluida y controlada.","true"
"282","exercises","Burpees","FUNCTIONAL","Full body","Peso corporal","funcional|metabólico|HIIT|burpees|cardio|full body","Ejercicio completo de alta intensidad que combina una transición desde la posición de pie hacia el suelo, una plancha y un salto vertical.","Parate erguido. Bajá hasta apoyar las manos en el suelo y llevá los pies hacia atrás hasta la posición de plancha. Volvé a llevar los pies hacia adelante y realizá un salto vertical. Aterrizá suavemente y repetí manteniendo un ritmo controlado.","true"
"283","exercises","Saltos en sentadilla","FUNCTIONAL","Piernas","Peso corporal","funcional|metabólico|HIIT|sentadilla|salto|pliometría","Ejercicio pliométrico que combina una sentadilla con un salto vertical explosivo para desarrollar potencia en las piernas.","Parate con los pies separados al ancho de las caderas. Bajá en sentadilla y desde esa posición impulsate hacia arriba realizando un salto. Aterrizá suavemente con las rodillas flexionadas y enlazá la siguiente repetición.","true"
"284","exercises","Rodillas al pecho en plancha","FUNCTIONAL","Core","Peso corporal","funcional|metabólico|HIIT|core|plancha|mountain climbers","Ejercicio dinámico de alta intensidad realizado en posición de plancha llevando las rodillas hacia el pecho de forma alternada y rápida.","Colocate en posición de plancha con las manos debajo de los hombros. Llevá una rodilla hacia el pecho y luego cambiá rápidamente de pierna. Mantené la cadera relativamente estable y el abdomen activo durante todo el movimiento.","true"
"285","exercises","Skipping HIIT","FUNCTIONAL","Piernas","Peso corporal","funcional|metabólico|HIIT|skipping|rodillas altas|cardio","Ejercicio cardiovascular de alta intensidad basado en elevaciones rápidas y alternadas de las rodillas mientras se mantiene un ritmo elevado.","Parate erguido y comenzá a correr en el lugar elevando las rodillas de forma alternada. Mové los brazos en coordinación y aumentá progresivamente la velocidad. Mantené un ritmo intenso durante el intervalo indicado.","true"
"286","exercises","Saltos laterales","FUNCTIONAL","Piernas","Peso corporal","funcional|metabólico|HIIT|saltos laterales|equilibrio|agilidad","Ejercicio pliométrico que consiste en realizar saltos de lado a lado para desarrollar potencia lateral, coordinación y equilibrio.","Parate con las rodillas ligeramente flexionadas. Saltá hacia un lado y aterrizá sobre ambos pies o sobre un pie según la variante. Absorbé el impacto flexionando las piernas y repetí hacia el otro lado manteniendo el control.","true"
"287","exercises","Saltos con zancadas","FUNCTIONAL","Piernas","Peso corporal","funcional|metabólico|HIIT|zancadas|saltos|pliometría","Ejercicio pliométrico que combina zancadas alternadas con saltos para desarrollar potencia y resistencia muscular en las piernas.","Comenzá en posición de zancada. Impulsate hacia arriba y cambiá la posición de las piernas durante el salto. Aterrizá suavemente en una zancada con la pierna contraria adelante. Mantené el torso estable y controlá cada aterrizaje.","true"
"288","exercises","Ondas con soga","FUNCTIONAL","Tren superior","Cuerdas","funcional|metabólico|HIIT|cuerdas|ondas|condicionamiento","Ejercicio de acondicionamiento realizado con cuerdas pesadas mediante movimientos repetidos de brazos para generar ondas continuas.","Sostené una cuerda en cada mano y adoptá una postura atlética. Mové los brazos alternativamente hacia arriba y abajo para generar ondas que recorran las cuerdas. Mantené el core firme y sostené un ritmo constante.","true"
"289","exercises","Saltos al cajón","FUNCTIONAL","Piernas","Cajón","funcional|metabólico|HIIT|cajón|salto|pliometría","Ejercicio pliométrico que consiste en saltar desde el suelo hasta un cajón estable para desarrollar potencia explosiva en las piernas.","Parate frente al cajón con los pies separados. Flexioná las piernas y utilizá los brazos para impulsarte hacia arriba. Aterrizá sobre el cajón con ambos pies y las rodillas flexionadas. Bajá con control antes de repetir.","true"
"290","exercises","Thrusters HIIT","FUNCTIONAL","Full body","Mancuernas","funcional|metabólico|HIIT|thrusters|mancuernas|full body","Movimiento combinado de sentadilla y press realizado a alta intensidad para aumentar la demanda cardiovascular y muscular.","Sostené las mancuernas a la altura de los hombros. Bajá en sentadilla y al subir extendé explosivamente las piernas mientras llevás las mancuernas por encima de la cabeza. Bajá las cargas y comenzá inmediatamente la siguiente repetición manteniendo una técnica segura.","true"
"291","exercises","Sprint con intervalos cortos","FUNCTIONAL","Full body","Peso corporal","funcional|metabólico|HIIT|sprint|intervalos|cardio","Entrenamiento de carrera basado en sprints cortos y repetidos realizados a alta intensidad con períodos de recuperación entre esfuerzos.","Realizá un sprint corto a máxima intensidad durante el tiempo indicado. Después recuperá caminando o descansando antes de repetir. Concentrate en acelerar con potencia y mantener una técnica de carrera eficiente.","true"
"292","exercises","Elevación de talones","FUNCTIONAL","Pantorrilla","Peso corporal","funcional|metabólico|HIIT|pantorrillas|talones|piernas","Ejercicio de elevación alternada de talones destinado a trabajar la musculatura de las pantorrillas y mejorar el control de los tobillos.","Parate con los pies apoyados y el abdomen activo. Elevá un talón mientras el otro pie permanece apoyado. Bajá lentamente y alterná las piernas. Mantené el movimiento controlado y evitá balancearte.","true"
"293","exercises","Puente alternando piernas","MOBILITY","Core","Peso corporal","movilidad|control motor|core|glúteos|cadera|puente|gluteos","Ejercicio de control motor que combina un puente de glúteos con elevación alternada de las piernas. Mejora la estabilidad de la pelvis y la capacidad de mantener la cadera nivelada mientras se mueven las extremidades.","Acostate boca arriba con las rodillas flexionadas y los pies apoyados. Elevá la cadera formando una línea entre hombros, cadera y rodillas. Sin dejar que la pelvis se incline, levantá lentamente un pie del suelo y después el otro de manera alternada. Mantené el abdomen activo y evitá que la cadera se balancee.","true"
"294","exercises","Control de cadera de pie","MOBILITY","Cadera","Peso corporal","movilidad|cadera|control motor|equilibrio|movilidad consciente","Movimiento controlado de la cadera realizado de pie para mejorar la estabilidad, el control articular y la capacidad de mover la cadera sin compensaciones.","Parate derecho y apoyate suavemente en una pared si necesitás equilibrio. Mové una pierna y la cadera lentamente en diferentes direcciones, manteniendo el tronco estable. Hacé movimientos pequeños y controlados, sin balancearte. Repetí con la otra pierna.","true"
"295","exercises","Plancha contra pared","MOBILITY","Core","Peso corporal","movilidad|control motor|core|alineación|plancha","Ejercicio de control corporal realizado contra una pared que permite trabajar la activación del core y mantener una alineación adecuada de cabeza, columna, pelvis y piernas.","Apoyá las manos o los antebrazos contra una pared y alej­ate unos pasos. Mantené el cuerpo alineado desde la cabeza hasta los pies, activando el abdomen y los glúteos. Evitá arquear la zona lumbar. Sostené la posición mientras respirás de forma tranquila.","true"
"296","exercises","Mountain climber lento","MOBILITY","Core","Peso corporal","movilidad|control motor|core|cadera|mountain climber","Variante lenta y controlada del mountain climber utilizada para desarrollar estabilidad del core y movilidad controlada de la cadera.","Colocate en posición de plancha alta con las manos debajo de los hombros. Acercá lentamente una rodilla hacia el pecho y después volvé a extender la pierna. Alterná las piernas sin levantar ni balancear la cadera. Priorizá el control antes que la velocidad.","true"
"297","exercises","Alcance de brazo en equilibrio","MOBILITY","Piernas","Peso corporal","movilidad|equilibrio|control motor|hombros|piernas","Ejercicio de equilibrio y control motor que combina apoyo unipodal con movimientos de alcance de los brazos.","Parate sobre una pierna y mantené la mirada en un punto fijo. Extendé lentamente un brazo hacia diferentes direcciones sin perder el equilibrio. Mantené estable la pierna de apoyo y evitá que el tronco se incline demasiado. Cambiá de pierna.","true"
"298","exercises","Bird dog controlado","MOBILITY","Core","Peso corporal","movilidad|control motor|core|espalda|bird dog","Ejercicio de control motor que combina la extensión simultánea del brazo y la pierna contraria para mejorar la estabilidad de la columna y la coordinación.","Ponete en cuatro apoyos con las manos debajo de los hombros y las rodillas debajo de las caderas. Extendé lentamente un brazo y la pierna contraria. Mantené la espalda estable y la pelvis nivelada. Volvé al centro con control y repetí del otro lado.","true"
"299","exercises","Dead bug controlado","MOBILITY","Core","Peso corporal","movilidad|control motor|core|dead bug|estabilidad","Ejercicio de control del core que desarrolla la capacidad de mover brazos y piernas mientras se mantiene estable la posición de la columna y la pelvis.","Acostate boca arriba con brazos hacia arriba y rodillas flexionadas a 90 grados. Extendé lentamente un brazo y la pierna contraria sin despegar la zona lumbar del suelo. Volvé al centro y alterná. Movete despacio y mantené el abdomen activo.","true"
"300","exercises","Equilibrio sobre una pierna","MOBILITY","Piernas","Peso corporal","movilidad|equilibrio|control motor|piernas|estabilidad","Ejercicio básico de equilibrio unipodal que mejora la estabilidad del tobillo, rodilla y cadera y desarrolla el control corporal.","Parate derecho y levantá una pierna del suelo. Mantené la mirada fija en un punto y tratá de sostener el equilibrio sin mover demasiado el tronco. Activá suavemente el abdomen y mantené la rodilla de apoyo estable. Cambiá de pierna.","true"
"301","exercises","Sentadilla contra pared controlada","MOBILITY","Piernas","Peso corporal","movilidad|control motor|sentadilla|piernas|cadera","Sentadilla asistida contra una pared que permite practicar el control del movimiento y la alineación de cadera, rodilla y tobillo.","Apoyá la espalda contra una pared y colocá los pies ligeramente hacia adelante. Flexioná lentamente las rodillas para bajar manteniendo las rodillas alineadas con los pies. Descendé hasta una posición cómoda y subí nuevamente de forma controlada.","true"
"302","exercises","Puente de glúteos controlado","MOBILITY","Cadera","Peso corporal","movilidad|control motor|glúteos|cadera|estabilidad pélvica|gluteos","Puente de glúteos realizado lentamente para mejorar la activación muscular, el control de la pelvis y la movilidad funcional de la cadera.","Acostate boca arriba con las rodillas flexionadas y los pies apoyados. Activá el abdomen y apretá los glúteos para elevar la cadera lentamente. Hacé una pausa arriba sin arquear la espalda y bajá de forma controlada.","true"
"303","exercises","Caminata talón-punta","MOBILITY","Pies","Peso corporal","movilidad|pies|tobillos|equilibrio|control motor","Caminata lenta alternando el apoyo del talón y la punta del pie para desarrollar control del pie, movilidad del tobillo y equilibrio dinámico.","Caminá lentamente colocando primero el talón y después apoyando toda la planta hasta llegar a la punta del pie. Mantené el tronco erguido y controlá cada paso. Evitá mirar constantemente al suelo.","true"
"304","exercises","Subida a plataforma con equilibrio","MOBILITY","Piernas","Plataforma","movilidad|equilibrio|control motor|step|piernas","Ejercicio de control unipodal que combina una subida a plataforma con una pausa de equilibrio para mejorar la estabilidad de la pierna.","Parate frente a un step estable. Subí con una pierna y, al quedar arriba, levantá la otra pierna manteniendo el equilibrio durante unos segundos. Bajá lentamente y repetí alternando las piernas.","true"
"305","exercises","Bear hold controlado","MOBILITY","Core","Peso corporal","movilidad|control motor|core|bear hold|estabilidad","Sostén isométrico en posición de cuadrupedia elevada que desarrolla estabilidad del core, control de hombros y coordinación corporal.","Ponete en cuatro apoyos y levantá las rodillas unos centímetros del suelo. Mantenelas cerca del piso mientras sostenés la posición. Activá el abdomen, mantené la espalda estable y respir­á de manera controlada.","true"
"306","exercises","Alcance controlado en pared","MOBILITY","Hombros","Peso corporal","movilidad|hombros|control motor|escápulas|pared","Ejercicio de movilidad y control de hombros realizado contra una pared para mejorar el movimiento de los brazos y la estabilidad escapular.","Parate frente a una pared y apoyá las manos. Deslizá lentamente los brazos o realizá alcances hacia diferentes direcciones manteniendo el tronco estable. Movete dentro de un rango cómodo y evitá compensar arqueando la espalda.","true"
"307","exercises","Equilibrio en posición de split","MOBILITY","Piernas","Peso corporal","movilidad|equilibrio|piernas|split|control motor","Ejercicio de equilibrio en posición escalonada que desarrolla estabilidad de las piernas y control de la postura.","Colocá un pie adelante y el otro atrás, separados aproximadamente a la distancia de una zancada. Distribuí el peso de manera estable y mantené el tronco erguido. Sostené la posición sin perder el equilibrio y después cambiá la posición de las piernas.","true"
"308","exercises","Sentadilla muy lenta","MOBILITY","Piernas","Peso corporal","movilidad|control motor|sentadilla|cadera|piernas","Sentadilla realizada con un tempo lento para mejorar el control motor, la movilidad de cadera y tobillo y la conciencia de la posición corporal.","Parate con los pies aproximadamente al ancho de los hombros. Bajá muy lentamente llevando la cadera hacia atrás y flexionando las rodillas. Mantené los pies apoyados y las rodillas alineadas. Subí también lentamente sin perder el control.","true"
"309","exercises","Zancada controlada","MOBILITY","Piernas","Peso corporal","movilidad|zancada|control motor|cadera|rodillas","Zancada ejecutada lentamente para mejorar la estabilidad de la rodilla, el control de la cadera y la coordinación de las piernas.","Parate derecho y llevá una pierna hacia adelante. Flexioná ambas rodillas lentamente manteniendo la rodilla delantera alineada con el pie. Bajá hasta una profundidad cómoda y empujá el suelo para volver a la posición inicial.","true"
"310","exercises","Sostén de brazo extendido","MOBILITY","Hombros","Peso corporal","movilidad|hombros|estabilidad|control motor","Sostén isométrico del brazo destinado a desarrollar estabilidad del hombro y control de la posición escapular.","Extendé un brazo hacia adelante o hacia el costado y mantenelo estable. Evitá elevar el hombro hacia la oreja y mantené el tronco quieto. Sostené unos segundos, relajá y repetí con el otro brazo.","true"
"311","exercises","Balanceo en cuadrupedia","MOBILITY","Core","Peso corporal","movilidad|cuadrupedia|cadera|columna|control motor","Movimiento suave de balanceo desde cuadrupedia que mejora la movilidad de cadera y columna mientras desarrolla control del tronco.","Ponete en cuatro apoyos con las manos debajo de los hombros y las rodillas debajo de las caderas. Llevá lentamente la cadera hacia atrás y después volvé hacia adelante. Mantené la columna cómoda y realizá el movimiento de manera fluida.","true"
"312","exercises","Alcance de punta de pie en equilibrio","MOBILITY","Piernas","Peso corporal","movilidad|equilibrio|piernas|cadera|control motor","Ejercicio de equilibrio dinámico que combina apoyo unipodal con un alcance hacia la punta del pie para mejorar el control de la cadena inferior.","Parate sobre una pierna y extendé la otra hacia adelante para tocar o acercarte a la punta del pie. Inclinate desde la cadera manteniendo la espalda estable. Volvé lentamente a la posición inicial y repetí con la otra pierna.","true"
"313","exercises","Marcha coordinada","MOBILITY","Piernas","Peso corporal","movilidad|coordinación|marcha|control motor|core","Patrón básico de marcha que coordina el movimiento de brazos y piernas para mejorar la coordinación general y el control corporal.","Caminá o marchá en el lugar elevando ligeramente una rodilla mientras movés el brazo contrario hacia adelante. Alterná de forma natural y mantené el tronco erguido. Buscá un ritmo cómodo y coordinado.","true"
"314","exercises","Rodillas altas coordinadas","MOBILITY","Piernas","Peso corporal","movilidad|coordinación|rodillas altas|piernas|core","Marcha dinámica con elevación controlada de las rodillas y coordinación de brazos para desarrollar ritmo y control motor.","Marchá en el lugar elevando las rodillas de forma alternada hasta una altura cómoda. Coordiná el movimiento de los brazos con las piernas y mantené el tronco estable. Empezá despacio y aumentá el ritmo solo si mantenés la coordinación.","true"
"315","exercises","Paso lateral cruzado","MOBILITY","Piernas","Peso corporal","movilidad|coordinación|piernas|desplazamiento lateral","Desplazamiento lateral con pasos cruzados que mejora la coordinación, el control de las piernas y la capacidad de cambiar de dirección.","Desplazate lateralmente cruzando una pierna por delante o por detrás de la otra. Mantené las rodillas ligeramente flexionadas y realizá pasos cortos y controlados. Repetí hacia ambos lados.","true"
"316","exercises","Pasos rápidos en escalera de coordinación","MOBILITY","Pies","Escalera de coordinación","movilidad|coordinación|escalera|pies|agilidad|piernas","Ejercicio de coordinación de pies realizado sobre una escalera de agilidad para mejorar precisión, ritmo y control de los desplazamientos.","Parate frente a la escalera de coordinación. Avanzá colocando los pies dentro de los espacios siguiendo un patrón determinado. Mantené pasos rápidos pero controlados y mirá ocasionalmente hacia adelante para desarrollar mejor orientación espacial.","true"
"317","exercises","Toque de rodilla con mano opuesta","MOBILITY","Core","Peso corporal","movilidad|coordinación|core|movimiento cruzado","Movimiento cruzado que combina elevación de la rodilla con el contacto de la mano contraria para desarrollar coordinación y control del tronco.","Parate derecho. Elevá una rodilla y tocala con la mano contraria. Volvé a apoyar el pie y repetí con el otro lado. Mantené un ritmo controlado y evitá inclinar excesivamente el tronco.","true"
"318","exercises","Caminata de oso","MOBILITY","Full body","Peso corporal","movilidad|coordinación|core|cuadrupedia|caminata de oso","Desplazamiento en cuadrupedia elevada que requiere coordinación cruzada entre manos y pies y desarrolla control del cuerpo completo.","Colocate en cuatro apoyos y levantá ligeramente las rodillas del suelo. Avanzá desplazando una mano y el pie contrario de manera coordinada. Mantené la cadera estable y las rodillas cerca del suelo.","true"
"319","exercises","Pasos laterales rápidos","MOBILITY","Piernas","Peso corporal","movilidad|coordinación|piernas|lateral|agilidad","Desplazamiento lateral rápido que desarrolla coordinación y control de las piernas manteniendo una postura atlética estable.","Flexioná ligeramente las rodillas y desplazate lateralmente con pasos cortos y rápidos. Mantené el pecho arriba y evitá juntar completamente los pies si eso te hace perder estabilidad. Repetí hacia ambos lados.","true"
"320","exercises","Saltos laterales coordinados","MOBILITY","Piernas","Peso corporal","movilidad|coordinación|equilibrio|saltos laterales","Saltos laterales de baja complejidad orientados a desarrollar coordinación, equilibrio dinámico y control de los aterrizajes.","Parate con las rodillas ligeramente flexionadas. Saltá suavemente hacia un lado y aterrizá con control. Absorbé el impacto flexionando la pierna y después saltá hacia el otro lado. Priorizá la estabilidad sobre la altura.","true"
"321","exercises","Coordinación brazo y pierna opuesta","MOBILITY","Full body","Peso corporal","movilidad|coordinación|control motor|cuerpo completo","Patrón de movimiento cruzado que coordina brazo y pierna contrarios para mejorar la integración motora y el control corporal.","Mové lentamente un brazo junto con la pierna contraria. Volvé al centro y repetí hacia el otro lado. Mantené el tronco estable y concentráte en coordinar ambos movimientos sin apurarte.","true"
"322","exercises","Paso lateral alternado","MOBILITY","Piernas","Peso corporal","movilidad|coordinación|pasos laterales|piernas","Patrón sencillo de desplazamiento lateral que desarrolla coordinación, ritmo y control de las piernas.","Dá un paso hacia un lado y después acercá la otra pierna. Repetí hacia el lado contrario manteniendo un ritmo constante. Mantené las rodillas ligeramente flexionadas y el tronco erguido.","true"
"323","exercises","Subir y bajar step en 4 tiempos","MOBILITY","Piernas","Step","movilidad|coordinación|step|piernas|ritmo|plataforma","Patrón coordinado de cuatro tiempos sobre un step que desarrolla ritmo, coordinación y control de las piernas.","Frente al step, subí con una pierna, luego con la otra, bajá una y después la otra siguiendo cuatro tiempos. Mantené un ritmo constante y controlá cada apoyo. Alterná la pierna que inicia.","true"
"324","exercises","Saltos coordinados","MOBILITY","Full body","Peso corporal","movilidad|coordinación|saltos|cuerpo completo","Salto coordinado que combina apertura de brazos y piernas para desarrollar ritmo y coordinación global.","Parate con los pies juntos y los brazos al costado. Saltá abriendo simultáneamente brazos y piernas y después volvé a la posición inicial. Mantené un ritmo fluido y aterrizá suavemente.","true"
"325","exercises","Toque alternado de punta de pie","MOBILITY","Pies","Peso corporal","movilidad|coordinación|pies|equilibrio|piernas","Movimiento alternado de toque de punta de pie que mejora la coordinación, el equilibrio dinámico y el control de los apoyos.","Parate derecho y tocá suavemente el suelo con la punta de un pie hacia adelante. Volvé al centro y repetí con el otro pie. Mantené un ritmo constante y controlá cada apoyo.","true"
"326","exercises","Paso atrás con brazos coordinados","MOBILITY","Full body","Peso corporal","movilidad|coordinación|brazos|piernas|paso atrás","Movimiento coordinado que combina un paso hacia atrás con el desplazamiento de los brazos para mejorar la integración de tren superior e inferior.","Parate derecho. Llevá una pierna hacia atrás mientras acompañás el movimiento con los brazos. Volvé al centro y repetí con la otra pierna. Movete de manera fluida y mantené el tronco estable.","true"
"327","exercises","Pasos adelante y atrás","MOBILITY","Piernas","Peso corporal","movilidad|coordinación|piernas|desplazamiento","Patrón básico de desplazamiento hacia adelante y atrás que mejora la coordinación de los pies, el ritmo y el control del movimiento.","Dá un paso hacia adelante y después regresá hacia atrás hasta la posición inicial. Alterná las piernas y mantené un ritmo constante. Realizá pasos cortos y controlados.","true"
"328","exercises","Paso diagonal con alcance","MOBILITY","Full body","Peso corporal","movilidad|coordinación|diagonal|cuerpo completo","Movimiento multidireccional que combina un paso diagonal con un alcance de los brazos para desarrollar coordinación y fluidez.","Dá un paso en diagonal hacia adelante mientras extendés los brazos en la misma dirección. Volvé al centro con control y repetí hacia el otro lado. Mantené el movimiento fluido y estable.","true"
"329","exercises","Movilidad de tobillo hacia adelante","MOBILITY","Tobillos","Peso corporal","movilidad articular|tobillo|dorsiflexión|piernas","Ejercicio de movilidad de tobillo que favorece el desplazamiento de la rodilla hacia adelante manteniendo el talón apoyado.","Colocá un pie adelante con el talón firmemente apoyado. Llevá lentamente la rodilla hacia adelante en dirección a los dedos del pie sin levantar el talón. Volvé atrás y repetí varias veces. El movimiento debe ser cómodo y controlado.","true"
"330","exercises","Rotación de columna sentado","MOBILITY","Columna","Peso corporal","movilidad articular|columna|rotación|espalda","Movimiento de rotación controlada de la columna realizado sentado para mejorar la movilidad del tronco.","Sentate con la espalda erguida y los pies apoyados. Colocá las manos sobre el pecho y girá lentamente el torso hacia un lado sin mover demasiado la pelvis. Volvé al centro y repetí hacia el otro lado.","true"
"331","exercises","Rotaciones de hombros","MOBILITY","Hombros","Peso corporal","movilidad articular|hombros|rotación|relajación","Movimientos circulares de los hombros destinados a mejorar la movilidad articular y reducir la rigidez de la cintura escapular.","Parate o sentate con los brazos relajados. Realizá círculos amplios con ambos hombros hacia adelante y después hacia atrás. Movete lentamente y mantené la respiración tranquila.","true"
"332","exercises","Movilidad de cuello","MOBILITY","Cuello","Peso corporal","movilidad articular|cuello|cervical|relajación","Movimientos suaves de la región cervical que buscan mantener y mejorar el rango de movimiento del cuello.","Sentate o parate con la espalda erguida. Girá lentamente la cabeza hacia un lado y después hacia el otro. Podés combinarlo con movimientos suaves de inclinación. No hagas movimientos bruscos ni fuerces el rango.","true"
"333","exercises","Rotaciones torácicas","MOBILITY","Columna torácica","Peso corporal","movilidad articular|columna torácica|rotación|espalda","Rotación controlada del torso destinada a mejorar la movilidad de la columna torácica manteniendo la pelvis estable.","Colocate en una posición estable, sentado o en cuadrupedia. Girá lentamente el torso hacia un lado manteniendo las caderas quietas. Volvé al centro y repetí hacia el otro lado. Buscá movimiento en la parte alta de la espalda.","true"
"334","exercises","Gato-vaca","MOBILITY","Columna","Peso corporal","movilidad articular|columna|gato vaca|espalda","Movimiento alternado de flexión y extensión de la columna realizado en cuadrupedia para favorecer la movilidad de toda la espalda.","Ponete en cuatro apoyos. Al exhalar, redondeá suavemente la espalda llevando el mentón hacia el pecho. Después invertí el movimiento, extendiendo la columna de forma cómoda mientras abrís el pecho. Movete lentamente y coordiná la respiración.","true"
"335","exercises","Círculos de cadera","MOBILITY","Cadera","Peso corporal","movilidad articular|cadera|rotación|movilidad consciente","Movimientos circulares amplios de la cadera destinados a explorar y mejorar el control del movimiento articular.","Parate con los pies separados y las manos sobre la cintura. Realizá círculos amplios con la pelvis, moviéndola hacia adelante, al costado y hacia atrás. Mantené un ritmo lento y fluido.","true"
"336","exercises","Círculos de rodillas","MOBILITY","Piernas","Peso corporal","movilidad articular|rodillas|piernas|control","Movimiento circular suave de las rodillas que favorece el control y la movilidad de la articulación dentro de un rango cómodo.","Parate con los pies juntos o ligeramente separados y flexioná un poco las rodillas. Colocá las manos sobre ellas y realizá pequeños círculos controlados. Mantené el movimiento suave y sin dolor.","true"
"337","exercises","Círculos de tobillos","MOBILITY","Tobillos","Peso corporal","movilidad articular|tobillos|pies|rotación","Rotación controlada de los tobillos para mejorar el rango de movimiento y la conciencia de la articulación.","Sentate o parate apoyándote en una superficie estable. Levantá un pie y dibujá círculos lentos con el tobillo. Hacé varias repeticiones en ambos sentidos y después cambiá de pie.","true"
"338","exercises","Movilidad de muñecas","MOBILITY","Muñecas","Peso corporal","movilidad articular|muñecas|manos|rotación","Movimientos suaves de flexión, extensión y rotación de las muñecas para mejorar su movilidad y preparación para actividades que requieren apoyo de las manos.","Extendé los brazos hacia adelante y realizá círculos suaves con las muñecas. Después alterná flexión y extensión dentro de un rango cómodo. Movete lentamente y evitá forzar la articulación.","true"
"339","exercises","Rotación completa de hombros","MOBILITY","Hombros","Peso corporal","movilidad articular|hombros|rotación|rango de movimiento","Movimiento amplio y controlado de los brazos para explorar el rango de movimiento de los hombros y mejorar la movilidad articular.","Parate derecho y realizá círculos amplios con un brazo, pasando cerca de la oreja y regresando hacia abajo. Hacé el movimiento lentamente y dentro de un rango cómodo. Repetí con el otro brazo.","true"
"340","exercises","Rotaciones completas de cadera","MOBILITY","Cadera","Peso corporal","movilidad articular|cadera|rotación|control motor","Movimiento controlado de la cadera que combina diferentes direcciones para desarrollar movilidad y estabilidad articular.","Parate sobre una pierna y levantá la otra. Mové la pierna lentamente realizando un círculo amplio desde la cadera. Mantené estable la pierna de apoyo y usá una pared si necesitás equilibrio. Cambiá de lado.","true"
"341","exercises","Ondulaciones de columna","MOBILITY","Columna","Peso corporal","movilidad articular|columna|espalda|fluidez","Movimiento ondulatorio y segmentado de la columna que busca mejorar la conciencia corporal y la movilidad de la espalda.","Mové la columna lentamente desde una zona hacia otra, creando una sensación de onda que recorra la espalda. Evitá movimientos bruscos y buscá fluidez. Respir­á de forma tranquila durante todo el ejercicio.","true"
"342","exercises","Balanceo de brazos","MOBILITY","Hombros","Peso corporal","movilidad articular|hombros|brazos|relajación","Balanceo relajado de los brazos utilizado para movilizar los hombros de forma suave y preparar la cintura escapular para el movimiento.","Parate relajado y dejá los brazos sueltos. Balancealos suavemente hacia adelante, atrás y a los costados aprovechando el movimiento natural del cuerpo. No fuerces el rango y mantené una respiración tranquila.","true"
"343","exercises","Balanceo de pierna","MOBILITY","Cadera","Peso corporal","movilidad articular|cadera|piernas|balanceo","Balanceo dinámico de la pierna hacia adelante y atrás para preparar la cadera y mejorar su movilidad de forma controlada.","Parate junto a una pared o superficie estable. Balanceá una pierna hacia adelante y atrás de forma progresiva, sin impulso excesivo. Mantené el tronco estable y aumentá el rango solo si el movimiento se siente cómodo. Cambiá de pierna.","true"
"344","exercises","Movilidad de cadera en sentadilla","MOBILITY","Cadera","Peso corporal","movilidad articular|cadera|sentadilla|movilidad profunda","Posición profunda de sentadilla utilizada para explorar la movilidad de cadera, tobillo y columna mientras se mantiene una postura controlada.","Separá los pies a una posición cómoda y bajá lentamente hacia una sentadilla profunda. Mantené los pies apoyados y el pecho abierto. Sostené la posición respirando profundamente y realizá pequeños ajustes de movilidad sin forzar.","true"
"345","exercises","Extensiones de columna torácica","MOBILITY","Columna torácica","Peso corporal","movilidad articular|columna torácica|extensión|postura","Ejercicio de extensión de la columna torácica que favorece la movilidad de la parte alta de la espalda y la apertura del pecho.","Sentate o colocate en una posición estable con las manos detrás de la cabeza o cruzadas sobre el pecho. Extendé suavemente la parte alta de la espalda mientras abrís el pecho. Evitá compensar arqueando excesivamente la zona lumbar.","true"
"346","exercises","Rotación de hombros con banda","MOBILITY","Hombros","Banda","movilidad articular|hombros|banda elástica|rotación","Movimiento amplio de los hombros utilizando una banda elástica para facilitar el control y la movilidad de la cintura escapular.","Sostené una banda elástica con ambas manos y mantené los brazos extendidos. Mové la banda lentamente por encima de la cabeza y hacia atrás solo hasta donde resulte cómodo. Volvé a la posición inicial con control. No fuerces el rango.","true"
"347","exercises","Apertura de cadera","MOBILITY","Cadera","Peso corporal","movilidad articular|cadera|sentadilla|apertura","Movimiento de apertura de cadera realizado desde una posición de sentadilla para mejorar la movilidad y el control de la articulación.","Bajá hasta una sentadilla cómoda y apoyá las manos sobre los muslos o el suelo. Abrí suavemente una rodilla hacia afuera y después la otra, manteniendo los pies apoyados. Movete lentamente y sin dolor.","true"
"348","newExercises","Remo T-bar","STRENGTH","Espalda","Barra","espalda|barra_t|remo|dorsales|trapecio","Remo con barra T. Ejercicio de fuerza para espalda que trabaja dorsales, romboides y trapecio medio. Se realiza con una barra anclada en una esquina o máquina T-bar.","Colocá una barra en una esquina o usá una máquina T-bar. Agachate con la espalda recta, agarrá los extremos de la barra y tirá hacia tu abdomen manteniendo los codos cerca del cuerpo. Controlá el peso en todo momento, tanto al subir como al bajar.","true"
"349","newExercises","Remo yates","STRENGTH","Espalda","Barra","espalda|barra|remo|yates|dorsales|romboides","Remo Yates (Yates row). Variante de remo con barra con agarre supino y torso más inclinado, enfocado en dorsales y parte baja de la espalda.","Agarrá la barra con palmas hacia arriba (agarre supino), incliná el torso unos 30-45 grados. Tirá la barra hacia tu abdomen bajo, llevando los codos hacia atrás y cerca del cuerpo. Mantené la espalda recta y controlá el movimiento en ambas fases.","true"
"350","newExercises","Sentadilla goblet","STRENGTH","Cuádriceps","Mancuerna","cuadriceps|mancuerna|kettlebell|sentadilla|gluteos|core|goblet","Sentadilla goblet. Variante de sentadilla donde se sostiene una mancuerna o kettlebell al pecho. Excelente para cuádriceps, glúteos y core, ideal para aprender la técnica de sentadilla.","Sostené una mancuerna o kettlebell con ambas manos al nivel del pecho, como si fuera un cáliz. Separá los pies al ancho de los hombros, bajá flexionando rodillas y caderas manteniendo el torso erguido. Bajá hasta que los muslos estén paralelos al piso y subí controladamente.","true"
"351","newExercises","Press con pausa","STRENGTH","Glúteos","Banda","gluteos|banda|press|puente|hip_thrust|isometrico","Hip thrust o puente de glúteos con banda elástica y pausa isométrica en la contracción máxima. Enfocado en glúteos con énfasis en la tensión constante.","Colocá una banda elástica por encima de las rodillas. Acostate boca arriba con las rodillas flexionadas y pies apoyados en el piso. Elevá las caderas hasta la máxima contracción de glúteos, mantené la posición 2-3 segundos y bajá lento. Mantené la tensión en la banda durante todo el movimiento.","true"
"352","newExercises","Dominadas commando","STRENGTH","Espalda","Barra","espalda|barra|dominada|commando|dorsales|biceps","Dominadas comando (commando pull-ups). Variante de dominada donde se agarra la barra con las manos en posición neutral, una adelante de la otra, alternando el lado de subida. Trabaja dorsales, bíceps y core.","Agarrá la barra con un agarre neutral, una mano adelante de la otra. Colgá con los brazos extendidos. Subí llevando la barra hacia un lado del pecho, alternando el lado en cada repetición. Mantené el core activo y controlá tanto la subida como la bajada.","true"
"353","newExercises","Elevación frontal con barra","STRENGTH","Hombros","Barra","hombros|barra|elevacion_frontal|deltoides_anterior|trapecio","Elevación frontal con barra. Ejercicio de aislamiento para deltoides anteriores y trapecio superior. Se eleva la barra hacia adelante hasta la altura de los hombros.","De pie, agarrá la barra con las manos al ancho de los hombros y palmas hacia abajo. Elevá la barra hacia adelante y arriba hasta la altura de los hombros, manteniendo los brazos rectos o levemente flexionados. Bajá de forma controlada sin dejar caer el peso.","true"
"354","newExercises","Fondos entre bancos","STRENGTH","Tríceps","Bancos","triceps|bancos|fondos|peso_corporal|brazos","Fondos de tríceps entre dos bancos. Ejercicio con peso corporal para tríceps que también involucra pecho y hombros. Se apoyan las manos en un banco y los pies en otro.","Sentate en el borde de un banco y apoyá las manos a los costados de las caderas. Extendé las piernas y apoyá los talones en otro banco frente a vos. Bajá el cuerpo flexionando los codos hasta que los brazos formen un ángulo de 90 grados, luego empujá hacia arriba extendiendo los tríceps. Mantené la espalda cerca del banco.","true"
"355","newExercises","Patada de tríceps con mancuerna en banco","STRENGTH","Tríceps","Mancuerna","triceps|mancuerna|banco|patada|aislamiento|brazos","Patada de tríceps con mancuerna apoyado en banco. Ejercicio de aislamiento unilateral para tríceps. Se apoya una rodilla y una mano en el banco mientras se extiende el brazo hacia atrás.","Apoyá una rodilla y la mano del mismo lado en un banco plano, manteniendo la espalda paralela al piso. Con la otra mano, agarrá una mancuerna con el codo flexionado a 90 grados. Extendé el brazo hacia atrás contrayendo el tríceps, mantené la contracción 1 segundo y bajá controladamente. No movilices el codo, solo el antebrazo.","true"
"356","newExercises","Elevación de piernas L-sit","STRENGTH","Core","Banco","core|banco|elevacion_piernas|l_sit|abdominales|isometrico|paralelas","Elevación de piernas en posición L-sit. Ejercicio isométrico y dinámico para core, enfocado en abdominales inferiores y flexores de cadera. Se mantiene el torso fijo mientras se elevan las piernas.","Sentate en el borde de un banco o en paralelas, apoyá las manos a los costados y mantené los brazos extendidos. Elevá ambas piernas rectas hasta formar una L con el torso, mantené la posición o hacé repeticiones de elevación. Mantené la espalda recta y el core activo en todo momento.","true"
"357","newExercises","Jalón a una mano","STRENGTH","Espalda","Máquina de jalón","espalda|maquina|jalon|unilateral|dorsales|romboides","Jalón a una mano en máquina. Variante unilateral del jalón que permite mayor rango de movimiento y conexión mente-músculo con dorsales y romboides.","Sentate en la máquina de jalón y agarrá la manija con una mano. Tirá hacia abajo llevando el codo hacia la cadera del mismo lado, contrayendo el dorsal. Mantené el torso levemente inclinado hacia atrás y controlá el regreso. Hacé todas las repeticiones con un brazo antes de cambiar.","true"
"358","newExercises","Prensa horizontal","STRENGTH","Cuádriceps","Kettlebell","cuadriceps|kettlebell|prensa|piernas|gluteos|core","Prensa horizontal con kettlebell. Ejercicio de empuje horizontal para piernas donde se sostiene una kettlebell al pecho y se realiza una sentadilla profunda con énfasis en cuádriceps.","Sostené una kettlebell al pecho con ambas manos. Separá los pies al ancho de los hombros y bajá en sentadilla manteniendo el torso erguido y la kettlebell cerca del cuerpo. Bajá hasta que los muslos estén paralelos o por debajo, luego empujá con los talones para subir. Mantené los codos cerca del cuerpo.","true"
"359","newExercises","Curl en polea baja","STRENGTH","Bíceps","Polea baja","biceps|polea|curl|aislamiento|brazos|biceps_braquial","Curl de bíceps en polea baja. Ejercicio de aislamiento para bíceps que mantiene tensión constante durante todo el rango de movimiento gracias a la resistencia de la polea.","Colocá una barra recta o cuerda en la polea baja. De pie, agarrá la barra con palmas hacia arriba y codos pegados al cuerpo. Flexioná los codos llevando la barra hacia los hombros, mantené la contracción 1 segundo y bajá controladamente sin despegar los codos del torso.","true"
"360","newExercises","Aperturas en máquina","STRENGTH","Pecho","Máquina de aperturas","pecho|maquina|aperturas|aislamiento|pectoral","Aperturas en máquina (pec deck o máquina de mariposa). Ejercicio de aislamiento para pectoral mayor, ideal para definición y conexión mente-músculo. Mantiene tensión constante en el pecho.","Ajustá el asiento para que las manijas queden a la altura del pecho. Sentate con la espalda apoyada y agarrá las manijas. Llevá los brazos hacia adelante como si abrazaras un árbol grande, contrayendo el pecho. Mantené la contracción 1 segundo y volvé controladamente a la posición inicial sin soltar la tensión.","true"
"361","newExercises","Hip thrust en máquina","STRENGTH","Glúteos","Máquina de hip thrust","gluteos|maquina|hip_thrust|puente|gluteo_mayor","Hip thrust en máquina específica. Ejercicio de empuje para glúteos que permite cargar peso de forma segura y controlada, maximizando la contracción del glúteo mayor.","Sentate en la máquina de hip thrust con la espalda apoyada en el respaldo y los pies firmes en el suelo. Empujá hacia arriba con las caderas contrayendo al máximo los glúteos en la parte superior, mantené la contracción 2 segundos y bajá lento. No arquees la espalda baja en la subida.","true"
"362","newExercises","Elevación de piernas en banco inclinado","STRENGTH","Core","Banco inclinado","core|banco_inclinado|elevacion_piernas|abdominales_inferiores|flexores_cadera","Elevación de piernas en banco inclinado. Ejercicio para core que trabaja abdominales inferiores y flexores de cadera con mayor rango de movimiento gracias a la inclinación del banco.","Acostate boca arriba en un banco inclinado con la cabeza hacia arriba. Agarrá los laterales del banco para estabilizarte. Elevá las piernas rectas o levemente flexionadas hasta que los glúteos se despeguen del banco, luego bajá controladamente sin dejar caer las piernas. Mantené el core activo y evitá balancear el cuerpo.","true"
"363","newExercises","Pájaro con mancuerna en banco","STRENGTH","Hombros","Mancuerna","hombros|mancuerna|banco|pajaro|deltoides_posterior|romboides","Pájaro con mancuerna apoyado en banco. Ejercicio de aislamiento para deltoides posteriores y romboides. Se apoya el torso en el banco para eliminar el impulso y enfocar el trabajo en la parte posterior del hombro.","Apoyá el torso en un banco inclinado (pecho contra el respaldo) o acostate boca abajo en un banco plano. Con una mancuerna en cada mano y los brazos colgando, elevá los brazos hacia los costados como si fueran alas, hasta que queden paralelos al piso. Mantené una leve flexión en los codos y bajá controladamente.","true"
"364","newExercises","Pájaro con banda","STRENGTH","Hombros","Banda","hombros|banda|pajaro|deltoides_posterior|romboides|postura","Pájaro con banda elástica. Ejercicio para deltoides posteriores y romboides usando resistencia elástica. Ideal para calentamiento, rehabilitación o como ejercicio de aislamiento en rutinas de hombros.","Colocá una banda elástica alrededor de un poste o árbol a la altura del pecho. Agarrá los extremos con las manos y retrocedé hasta sentir tensión. Con los brazos extendidos o levemente flexionados, abrí los brazos hacia los costados contrayendo los deltoides posteriores. Mantené la espalda recta y controlá el regreso.","true"
"365","newExercises","Hiperextensiones inversas","STRENGTH","Isquiotibiales","Banco de hiperextensiones","isquiotibiales|gluteos|banco|hiperextension|posterior|core","Hiperextensiones inversas (reverse hyperextensions). Ejercicio para isquiotibiales, glúteos y zona lumbar. Se realiza en banco de hiperextensiones elevando las piernas hacia atrás.","Acostate boca abajo en un banco de hiperextensiones con las caderas en el borde y las piernas colgando. Agarrá los soportes delanteros. Elevá las piernas hacia atrás y arriba contrayendo glúteos e isquiotibiales, hasta que las piernas queden paralelas al piso o levemente por encima. Bajá controladamente sin dejar caer las piernas.","true"
"366","newExercises","Extensión de cuádriceps unilateral","STRENGTH","Cuádriceps","Máquina de extensión de cuádriceps","cuadriceps|maquina|extension|unilateral|piernas|vasto","Extensión de cuádriceps unilateral en máquina. Ejercicio de aislamiento para cuádriceps trabajando una pierna a la vez, ideal para corregir desequilibrios musculares.","Sentate en la máquina de extensión de cuádriceps y colocá el tobillo de una pierna detrás del rodillo. Extendé la pierna hasta la máxima contracción de cuádriceps, mantené 1 segundo y bajá controladamente sin dejar caer el peso. Hacé todas las repeticiones con una pierna antes de cambiar. Mantené la espalda apoyada en el respaldo.","true"
"367","newExercises","Curl explosivo","STRENGTH","Bíceps","Banda","biceps|banda|curl|explosivo|potencia|brazos","Curl explosivo con banda elástica. Variante de curl de bíceps que enfatiza la fase concéntrica rápida y potente, ideal para desarrollar velocidad y fuerza en el rango de movimiento.","Pisá una banda elástica con ambos pies y agarrá los extremos con palmas hacia arriba. Mantené los codos pegados al cuerpo. Flexioná los codos de forma rápida y explosiva hacia los hombros, mantené la contracción 1 segundo y bajá de forma controlada en 2-3 segundos. No balancees el cuerpo, el movimiento debe venir solo de los brazos.","true"
"368","newExercises","Remo en TRX","STRENGTH","Espalda","TRX","espalda|trx|remo|dorsales|romboides|peso_corporal","Remo en TRX. Ejercicio de espalda con suspensión que utiliza el peso corporal como resistencia. Trabaja dorsales, romboides, bíceps y core de forma integrada.","Colgá las correas del TRX a una altura media. Agarrá las manijas con palmas hacia adentro y incliná el torso hacia atrás con los talones apoyados y el cuerpo en línea recta. Tirá de tu cuerpo hacia arriba llevando los codos hacia los costados y contrayendo la espalda. Bajá controladamente extendiendo los brazos. Cuanto más inclinado estés, más difícil será.","true"
"369","newExercises","Face pull con banda","STRENGTH","Hombros","Banda","hombros|banda|face_pull|deltoides_posterior|romboides|trapecio|postura","Face pull con banda elástica. Ejercicio de aislamiento para deltoides posteriores, romboides y trapecio medio. Excelente para mejorar la postura y equilibrar el trabajo de empuje de pecho y hombros.","Atá una banda elástica a una altura superior a tu cabeza. Agarrá los extremos con palmas hacia abajo y codos altos. Tirá la banda hacia tu cara separando los codos hasta que las manos queden a los lados de tu cabeza. Mantené la contracción 1-2 segundos y volvé controladamente. No uses impulso con el torso.","true"
"370","newExercises","Curl femoral sentado","STRENGTH","Isquiotibiales","Máquina de curl femoral","isquiotibiales|maquina|curl_femoral|piernas|posterior","Curl femoral sentado en máquina. Ejercicio de aislamiento para isquiotibiales (femorales) con el torso fijo, ideal para trabajar la flexión de rodilla sin involucrar la zona lumbar.","Sentate en la máquina de curl femoral ajustando el rodillo por encima de los tobillos. Agarrá los soportes laterales y flexioná las rodillas llevando los talones hacia los glúteos. Mantené la contracción 1 segundo en la parte superior y bajá controladamente sin dejar caer el peso. No levantes las caderas del asiento.","true"
"371","newExercises","Russian twist con banda","STRENGTH","Core","Banda","core|banda|russian_twist|oblicuos|abdominales|rotacion","Russian twist con banda elástica. Ejercicio de core que combina rotación del torso con resistencia elástica, trabajando oblicuos y recto abdominal con énfasis en la estabilidad.","Sentate en el piso con las rodillas flexionadas y los pies apoyados. Pasá una banda elástica alrededor de tus pies y agarrá los extremos con ambas manos cerca del pecho. Incliná el torso hacia atrás unos 45 grados y rotá el torso de un lado a otro llevando las manos hacia el piso a cada lado. Mantené el core activo y los pies en el suelo.","true"
"372","newExercises","Elevación de talón de pie","STRENGTH","Pantorrilla","Mancuernas","pantorrilla|mancuernas|elevacion_talon|gemelos|solia|de_pie|peso_corporal","Elevación de talones de pie (calf raise). Ejercicio para pantorrillas (gastrocnemio y sóleo) con mancuernas en las manos o peso corporal. Se realiza de pie para maximizar el rango de movimiento del gemelo.","De pie con los pies al ancho de los hombros, sostené una mancuerna en cada mano a los costados. Elevá los talones lo más alto posible contrayendo las pantorrillas, mantené 2 segundos arriba y bajá controladamente hasta estirar completamente los tobillos. Podés apoyar las puntas de los pies en un step o disco para mayor rango.","true"
"373","newExercises","Pull-over con kettlebell","STRENGTH","Pecho","Kettlebell","pecho|espalda|kettlebell|pullover|dorsales|serrato|aislamiento|banco","Pull-over con kettlebell acostado en banco. Ejercicio que trabaja dorsales, pectoral mayor y serrato anterior. Se realiza llevando la kettlebell por detrás de la cabeza en un arco controlado.","Acostate boca arriba en un banco plano con los pies apoyados en el piso. Sostené una kettlebell con ambas manos sobre el pecho con los brazos extendidos. Bajá la kettlebell en un arco por detrás de tu cabeza hasta sentir el estiramiento en el pecho y dorsales, luego volvé a la posición inicial contrayendo el pecho. Mantené una leve flexión en los codos.","true"
"374","newExercises","Jalón con cuerda","STRENGTH","Espalda","Polea alta","espalda|polea|jalon|cuerda|dorsales|romboides|biceps","Jalón con cuerda en polea alta. Variante del jalón tradicional usando cuerda como agarre, permitiendo mayor rango de movimiento y mejor contracción de dorsales y romboides al final del recorrido.","Sentate en la máquina de polea alta y colocá una cuerda en el gancho. Agarrá los extremos de la cuerda con palmas hacia adentro. Tirá hacia abajo separando los codos hacia los costados y llevando las manos hacia los hombros. Mantené la contracción 1 segundo y subí controladamente. Incliná levemente el torso hacia atrás al tirar.","true"
"375","newExercises","Patada de tríceps con banda","STRENGTH","Tríceps","Banda","triceps|banda|patada|aislamiento|brazos|unilateral","Patada de tríceps con banda elástica. Ejercicio de aislamiento unilateral para tríceps usando resistencia elástica. Ideal para calentamiento, rehabilitación o como ejercicio de aislamiento en rutinas de brazos.","Colocá una banda elástica a la altura del pecho o más baja. Agarrá un extremo con una mano y retrocedé hasta sentir tensión. Flexioná el codo a 90 grados con el brazo pegado al cuerpo. Extendé el brazo hacia atrás contrayendo el tríceps, mantené 1 segundo y volvé controladamente. No movilices el codo, solo el antebrazo.","true"
"376","newExercises","Russian twist con balón","STRENGTH","Core","Balón medicinal","core|balon_medicinal|russian_twist|oblicuos|abdominales|rotacion","Russian twist con balón medicinal. Ejercicio de core dinámico que trabaja oblicuos y recto abdominal mediante rotación del torso con peso. Ideal para desarrollar potencia y resistencia del core.","Sentate en el piso con las rodillas flexionadas y los pies apoyados (o levantados para mayor dificultad). Sostené un balón medicinal con ambas manos cerca del pecho. Incliná el torso hacia atrás unos 45 grados y rotá de un lado a otro llevando el balón hacia el piso a cada lado. Mantené el core activo y controlá el movimiento.","true"
"377","newExercises","Hip thrust b-stance","STRENGTH","Glúteos","Barra","gluteos|barra|mancuerna|hip_thrust|b_stance|unilateral|piernas|peso_corporal","Hip thrust en posición B-stance. Variante del hip thrust donde una pierna soporta la mayor carga mientras la otra asiste, permitiendo trabajo unilateral de glúteos con mayor estabilidad que la versión a una pierna pura.","Acostate boca arriba con la espalda apoyada en un banco y los pies en el piso. Colocá un pie firmemente en el suelo (pierna de trabajo) y el otro pie ligeramente atrás con la punta apoyada (pierna de apoyo). Empujá las caderas hacia arriba contrayendo el glúteo de la pierna de trabajo. Mantené 2 segundos arriba y bajá controladamente. Cambiá de pierna.","true"
"378","newExercises","Peso muerto unilateral","STRENGTH","Isquiotibiales","Mancuerna","isquiotibiales|gluteos|mancuerna|kettlebell|peso_muerto|unilateral|piernas","Peso muerto unilateral (RDL de una pierna). Ejercicio unilateral para isquiotibiales, glúteos y core que mejora el equilibrio y corrige desequilibrios entre piernas. Se realiza con mancuerna o kettlebell en una mano.","De pie sosteniendo una mancuerna o kettlebell en una mano. Apoyá el pie de la mano contraria firmemente en el suelo. Incliná el torso hacia adelante elevando la pierna libre hacia atrás, manteniendo la espalda recta y la mancuerna cerca de la pierna de apoyo. Bajá hasta que el torso quede paralelo al piso y volvé subiendo las caderas. Cambiá de lado.","true"
"379","newExercises","Peso muerto landmine","STRENGTH","Espalda","Landmine","espalda|piernas|landmine|peso_muerto|dorsales|isquiotibiales|gluteos","Peso muerto con landmine. Variante del peso muerto usando una barra anclada en landmine, que permite una trayectoria de movimiento más natural y reduce la carga en la zona lumbar.","Colocá una barra en un landmine y agregá peso en el extremo libre. Parate frente a la barra con los pies al ancho de los hombros. Agachate agarrando el extremo de la barra con ambas manos. Mantené la espalda recta y levantá la barra extendiendo caderas y rodillas. Bajá controladamente manteniendo la barra cerca del cuerpo.","true"
"380","newExercises","Aperturas en polea baja","STRENGTH","Pecho","Poleas bajas","pecho|polea|aperturas|aislamiento|pectoral|definicion","Aperturas en poleas bajas (cable crossover low-to-high). Ejercicio de aislamiento para pectoral mayor con énfasis en la porción superior del pecho. Se cruzan las poleas desde abajo hacia arriba.","Parate en el centro de dos poleas bajas con una manija en cada mano. Incliná levemente el torso hacia adelante. Elevá los brazos en un arco hacia adelante y arriba hasta que las manos se crucen frente a tu pecho. Mantené la contracción 1 segundo y bajá controladamente abriendo los brazos. Mantené una leve flexión en los codos.","true"
"381","newExercises","Russian twist en banco","STRENGTH","Core","Banco plano","core|banco|russian_twist|oblicuos|abdominales|rotacion","Russian twist en banco plano. Ejercicio de core que trabaja oblicuos y recto abdominal mediante rotación del torso acostado en banco, permitiendo mayor rango de movimiento y control.","Acostate boca arriba en un banco plano con los pies apoyados en el piso o en el banco. Sostené una mancuerna o discos con ambas manos sobre el pecho. Rotá el torso de un lado a otro llevando el peso hacia el piso a cada lado. Mantené la espalda apoyada en el banco y el core activo en todo momento.","true"
"382","newExercises","Curl femoral con banda","STRENGTH","Isquiotibiales","Banda","isquiotibiales|banda|curl_femoral|piernas|posterior|aislamiento","Curl femoral con banda elástica. Ejercicio de aislamiento para isquiotibiales usando resistencia elástica. Ideal para entrenamiento en casa o como ejercicio de activación antes de trabajo más pesado.","Acostate boca abajo en el piso o en un banco. Atá una banda elástica a un punto fijo bajo y pasala por encima de tus talones. Flexioná las rodillas llevando los talones hacia los glúteos contra la resistencia de la banda. Mantené la contracción 1 segundo y bajá controladamente. No levantes las caderas del piso.","true"
"383","newExercises","Dominadas explosivas","STRENGTH","Espalda","Barra","espalda|barra|dominada|explosivo|potencia|dorsales|biceps","Dominadas explosivas (explosive pull-ups). Variante de dominada que enfatiza la fase concéntrica rápida y potente, ideal para desarrollar fuerza explosiva y potencia en la espalda y bíceps.","Agarrá la barra con un agarre prono o supino un poco más ancho que los hombros. Colgá con los brazos extendidos. Tirá de tu cuerpo hacia arriba de forma explosiva, intentando llevar el pecho lo más alto posible (opcionalmente hasta pasar la barra). Bajá controladamente en 2-3 segundos. No uses balanceo con las piernas.","true"
"384","newExercises","Patada de tríceps unilateral","STRENGTH","Tríceps","Mancuerna","triceps|mancuerna|patada|aislamiento|unilateral|brazos","Patada de tríceps unilateral con mancuerna. Ejercicio de aislamiento para tríceps trabajando un brazo a la vez, ideal para corregir desequilibrios y maximizar la conexión mente-músculo.","Parate con una mancuerna en una mano y flexioná el codo a 90 grados con el brazo pegado al cuerpo. Incliná levemente el torso hacia adelante. Extendé el brazo hacia atrás contrayendo el tríceps, mantené la contracción 1 segundo y bajá controladamente. No movilices el codo, el movimiento debe venir solo del antebrazo. Cambiá de brazo.","true"
"385","newExercises","Extensión de tríceps en polea alta","STRENGTH","Tríceps","Polea alta","triceps|polea|extension|aislamiento|brazos|cabeza_larga|barra|cuerda","Extensión de tríceps en polea alta (overhead tricep extension). Ejercicio de aislamiento para tríceps con énfasis en la cabeza larga, realizado desde una posición elevada que estira el músculo al máximo.","Parate de espaldas a la polea alta con una barra recta o cuerda. Agarrá la barra con palmas hacia abajo y codos flexionados cerca de la cabeza. Extendé los brazos hacia arriba contrayendo los tríceps, mantené 1 segundo y bajá controladamente hasta que los codos vuelvan a 90 grados. Mantené los codos fijos y cerca de la cabeza.","true"
"386","newExercises","Dominadas L-sit","STRENGTH","Espalda","Barra","espalda|barra|dominada|l_sit|core|dorsales|abdominales","Dominadas en posición L-sit. Variante avanzada de dominada donde las piernas se mantienen extendidas y elevadas formando una L con el torso. Trabaja dorsales, bíceps y core de forma intensa.","Agarrá la barra con un agarre prono al ancho de los hombros. Colgá con los brazos extendidos y elevá las piernas rectas hasta que queden paralelas al piso (posición L). Manteniendo las piernas elevadas, tirá de tu cuerpo hacia arriba hasta que el mentón pase la barra. Bajá controladamente manteniendo las piernas en posición L.","true"
"387","newExercises","Sentadilla sissy","STRENGTH","Cuádriceps","Peso corporal","cuadriceps|peso_corporal|sentadilla|sissy|vasto|piernas","Sentadilla sissy (sissy squat). Ejercicio avanzado de peso corporal que aísla intensamente los cuádriceps, especialmente el vasto interno. Se realiza inclinando el torso hacia atrás mientras las rodillas se flexionan hacia adelante.","Parate con los pies al ancho de los hombros y los talones elevados (podés apoyarlos en un disco o step). Agarrá un soporte con una mano para equilibrio. Incliná el torso hacia atrás mientras flexionás las rodillas hacia adelante, bajando hasta que los muslos estén paralelos al piso. Subí extendiendo las rodillas y contrayendo los cuádriceps. Mantené el core activo.","true"
"388","newExercises","Crunch con banda","STRENGTH","Core","Banda","core|banda|crunch|abdominales|recto_abdominal|aislamiento","Crunch con banda elástica. Ejercicio de aislamiento para recto abdominal que añade resistencia progresiva al crunch tradicional, aumentando la intensidad del trabajo del core.","Acostate boca arriba en el piso con las rodillas flexionadas y pies apoyados. Pasá una banda elástica por detrás de la espalda alta y agarrá los extremos con las manos cerca de la cabeza. Contraé el abdomen y elevá los hombros del piso llevando el pecho hacia las rodillas. Mantené la contracción 1 segundo y bajá controladamente. No tires con las manos, el impulso viene del abdomen.","true"
"389","newExercises","Jalón agarre cerrado","STRENGTH","Espalda","Polea alta","espalda|polea|jalon|agarre_cerrado|dorsales|romboides|biceps|barra_en_v","Jalón con agarre cerrado (close-grip lat pulldown). Variante del jalón que usa una barra en V o agarre cerrado, enfocándose más en la parte baja de los dorsales y bíceps con menor participación de los dorsales anchos.","Sentate en la máquina de polea alta y agarrá la barra en V con ambas manos. Tirá hacia abajo llevando la barra hacia la parte superior del pecho, manteniendo los codos cerca del cuerpo. Mantené la contracción 1 segundo y subí controladamente. Incliná levemente el torso hacia atrás al tirar y mantené la espalda recta.","true"
"390","newExercises","Cruces unilaterales","STRENGTH","Pecho","Banda","pecho|banda|cruces|unilateral|aislamiento|pectoral","Cruces unilaterales con banda elástica. Ejercicio de aislamiento para pectoral mayor trabajando un lado a la vez, ideal para corregir desequilibrios y mejorar la conexión mente-músculo.","Atá una banda elástica a un punto fijo a la altura del pecho. Agarrá el extremo con una mano y retrocedé hasta sentir tensión. Con el brazo extendido hacia el costado, llevá la mano hacia adelante cruzando el cuerpo como si abrazaras un árbol. Mantené la contracción 1 segundo y volvé controladamente. Hacé todas las repeticiones con un brazo antes de cambiar.","true"
"391","newExercises","Pull-over en máquina","STRENGTH","Pecho","Máquina de pull-over","pecho|espalda|maquina|pullover|dorsales|serrato|aislamiento","Pull-over en máquina específica. Ejercicio de aislamiento que trabaja dorsales, pectoral mayor y serrato anterior con resistencia controlada y trayectoria guiada, reduciendo el riesgo de lesión.","Ajustá el asiento para que los hombros queden alineados con el eje de rotación de la máquina. Agarrá las manijas con los brazos extendidos y llevá los brazos por detrás de la cabeza en un arco controlado hasta sentir el estiramiento. Volvé a la posición inicial contrayendo el pecho y dorsales. Mantené una leve flexión en los codos.","true"
"392","newExercises","Aperturas en banco inclinado","STRENGTH","Pecho","Mancuernas","pecho|mancuerna|banco_inclinado|aperturas|pectoral_superior|aislamiento","Aperturas con mancuernas en banco inclinado. Ejercicio de aislamiento para la porción superior del pectoral mayor (clavicular). Se realiza abriendo los brazos en un arco desde una posición inclinada.","Acostate en un banco inclinado a 30-45 grados con una mancuerna en cada mano sobre el pecho. Extendé los brazos con una leve flexión en los codos. Abrí los brazos en un arco hacia los costados hasta sentir el estiramiento en el pecho. Volvé a la posición inicial contrayendo el pecho superior. Mantené la misma flexión de codos durante todo el movimiento.","true"
"393","newExercises","Fondos en banco","STRENGTH","Tríceps","Banco plano","triceps|banco|fondos|peso_corporal|brazos|aislamiento","Fondos de tríceps en banco plano. Ejercicio con peso corporal para tríceps que también involucra pecho y hombros. Variante más accesible que los fondos entre bancos, usando solo un banco.","Sentate en el borde de un banco plano y apoyá las manos a los costados de las caderas con los dedos mirando hacia adelante. Extendé las piernas hacia adelante con los talones apoyados en el piso (o piernas flexionadas para facilitar). Bajá el cuerpo flexionando los codos hasta 90 grados, luego empujá hacia arriba extendiendo los tríceps. Mantené la espalda cerca del banco.","true"
"394","newExercises","Face pull unilateral","STRENGTH","Hombros","Polea","hombros|polea|face_pull|unilateral|deltoides_posterior|romboides|postura|cuerda","Face pull unilateral en polea con cuerda. Variante del face pull que trabaja un lado a la vez, permitiendo mayor rango de movimiento y conexión mente-músculo con deltoides posteriores y romboides.","Parate frente a una polea alta con una cuerda. Agarrá un extremo de la cuerda con una mano. Tirá hacia tu cara llevando el codo alto y hacia afuera. Mantené la contracción 1-2 segundos y volvé controladamente. Hacé todas las repeticiones con un brazo antes de cambiar. Mantené el torso estable sin girar.","true"
"395","newExercises","Plancha con pica","STRENGTH","Core","Peso corporal","core|hombros|peso_corporal|plancha|pike|abdominales","Plancha con pica (pike plank o pike push-up). Ejercicio de peso corporal que combina plancha con elevación de caderas en posición de pica, trabajando intensamente core, deltoides y tríceps.","Comenzá en posición de plancha alta con las manos bajo los hombros. Elevá las caderas hacia arriba llevando el cuerpo a una posición de pica invertida (como una V), manteniendo las piernas rectas. Bajá las caderas volviendo a la plancha. Controlá el movimiento y mantené el core activo. Para mayor dificultad, agregá una flexión de codos en la posición de pica.","true"
"396","newExercises","Remo con kettlebell","STRENGTH","Espalda","Kettlebell","espalda|kettlebell|remo|dorsales|romboides|trapecio","Remo con kettlebell. Ejercicio de fuerza para espalda que trabaja dorsales, romboides y trapecio. Se realiza inclinando el torso y tirando la kettlebell hacia el abdomen.","Parate con los pies al ancho de los hombros y una kettlebell en una mano. Incliná el torso hacia adelante manteniendo la espalda recta. Dejá colgar la kettlebell con el brazo extendido. Tirá la kettlebell hacia tu abdomen llevando el codo hacia arriba y atrás, cerca del cuerpo. Bajá controladamente. Hacé todas las repeticiones con un brazo antes de cambiar.","true"
"397","newExercises","Hip thrust con barra smith","STRENGTH","Glúteos","Máquina Smith","gluteos|maquina_smith|hip_thrust|puente|gluteo_mayor|piernas","Hip thrust en máquina Smith. Variante del hip thrust que usa la barra guiada de la máquina Smith, permitiendo mayor estabilidad y capacidad de cargar peso de forma segura para maximizar el trabajo de glúteos.","Sentate en el piso con la espalda apoyada en un banco y la barra de la Smith sobre tus caderas (usá una almohadilla para protección). Colocá los pies firmemente en el piso separados al ancho de los hombros. Desbloqueá la barra y empujá las caderas hacia arriba contrayendo al máximo los glúteos, mantené 2 segundos arriba y bajá lento. No arquees la espalda baja.","true"
"398","newExercises","Face pull con cuerda baja","STRENGTH","Hombros","Polea baja","hombros|polea|face_pull|cuerda|deltoides_posterior|romboides|trapecio","Face pull con cuerda en polea baja. Variante del face pull que usa polea baja en lugar de alta, cambiando el ángulo de trabajo y enfatizando diferentes fibras de deltoides posteriores y romboides.","Parate frente a una polea baja con una cuerda. Agarrá los extremos con palmas hacia abajo. Tirá la cuerda hacia tu cara elevando los codos hacia los lados y separándolos. Mantené la contracción 1-2 segundos y volvé controladamente. Mantené el torso erguido y no uses impulso con el cuerpo.","true"
"399","newExercises","Peso muerto sumo","STRENGTH","Piernas","Barra","piernas|gluteos|barra|peso_muerto|sumo|aductores|isquiotibiales","Peso muerto sumo. Variante del peso muerto con posición de piernas muy abiertas y agarre dentro de las piernas. Enfatiza glúteos, aductores y cuádriceps con menor carga en la zona lumbar que el peso muerto convencional.","Parate con los pies muy separados y las puntas hacia afuera (posición de sumo). Agachate y agarrá la barra con un agarre mixto o prono entre las piernas. Mantené la espalda recta y levantá la barra extendiendo caderas y rodillas simultáneamente. Bajá controladamente manteniendo la barra cerca del cuerpo. Mantené el pecho alto durante todo el movimiento.","true"
"400","newExercises","Press de hombros en máquina","STRENGTH","Hombros","Máquina de press de hombros","hombros|maquina|press|deltoides|press_hombros|empuje","Press de hombros en máquina. Ejercicio de empuje para deltoides con trayectoria guiada, ideal para principiantes o para cargar peso de forma segura sin preocuparse por el equilibrio.","Ajustá el asiento para que las manijas queden a la altura de los hombros. Sentate con la espalda apoyada y agarrá las manijas. Empujá hacia arriba extendiendo los brazos sin bloquear los codos, mantené 1 segundo arriba y bajá controladamente hasta que los codos queden a 90 grados. No uses impulso con el torso.","true"
"401","newExercises","Crunch con cuerda","STRENGTH","Core","Polea alta","core|polea|crunch|cuerda|abdominales|recto_abdominal","Crunch con cuerda en polea alta. Ejercicio de aislamiento para recto abdominal usando resistencia de polea, permitiendo cargar peso progresivo en el crunch tradicional.","Arrodillate frente a una polea alta con una cuerda. Agarrá los extremos de la cuerda con ambas manos cerca de la cabeza. Flexioná el torso hacia adelante contrayendo el abdomen, llevando el pecho hacia las rodillas. Mantené la contracción 1 segundo y volvé controladamente. No tires con los brazos, el trabajo viene del abdomen.","true"
"402","newExercises","Curl de pie","STRENGTH","Bíceps","Barra","biceps|barra|mancuernas|curl|de_pie|brazos|biceps_braquial","Curl de bíceps de pie. Ejercicio clásico de aislamiento para bíceps realizado de pie, permitiendo mayor capacidad de cargar peso que la versión sentada.","De pie con los pies al ancho de los hombros, agarrá una barra o mancuernas con palmas hacia arriba y codos pegados al cuerpo. Flexioná los codos llevando el peso hacia los hombros, mantené la contracción 1 segundo y bajá controladamente hasta extender completamente los brazos. No balancees el cuerpo ni uses impulso con la espalda.","true"
"403","newExercises","Remo con mancuerna giratoria","STRENGTH","Espalda","Mancuerna","espalda|mancuerna|remo|giratorio|dorsales|romboides|trapecio","Remo con mancuerna giratoria (rotational dumbbell row). Variante de remo unilateral donde se añade una rotación del torso, trabajando dorsales, romboides, oblicuos y mejorando la movilidad de la columna.","Parate con una mancuerna en una mano, incliná el torso hacia adelante con la mano libre apoyada en un banco o rodilla. Dejá colgar la mancuerna con el brazo extendido. Tirá la mancuerna hacia tu abdomen mientras rotás el torso hacia atrás, llevando el codo alto. Bajá controladamente rotando de vuelta. Hacé todas las repeticiones con un brazo antes de cambiar.","true"
"404","newExercises","Elevación de talón sentado","STRENGTH","Pantorrilla","Máquina de pantorrilla sentado","pantorrilla|maquina|elevacion_talon|sentado|soleo|gemelos","Elevación de talones sentado en máquina. Ejercicio de aislamiento para el sóleo (porción profunda de la pantorrilla), que se trabaja mejor con las rodillas flexionadas. Complemento ideal de las elevaciones de pie.","Sentate en la máquina de pantorrilla sentado con las rodillas flexionadas a 90 grados y los pies apoyados en la plataforma. Colocá los muslos bajo los rodillos acolchados. Elevá los talones lo más alto posible contrayendo las pantorrillas, mantené 2 segundos y bajá controladamente hasta estirar completamente los tobillos.","true"
"405","newExercises","Hip thrust con banda","STRENGTH","Glúteos","Banda","gluteos|banda|hip_thrust|puente|gluteo_mayor|piernas|banco","Hip thrust con banda elástica. Variante del hip thrust que usa banda elástica alrededor de las rodillas para añadir resistencia lateral y maximizar la activación de glúteos, especialmente el glúteo medio.","Acostate boca arriba con la espalda apoyada en un banco y los pies firmes en el piso. Colocá una banda elástica por encima de las rodillas. Empujá las caderas hacia arriba contrayendo los glúteos al máximo, manteniendo la tensión en la banda (no dejes que las rodillas se junten). Mantené 2 segundos arriba y bajá lento.","true"
"406","newExercises","Hiperextensiones en 45°","STRENGTH","Columna Lumbar","Banco de hiperextensiones 45°","espalda_baja|gluteos|banco|hiperextension|erectores|core|isquiotibiales","Hiperextensiones en banco a 45 grados. Ejercicio para erectores espinales, glúteos e isquiotibiales. La inclinación de 45° permite un rango de movimiento controlado con menor carga en la zona lumbar que las hiperextensiones horizontales.","Acostate boca abajo en un banco de hiperextensiones a 45 grados con las caderas en el borde superior y los pies asegurados bajo los rodillos. Cruzá los brazos sobre el pecho o detrás de la cabeza. Elevá el torso extendiendo la espalda baja, mantené 1 segundo arriba y bajá controladamente. No hiperextiendas más allá de la línea del cuerpo.","true"
"407","newExercises","Extensión de cuádriceps en máquina","STRENGTH","Cuádriceps","Máquina de extensión de cuádriceps","cuadriceps|maquina|extension|piernas|vasto|recto_femoral","Extensión de cuádriceps en máquina. Ejercicio de aislamiento clásico para cuádriceps que trabaja los cuatro músculos del cuádriceps (vasto lateral, vasto medial, vasto intermedio y recto femoral).","Sentate en la máquina de extensión de cuádriceps y ajustá el rodillo por encima de los tobillos. Agarrá los soportes laterales y extendé las rodillas hasta la máxima contracción de cuádriceps, mantené 1 segundo arriba y bajá controladamente sin dejar caer el peso. Mantené la espalda apoyada en el respaldo durante todo el movimiento.","true"
"408","newExercises","Press landmine","STRENGTH","Hombros","Landmine","hombros|landmine|press|deltoides|empuje|core","Press con landmine. Ejercicio de empuje para hombros usando una barra anclada en landmine, que permite una trayectoria de arco natural y reduce la carga en el hombro comparado con el press militar tradicional.","Colocá una barra en un landmine y agregá peso en el extremo libre. Parate con los pies al ancho de los hombros, agarrá el extremo de la barra con ambas manos cerca del pecho. Empujá la barra hacia arriba y adelante en un arco hasta extender los brazos, mantené 1 segundo y bajá controladamente. Mantené el core activo y la espalda recta.","true"
"409","newExercises","Face pull con cuerda alta","STRENGTH","Hombros","Polea alta","hombros|polea|face_pull|cuerda|deltoides_posterior|romboides|trapecio|postura","Face pull con cuerda en polea alta. Ejercicio de aislamiento para deltoides posteriores, romboides y trapecio medio usando polea alta con cuerda. Excelente para equilibrar el trabajo de empuje y mejorar la postura.","Parate frente a una polea alta con una cuerda. Agarrá los extremos con palmas hacia abajo y codos altos. Tirá la cuerda hacia tu cara separando los codos hasta que las manos queden a los lados de tu cabeza. Mantené la contracción 1-2 segundos y volvé controladamente. No uses impulso con el torso, mantené el core activo.","true"
"410","newExercises","Peso muerto rumano con mancuernas","STRENGTH","Isquiotibiales","Mancuernas","isquiotibiales|gluteos|mancuernas|peso_muerto|rumano|piernas|posterior","Peso muerto rumano con mancuernas. Ejercicio para isquiotibiales y glúteos donde las rodillas permanecen levemente flexionadas mientras el torso se inclina hacia adelante. Las mancuernas permiten mayor rango de movimiento que la barra.","De pie con una mancuerna en cada mano, pies al ancho de los hombros y rodillas levemente flexionadas. Mantené la espalda recta e incliná el torso hacia adelante llevando las mancuernas cerca de las piernas, hasta sentir el estiramiento en los isquiotibiales. Volvé a la posición inicial extendiendo las caderas y contrayendo glúteos. No flexiones más las rodillas.","true"
"411","newExercises","Curl femoral unilateral","STRENGTH","Isquiotibiales","Máquina de curl femoral","isquiotibiales|maquina|curl_femoral|unilateral|piernas|posterior","Curl femoral unilateral en máquina. Ejercicio de aislamiento para isquiotibiales trabajando una pierna a la vez, ideal para corregir desequilibrios musculares y mejorar la conexión mente-músculo.","Sentate en la máquina de curl femoral y ajustá el rodillo por encima del tobillo de una pierna. Agarrá los soportes laterales y flexioná la rodilla llevando el talón hacia el glúteo, mantené 1 segundo arriba y bajá controladamente. Hacé todas las repeticiones con una pierna antes de cambiar. No levantes la cadera del asiento.","true"
"412","newExercises","Cruces bajos","STRENGTH","Pecho","Poleas altas","pecho|polea|cruces|bajos|pectoral_inferior|aislamiento|definicion","Cruces bajos en polea alta (cable crossover high-to-low). Ejercicio de aislamiento para la porción inferior del pectoral mayor. Se cruzan las poleas desde arriba hacia abajo en un arco controlado.","Parate en el centro de dos poleas altas con una manija en cada mano. Incliná levemente el torso hacia adelante. Bajá los brazos en un arco hacia adelante y abajo hasta que las manos se crucen frente a tu abdomen. Mantené la contracción 1 segundo y volvé controladamente abriendo los brazos hacia arriba. Mantené una leve flexión en los codos.","true"
"413","newExercises","Remo invertido","STRENGTH","Espalda","Barra fija","espalda|barra|trx|remo_invertido|dorsales|romboides|peso_corporal","Remo invertido (inverted row o bodyweight row). Ejercicio de espalda con peso corporal donde te tirás hacia una barra fija o TRX con el torso horizontal. Trabaja dorsales, romboides, bíceps y core.","Colocá una barra fija a la altura de la cadera o usá TRX. Acostate bajo la barra agarrándola con las manos y el cuerpo en línea recta desde los talones hasta los hombros. Tirá de tu cuerpo hacia arriba llevando el pecho a la barra y contrayendo la espalda. Bajá controladamente extendiendo los brazos. Cuanto más horizontal estés, más difícil será.","true"
"414","newExercises","Pull-over con cuerda","STRENGTH","Pecho","Polea alta","pecho|espalda|polea|pullover|cuerda|dorsales|serrato","Pull-over con cuerda en polea alta. Variante del pull-over que usa resistencia de polea, manteniendo tensión constante durante todo el rango de movimiento en dorsales, pecho y serrato anterior.","Parate de espaldas a una polea alta con una cuerda. Agarrá los extremos con los brazos extendidos sobre la cabeza. Bajá los brazos en un arco por detrás de la cabeza hasta sentir el estiramiento, luego volvé a la posición inicial contrayendo el pecho y dorsales. Mantené una leve flexión en los codos durante todo el movimiento.","true"
"415","newExercises","Sentadilla en máquina smith","STRENGTH","Cuádriceps","Máquina Smith","cuadriceps|maquina_smith|sentadilla|piernas|gluteos|core","Sentadilla en máquina Smith. Variante de sentadilla con barra guiada que ofrece mayor estabilidad y seguridad, ideal para principiantes o para cargar peso sin necesidad de spotter.","Parate bajo la barra de la Smith con los pies ligeramente adelantados. Colocá la barra sobre los trapecios. Desbloqueá la barra y bajá en sentadilla manteniendo el torso erguido y la espalda recta. Bajá hasta que los muslos estén paralelos al piso y subí empujando con los talones. No dejes que las rodillas se colapsen hacia adentro.","true"
"416","newExercises","Elevación lateral en máquina","STRENGTH","Hombros","Máquina de elevación lateral","hombros|maquina|elevacion_lateral|deltoides_lateral|aislamiento","Elevación lateral en máquina. Ejercicio de aislamiento para deltoides laterales con trayectoria guiada, ideal para definir los hombros sin preocuparse por el equilibrio o el impulso.","Ajustá el asiento para que los codos queden alineados con el eje de rotación de la máquina. Sentate con la espalda apoyada y colocá los antebrazos detrás de los rodillos acolchados. Elevá los brazos hacia los costados hasta la altura de los hombros, mantené 1 segundo y bajá controladamente. No uses impulso con el torso.","true"
"417","newExercises","Remo con banda","STRENGTH","Espalda","Banda","espalda|banda|remo|dorsales|romboides|trapecio|peso_corporal","Remo con banda elástica. Ejercicio de espalda usando resistencia elástica, ideal para entrenamiento en casa o como ejercicio de activación. Trabaja dorsales, romboides y trapecio medio.","Sentate en el piso con las piernas extendidas y pasá una banda elástica alrededor de los pies. Agarrá los extremos con ambas manos y mantené la espalda recta. Tirá la banda hacia tu abdomen llevando los codos hacia atrás y cerca del cuerpo, contrayendo la espalda. Mantené 1 segundo y volvé controladamente. Mantené las piernas rectas.","true"
"418","newExercises","Patada de tríceps en máquina","STRENGTH","Tríceps","Máquina de patada de tríceps","triceps|maquina|patada|aislamiento|brazos|extension","Patada de tríceps en máquina. Ejercicio de aislamiento para tríceps con trayectoria guiada, ideal para principiantes o para trabajar el tríceps sin preocuparse por el equilibrio.","Ajustá el asiento para que el codo quede alineado con el eje de rotación de la máquina. Colocá el brazo sobre el soporte acolchado con el codo flexionado. Extendé el antebrazo hacia atrás contrayendo el tríceps, mantené 1 segundo y bajá controladamente. Hacé todas las repeticiones con un brazo antes de cambiar. No movilices el codo.","true"
"419","newExercises","Prensa inclinada","STRENGTH","Cuádriceps","Máquina de prensa inclinada","cuadriceps|maquina|prensa_inclinada|piernas|gluteos|press_piernas","Prensa inclinada en máquina. Ejercicio de empuje para piernas que trabaja cuádriceps, glúteos e isquiotibiales. La inclinación del respaldo permite mayor activación de cuádriceps y reduce la carga en la zona lumbar.","Sentate en la máquina de prensa inclinada con la espalda apoyada en el respaldo inclinado. Colocá los pies en la plataforma al ancho de los hombros. Desbloqueá la máquina y empujá la plataforma extendiendo las piernas sin bloquear las rodillas. Bajá controladamente hasta que las rodillas formen un ángulo de 90 grados. Mantené la espalda apoyada en todo momento.","true"
"420","newExercises","Prensa con banda","STRENGTH","Cuádriceps","Banda","cuadriceps|banda|prensa|piernas|gluteos|peso_corporal","Prensa con banda elástica. Variante de prensa de piernas usando resistencia elástica, ideal para entrenamiento en casa o rehabilitación. Trabaja cuádriceps, glúteos y core de forma controlada.","Acostate boca arriba en el piso con las rodillas flexionadas y pies apoyados. Pasá una banda elástica alrededor de una poste fija detrás de vos y colocala sobre las rodillas o muslos. Empujá con los pies extendiendo las piernas contra la resistencia de la banda, mantené 1 segundo y volvé controladamente. Mantené la espalda apoyada en el piso.","true"
"421","newExercises","Russian twist con mancuerna","STRENGTH","Core","Mancuerna","core|mancuerna|russian_twist|oblicuos|abdominales|rotacion","Russian twist con mancuerna. Ejercicio de core dinámico que trabaja oblicuos y recto abdominal mediante rotación del torso con peso. Ideal para desarrollar fuerza y resistencia del core.","Sentate en el piso con las rodillas flexionadas y pies apoyados (o levantados para mayor dificultad). Sostené una mancuerna con ambas manos cerca del pecho. Incliná el torso hacia atrás unos 45 grados y rotá de un lado a otro llevando la mancuerna hacia el piso a cada lado. Mantené el core activo y controlá el movimiento.","true"
"422","newExercises","Jalón en máquina","STRENGTH","Espalda","Máquina de jalón","espalda|maquina|jalon|dorsales|romboides|biceps","Jalón en máquina específica (lat pulldown machine). Ejercicio de espalda que trabaja dorsales, romboides y bíceps. Permite cargar peso de forma controlada con trayectoria guiada.","Sentate en la máquina de jalón y ajustá el rodillo para las rodillas. Agarrá la barra con un agarre prono más ancho que los hombros. Tirá hacia abajo llevando la barra hacia la parte superior del pecho, contrayendo los dorsales. Mantené la contracción 1 segundo y subí controladamente. Incliná levemente el torso hacia atrás al tirar.","true"
"423","newExercises","Press arnold","STRENGTH","Hombros","Mancuernas","hombros|mancuernas|press|arnold|deltoides|empuje","Press Arnold. Variante del press de hombros con mancuernas creada por Arnold Schwarzenegger, que añade rotación de los brazos para trabajar los tres fascículos del deltoides de forma más completa.","Sentate en un banco con respaldo vertical con una mancuerna en cada mano a la altura de los hombros, palmas hacia vos. Al empujar hacia arriba, rotá los brazos hasta que las palmas miren hacia adelante en la posición final. Bajá controladamente rotando de vuelta. No arquees la espalda baja.","true"
"424","newExercises","Elevación de piernas colgado","STRENGTH","Core","Barra de dominadas","core|barra|elevacion_piernas|colgado|abdominales_inferiores|flexores_cadera","Elevación de piernas colgado en barra. Ejercicio avanzado de core que trabaja intensamente abdominales inferiores, flexores de cadera y estabilizadores. Requiere fuerza de agarre y control del cuerpo.","Colgá de una barra de dominadas con los brazos extendidos y el cuerpo estable. Sin balancear, elevá las piernas rectas hacia adelante y arriba hasta que queden paralelas al piso (o lo más alto que puedas). Mantené 1 segundo y bajá controladamente. Para facilitar, flexioná levemente las rodillas.","true"
"425","newExercises","Pájaro en máquina","STRENGTH","Hombros","Máquina de pájaro","hombros|maquina|pajaro|deltoides_posterior|romboides|aislamiento|pec_deck_inverso","Pájaro en máquina (reverse pec deck). Ejercicio de aislamiento para deltoides posteriores y romboides usando una máquina de aperturas en posición inversa. Ideal para mejorar la postura y equilibrar el trabajo de hombros.","Sentate en la máquina de pájaro mirando hacia la máquina (posición inversa a las aperturas). Ajustá los asientos para que los brazos queden a la altura de los hombros. Colocá los antebrazos o codos en los rodillos acolchados. Abrí los brazos hacia atrás contrayendo los deltoides posteriores, mantené 1 segundo y volvé controladamente.","true"
"426","newExercises","Peso muerto block pull","STRENGTH","Espalda","Barra","espalda|piernas|barra|peso_muerto|block_pull|trapecio|gluteos|bloques|discos","Peso muerto desde bloques (block pull). Variante del peso muerto donde la barra parte de una altura elevada (bloques o discos), reduciendo el rango de movimiento y permitiendo cargar más peso. Enfatiza la parte superior del movimiento.","Colocá la barra sobre bloques o discos a la altura de las rodillas o un poco más abajo. Parate con los pies al ancho de los hombros y agarrá la barra con un agarre mixto o prono. Mantené la espalda recta y levantá la barra extendiendo caderas y rodillas. Bajá controladamente hasta apoyar la barra en los bloques. Mantené el pecho alto.","true"
"427","newExercises","Hiperextensiones con banda","STRENGTH","Columna Lumbar","Banda","espalda_baja|gluteos|banda|hiperextension|erectores|core|banco_de_hiperextensiones","Hiperextensiones con banda elástica. Variante de hiperextensiones que añade resistencia progresiva usando una banda, trabajando erectores espinales, glúteos y core de forma más intensa.","Acostate boca abajo en un banco de hiperextensiones con las caderas en el borde. Pasá una banda elástica alrededor de la nuca o pecho y sujetá los extremos con las manos (o atala a un punto fijo bajo el banco). Elevá el torso extendiendo la espalda baja contra la resistencia de la banda, mantené 1 segundo y bajá controladamente.","true"
"428","newExercises","Fondos con kettlebell","STRENGTH","Tríceps","Kettlebell","triceps|pecho|kettlebell|fondos|paralelas|brazos","Fondos en paralelas con kettlebell. Variante de fondos donde se sostiene una kettlebell entre las piernas o colgada de un cinturón para añadir peso extra. Trabaja tríceps, pecho y hombros de forma intensa.","Parate entre las paralelas y colocá una kettlebell entre tus piernas (o usá un cinturón de lastre). Agarrá las barras con los brazos extendidos. Bajá el cuerpo flexionando los codos hasta que los hombros queden por debajo de los codos. Empujá hacia arriba extendiendo los tríceps. Mantené el torso levemente inclinado hacia adelante. No bloquees los codos en la parte superior.","true"
"429","newExercises","Sentadilla sumo","STRENGTH","Cuádriceps","Barra","cuadriceps|gluteos|barra|mancuerna|sentadilla|sumo|aductores|piernas|peso_corporal","Sentadilla sumo. Variante de sentadilla con una posición de piernas muy abiertas y puntas hacia afuera. Enfatiza cuádriceps, glúteos y aductores con menor carga en la zona lumbar que la sentadilla tradicional.","Parate con los pies muy separados y las puntas hacia afuera (posición de sumo). Sostené una barra sobre los trapecios, una mancuerna al pecho o usá peso corporal. Bajá en sentadilla manteniendo el torso erguido y las rodillas alineadas con las puntas de los pies. Bajá hasta que los muslos estén paralelos al piso y subí empujando con los talones.","true"
"430","newExercises","Curl alternado","STRENGTH","Bíceps","Mancuernas","biceps|mancuernas|curl|alternado|brazos|biceps_braquial","Curl alternado con mancuernas. Ejercicio clásico de aislamiento para bíceps donde se alterna un brazo y el otro, permitiendo mayor concentración y capacidad de cargar peso que el curl simultáneo.","De pie con una mancuerna en cada mano, brazos extendidos a los costados con palmas hacia adentro. Girá una mancuerna hacia arriba mientras flexionás el codo llevándola hacia el hombro. Bajá controladamente mientras empezás a subir la otra mancuerna. Mantené los codos pegados al cuerpo y no balancees el torso.","true"
"431","newExercises","Curl con TRX","STRENGTH","Bíceps","TRX","biceps|trx|curl|peso_corporal|brazos|suspension","Curl de bíceps con TRX. Ejercicio de bíceps con suspensión que utiliza el peso corporal como resistencia. Permite ajustar la intensidad cambiando el ángulo del cuerpo.","Colgá las correas del TRX a una altura media. Agarrá las manijas con palmas hacia arriba y incliná el torso hacia atrás con el cuerpo en línea recta. Flexioná los codos llevando las manos hacia la frente, contrayendo los bíceps. Mantené la contracción 1 segundo y bajá controladamente extendiendo los brazos. Cuanto más inclinado estés, más difícil será.","true"
"432","newExercises","Dominadas con peso","STRENGTH","Espalda","Barra","espalda|barra|dominada|peso|dorsales|biceps|fuerza|peso_adicional","Dominadas con peso adicional. Variante avanzada de dominada donde se añade peso extra mediante un cinturón de lastre, mochila o mancuerna entre los pies. Aumenta la intensidad para dorsales y bíceps.","Colocá peso adicional usando un cinturón de lastre, una mochila con peso o una mancuerna entre los pies. Agarrá la barra con un agarre prono o supino. Colgá con los brazos extendidos y tirá de tu cuerpo hacia arriba hasta que el mentón pase la barra. Bajá controladamente. Mantené el core activo para evitar balancear el cuerpo.","true"
"433","newExercises","Press declinado con mancuernas","STRENGTH","Pecho","Mancuernas","pecho|mancuernas|banco_declinado|press|pectoral_inferior|triceps","Press declinado con mancuernas. Ejercicio de empuje para la porción inferior del pectoral mayor (esternal). Se realiza en banco declinado con mancuernas para mayor rango de movimiento.","Acostate en un banco declinado a 15-30 grados con una mancuerna en cada mano sobre el pecho. Empujá las mancuernas hacia arriba extendiendo los brazos sin bloquear los codos. Bajá controladamente hasta sentir el estiramiento en el pecho inferior. Mantené las muñecas rectas y los codos a unos 45 grados del cuerpo.","true"
"434","newExercises","Sentadilla frontal con mancuernas","STRENGTH","Cuádriceps","Mancuernas","cuadriceps|mancuernas|sentadilla|frontal|core|piernas","Sentadilla frontal con mancuernas. Variante de sentadilla donde las mancuernas se sostienen a la altura de los hombros. Enfatiza cuádriceps y core con mayor demanda de movilidad de tobillos y estabilidad del torso.","De pie con una mancuerna en cada mano a la altura de los hombros, codos hacia adelante (como si estuvieras en guardia de boxeo). Separá los pies al ancho de los hombros y bajá en sentadilla manteniendo el torso lo más erguido posible. Bajá hasta que los muslos estén paralelos al piso y subí empujando con los talones. Mantené los codos arriba durante todo el movimiento.","true"
"435","newExercises","Press con TRX","STRENGTH","Pecho","TRX","pecho|hombros|triceps|trx|press|peso_corporal|suspension","Press con TRX (TRX chest press). Ejercicio de empuje con suspensión que trabaja pecho, hombros y tríceps usando el peso corporal. La intensidad se ajusta cambiando el ángulo del cuerpo.","Colgá las correas del TRX a una altura media. Agarrá las manijas con palmas hacia abajo y incliná el torso hacia adelante con el cuerpo en línea recta desde los talones hasta los hombros. Flexioná los codos llevando el pecho hacia las manos. Empujá hacia atrás extendiendo los brazos. Cuanto más horizontal estés, más difícil será. Mantené el core activo.","true"
"436","newExercises","Curl con banda","STRENGTH","Bíceps","Banda","biceps|banda|curl|aislamiento|brazos|resistencia","Curl de bíceps con banda elástica. Ejercicio de aislamiento para bíceps usando resistencia elástica. Ideal para entrenamiento en casa, calentamiento o como ejercicio de aislamiento en rutinas de brazos.","Pisá una banda elástica con ambos pies y agarrá los extremos con palmas hacia arriba. Mantené los codos pegados al cuerpo. Flexioná los codos llevando las manos hacia los hombros, mantené la contracción 1 segundo y bajá controladamente. No balancees el cuerpo, el movimiento debe venir solo de los brazos.","true"
"437","newExercises","Extensión de cuádriceps con banda","STRENGTH","Cuádriceps","Banda","cuadriceps|banda|extension|aislamiento|piernas|vasto|anclaje_bajo","Extensión de cuádriceps con banda elástica. Ejercicio de aislamiento para cuádriceps usando resistencia elástica anclada a un punto bajo. Ideal para entrenamiento en casa o rehabilitación.","Sentate en una silla o banco con las rodillas flexionadas a 90 grados. Atá una banda elástica a un punto fijo bajo detrás de vos y pasala por encima de tus tobillos. Extendé las rodillas contrayendo los cuádriceps contra la resistencia de la banda, mantené 1 segundo y bajá controladamente. Mantené la espalda recta.","true"
"438","newExercises","Patada de tríceps con cable","STRENGTH","Tríceps","Polea baja","triceps|polea|patada|aislamiento|brazos|extension","Patada de tríceps en polea baja. Ejercicio de aislamiento para tríceps usando resistencia de polea, que mantiene tensión constante durante todo el rango de movimiento.","Parate de espaldas a una polea baja con una manija o cuerda. Agarrá con una mano y flexioná el codo a 90 grados con el brazo pegado al cuerpo. Extendé el brazo hacia atrás contrayendo el tríceps, mantené 1 segundo y volvé controladamente. No movilices el codo, solo el antebrazo. Hacé todas las repeticiones con un brazo antes de cambiar.","true"
"439","newExercises","Peso muerto rumano con kettlebell","STRENGTH","Isquiotibiales","Kettlebell","isquiotibiales|gluteos|kettlebell|peso_muerto|rumano|piernas|posterior","Peso muerto rumano con kettlebell. Ejercicio para isquiotibiales y glúteos donde las rodillas permanecen levemente flexionadas mientras el torso se inclina hacia adelante. La kettlebell permite un agarre cómodo y mayor rango de movimiento.","De pie con los pies al ancho de los hombros, sostené una kettlebell con ambas manos frente a los muslos. Mantené la espalda recta e incliná el torso hacia adelante llevando la kettlebell cerca de las piernas, hasta sentir el estiramiento en los isquiotibiales. Volvé a la posición inicial extendiendo las caderas y contrayendo glúteos. No flexiones más las rodillas.","true"
"440","newExercises","Prensa unilateral","STRENGTH","Cuádriceps","Máquina de prensa","cuadriceps|maquina|prensa|unilateral|piernas|gluteos","Prensa unilateral en máquina. Ejercicio de empuje para piernas trabajando una pierna a la vez, ideal para corregir desequilibrios musculares y mejorar la estabilidad.","Sentate en la máquina de prensa y colocá un pie en el centro de la plataforma (el otro pie descansa a un costado). Desbloqueá la máquina y empujá la plataforma extendiendo la pierna de trabajo sin bloquear la rodilla. Bajá controladamente hasta un ángulo de 90 grados. Hacé todas las repeticiones con una pierna antes de cambiar. Mantené la espalda apoyada.","true"
"441","newExercises","Aperturas en banco declinado","STRENGTH","Pecho","Mancuernas","pecho|mancuernas|banco_declinado|aperturas|pectoral_inferior|aislamiento","Aperturas con mancuernas en banco declinado. Ejercicio de aislamiento para la porción inferior del pectoral mayor. Se realiza abriendo los brazos en un arco desde una posición declinada.","Acostate en un banco declinado a 15-30 grados con una mancuerna en cada mano sobre el pecho. Extendé los brazos con una leve flexión en los codos. Abrí los brazos en un arco hacia los costados hasta sentir el estiramiento en el pecho inferior. Volvé a la posición inicial contrayendo el pecho. Mantené la misma flexión de codos durante todo el movimiento.","true"
"442","newExercises","Curl con cable","STRENGTH","Bíceps","Polea baja","biceps|polea|curl|aislamiento|brazos|biceps_braquial|barra_recta","Curl de bíceps en polea baja. Ejercicio de aislamiento para bíceps que mantiene tensión constante durante todo el rango de movimiento gracias a la resistencia de la polea.","Colocá una barra recta en la polea baja. De pie, agarrá la barra con palmas hacia arriba y codos pegados al cuerpo. Flexioná los codos llevando la barra hacia los hombros, mantené la contracción 1 segundo y bajá controladamente sin despegar los codos del torso. No uses impulso con la espalda.","true"
"443","newExercises","Cruces con banda","STRENGTH","Pecho","Banda","pecho|banda|cruces|aislamiento|pectoral|definicion|anclaje_alto","Cruces con banda elástica anclada en alto. Ejercicio de aislamiento para pectoral mayor que simula los cruces en polea, ideal para entrenamiento en casa o como ejercicio de bombeo.","Atá una banda elástica a un punto fijo alto detrás de vos. Agarrá los extremos con las manos y dá un paso hacia adelante hasta sentir tensión. Con los brazos extendidos o levemente flexionados, llevá las manos hacia adelante cruzándolas frente al pecho, contrayendo el pectoral. Mantené 1 segundo y volvé controladamente.","true"
"444","newExercises","Peso muerto rack pull","STRENGTH","Espalda","Barra","espalda|piernas|barra|peso_muerto|rack_pull|trapecio|gluteos|rack","Peso muerto desde rack (rack pull). Variante del peso muerto donde la barra parte de la altura de las rodillas apoyada en el rack de sentadilla. Permite cargar más peso y enfatiza la parte superior del movimiento, trabajando trapecio, dorsales y glúteos.","Colocá la barra en el rack de sentadilla a la altura de las rodillas o un poco más abajo. Parate con los pies al ancho de los hombros y agarrá la barra con un agarre mixto o prono. Mantené la espalda recta y levantá la barra extendiendo caderas y rodillas. Bajá controladamente hasta apoyar la barra en el rack. Mantené el pecho alto y los hombros hacia atrás.","true"
"445","newExercises","Press de hombros con barra","STRENGTH","Hombros","Barra","hombros|barra|press|press_militar|deltoides|empuje","Press de hombros con barra (press militar). Ejercicio clásico de empuje para deltoides, tríceps y core. Se realiza de pie o sentado, empujando la barra desde los hombros hasta la extensión completa de los brazos.","De pie o sentado con la barra a la altura de los trapecios y los pies al ancho de los hombros. Agarrá la barra con un agarre prono un poco más ancho que los hombros. Empujá la barra hacia arriba extendiendo los brazos sin bloquear los codos. Bajá controladamente hasta que la barra quede a la altura de los hombros. No arquees la espalda baja.","true"
"446","newExercises","Cruces altos","STRENGTH","Pecho","Poleas bajas","pecho|polea|cruces|altos|pectoral_superior|aislamiento|definicion","Cruces altos en polea baja (cable crossover low-to-high). Ejercicio de aislamiento para la porción superior del pectoral mayor (clavicular). Se cruzan las poleas desde abajo hacia arriba en un arco controlado.","Parate en el centro de dos poleas bajas con una manija en cada mano. Incliná levemente el torso hacia adelante. Elevá los brazos en un arco hacia adelante y arriba hasta que las manos se crucen frente a tu pecho o un poco más arriba. Mantené la contracción 1 segundo y bajá controladamente abriendo los brazos. Mantené una leve flexión en los codos.","true"
"447","newExercises","Plancha lateral","STRENGTH","Core","Peso corporal","core|peso_corporal|plancha|lateral|oblicuos|estabilidad","Plancha lateral. Ejercicio isométrico de core que trabaja oblicuos, cuadrado lumbar y estabilizadores del torso. Se mantiene el cuerpo en línea recta apoyado sobre un antebrazo y el costado del pie.","Acostate de costado apoyando el antebrazo en el piso con el codo debajo del hombro. Extendé las piernas y apoyá el costado del pie (o rodilla para facilitar). Elevá las caderas hasta que el cuerpo forme una línea recta desde los pies hasta la cabeza. Mantené la posición contrayendo el core y los oblicuos. Respirá de forma controlada. Cambiá de lado.","true"
"448","newExercises","Remo pendlay","STRENGTH","Espalda","Barra","espalda|barra|remo|pendlay|dorsales|potencia|fuerza","Remo Pendlay. Variante explosiva del remo con barra donde la barra parte del piso en cada repetición y el torso permanece paralelo al piso. Enfatiza la potencia y fuerza de los dorsales.","Parate con los pies al ancho de los hombros y la barra sobre el piso. Agachate agarrando la barra con un agarre prono al ancho de los hombros, torso paralelo al piso y espalda recta. Tirá la barra hacia el abdomen de forma explosiva, llevando los codos hacia arriba y atrás. Bajá la barra al piso controladamente entre cada repetición. No levantes el torso.","true"
"449","newExercises","Elevación de piernas con mancuerna entre pies","STRENGTH","Core","Mancuerna","core|mancuerna|banco|elevacion_piernas|abdominales_inferiores|flexores_cadera|banco_plano","Elevación de piernas con mancuerna entre los pies acostado en banco. Ejercicio de core que añade resistencia a la elevación de piernas usando una mancuerna sujeta entre los pies, trabajando abdominales inferiores y flexores de cadera.","Acostate boca arriba en un banco plano con los pies colgando del borde. Colocá una mancuerna pequeña entre tus pies o tobillos (podés usar toallas para protección). Agarrá los laterales del banco y elevá las piernas rectas o levemente flexionadas hasta que los glúteos se despeguen del banco. Bajá controladamente sin dejar caer las piernas.","true"
"450","newExercises","Crunch en banco declinado","STRENGTH","Core","Banco declinado","core|banco_declinado|crunch|abdominales|recto_abdominal|aislamiento","Crunch en banco declinado. Ejercicio de aislamiento para recto abdominal que usa la declinación del banco para aumentar la resistencia gravitacional y el rango de movimiento del crunch tradicional.","Acostate boca arriba en un banco declinado con los pies asegurados bajo los rodillos y las manos detrás de la cabeza o cruzadas sobre el pecho. Contraé el abdomen y elevá los hombros del banco llevando el pecho hacia las rodillas. Mantené la contracción 1 segundo y bajá controladamente. No tires con las manos ni uses impulso.","true"
"451","newExercises","Sentadilla con banda","STRENGTH","Cuádriceps","Banda","cuadriceps|banda|sentadilla|gluteos|core|resistencia","Sentadilla con banda elástica. Variante de sentadilla donde se usa una banda elástica alrededor de los muslos o rodillas para añadir resistencia lateral y maximizar la activación de glúteos y cuádriceps.","Colocá una banda elástica por encima de las rodillas. Parate con los pies al ancho de los hombros y bajá en sentadilla manteniendo la tensión en la banda (no dejes que las rodillas se junten). Bajá hasta que los muslos estén paralelos al piso y subí empujando con los talones. Mantené el torso erguido y el core activo.","true"
"452","newExercises","Elevación lateral con banda","STRENGTH","Hombros","Banda","hombros|banda|elevacion_lateral|deltoides_lateral|aislamiento","Elevación lateral con banda elástica. Ejercicio de aislamiento para deltoides laterales usando resistencia elástica. Ideal para entrenamiento en casa, calentamiento o como ejercicio de bombeo.","Pisá una banda elástica con un pie y agarrá el otro extremo con una mano. Mantené el brazo extendido o levemente flexionado a los costados. Elevá el brazo hacia el lado hasta la altura del hombro, mantené 1 segundo y bajá controladamente. No balancees el cuerpo. Hacé todas las repeticiones con un brazo antes de cambiar.","true"
"453","newExercises","Hiperextensiones unilateral","STRENGTH","Columna Lumbar","Banco de hiperextensiones","espalda_baja|gluteos|banco|hiperextension|unilateral|erectores|core","Hiperextensiones unilaterales en banco. Variante de hiperextensiones donde se trabaja un lado a la vez, mejorando el equilibrio muscular y la conexión mente-músculo con erectores espinales y glúteos.","Acostate boca abajo en un banco de hiperextensiones con las caderas en el borde. Cruzá los brazos sobre el pecho o detrás de la cabeza. Elevá el torso y una pierna simultáneamente hacia arriba, contrayendo la espalda baja y el glúteo del lado de la pierna elevada. Mantené 1 segundo y bajá controladamente. Cambiá de pierna en cada repetición.","true"
"454","newExercises","Plancha con elevación de pierna","STRENGTH","Core","Peso corporal","core|gluteos|peso_corporal|plancha|elevacion_pierna|estabilidad","Plancha con elevación de pierna. Variante de plancha donde se alterna la elevación de una pierna mientras se mantiene la posición isométrica. Trabaja core, glúteos y estabilizadores de forma intensa.","Comenzá en posición de plancha alta con las manos bajo los hombros y el cuerpo en línea recta. Manteniendo la plancha, elevá una pierna recta hacia arriba contrayendo el glúteo, mantené 2 segundos y bajá. Repetí con la otra pierna. No dejes caer las caderas ni arquees la espalda. Mantené el core activo en todo momento.","true"
"455","newExercises","Extensión de tríceps con mancuerna","STRENGTH","Tríceps","Mancuerna","triceps|mancuerna|extension|cabeza_larga|aislamiento|brazos","Extensión de tríceps con mancuerna (overhead tricep extension). Ejercicio de aislamiento para tríceps con énfasis en la cabeza larga, realizado llevando la mancuerna por detrás de la cabeza.","De pie o sentado, sostené una mancuerna con ambas manos sobre la cabeza con los brazos extendidos. Bajá la mancuerna por detrás de la cabeza flexionando los codos hasta un ángulo de 90 grados. Extendé los brazos hacia arriba contrayendo los tríceps, mantené 1 segundo y bajá controladamente. Mantené los codos cerca de la cabeza, no los abras hacia los lados.","true"
"456","newExercises","Extensión de cuádriceps sissy","STRENGTH","Cuádriceps","Peso corporal","cuadriceps|peso_corporal|extension|sissy|vasto|piernas|soporte","Extensión de cuádriceps sissy (sissy squat). Ejercicio avanzado de peso corporal que aísla intensamente los cuádriceps. Se realiza inclinando el torso hacia atrás mientras las rodillas se flexionan hacia adelante, sosteniéndose de un soporte.","Parate con los pies al ancho de los hombros y los talones elevados en un disco o step. Agarrá un soporte con una mano para equilibrio. Incliná el torso hacia atrás mientras flexionás las rodillas hacia adelante, bajando hasta que los muslos estén paralelos al piso. Subí extendiendo las rodillas y contrayendo los cuádriceps. Mantené el core activo.","true"
"457","newExercises","Mountain climber cruzado","CARDIO","Core","Peso corporal","core|piernas|peso_corporal|oblicuos|cardio|plancha","Mountain climber cruzado. Ejercicio de core y piernas donde se llevan las rodillas hacia el pecho cruzando el cuerpo, trabajando oblicuos, recto abdominal, flexores de cadera y elevando la frecuencia cardíaca.","Comenzá en posición de plancha alta con las manos bajo los hombros. Llevá una rodilla hacia el pecho cruzando hacia el codo opuesto. Volvé a la posición inicial y repetí con la otra pierna alternando rápidamente. Mantené el core activo, las caderas bajas y la espalda recta. Mantené un ritmo rápido pero controlado.","true"
"458","newExercises","Step up con mancuerna","CARDIO","Piernas","Mancuernas","piernas|mancuernas|step_up|cuadriceps|gluteos|cardio","Step up con mancuernas. Ejercicio funcional que trabaja cuádriceps, glúteos y estabilizadores. Se realiza subiendo a un step o banco con peso en las manos, combinando fuerza y cardio.","Parate frente a un step o banco con una mancuerna en cada mano a los costados. Colocá un pie completamente sobre el step y empujá hacia arriba extendiendo la pierna, elevando el cuerpo. Bajá controladamente con la misma pierna. Hacé todas las repeticiones con una pierna antes de cambiar. Mantené el torso erguido y el core activo.","true"
"459","newExercises","Soga alternada","CARDIO","Piernas","Cuerdas","brazos|core|piernas|cuerdas|cardio|hiit|potencia","Soga alternada (battle ropes alternating waves). Ejercicio cardiovascular de alta intensidad que trabaja brazos, hombros, core y piernas mediante ondas alternadas con cuerdas gruesas.","Parate con los pies al ancho de los hombros, rodillas levemente flexionadas y torso inclinado hacia adelante. Agarrá los extremos de la cuerda de batalla con ambas manos. Generá ondas alternadas moviendo los brazos de forma rápida y potente, una mano sube mientras la otra baja. Mantené el core activo y un ritmo constante durante el tiempo establecido.","true"
"460","newExercises","Patada de glúteo en el lugar","CARDIO","Piernas","Peso corporal","gluteos|piernas|peso_corporal|patada|cardio|calentamiento","Patada de glúteo en el lugar (butt kicks). Ejercicio cardiovascular de bajo impacto que trabaja glúteos, isquiotibiales y eleva la frecuencia cardíaca. Ideal para calentamiento o intervalos.","De pie con los pies al ancho de los hombros. Corré en el lugar llevando los talones hacia los glúteos de forma alternada. Mantené el torso erguido, los brazos moviéndose de forma natural y un ritmo rápido pero controlado. Mantené la respiración constante y el core activo.","true"
"461","newExercises","Zancadas dinámicas laterales","CARDIO","Piernas","Peso corporal","piernas|peso_corporal|zancada|lateral|gluteos|aductores|cardio","Zancadas dinámicas laterales. Ejercicio cardiovascular y funcional que trabaja glúteos, cuádriceps, aductores y estabilizadores mediante zancadas laterales alternadas en movimiento continuo.","De pie con los pies juntos. Dá un paso lateral con una pierna flexionando la rodilla y manteniendo la otra pierna recta. Empujá con el pie de trabajo para volver al centro y repetí hacia el otro lado. Mantené el torso erguido, el core activo y un ritmo dinámico. Los pies no se cruzan, se mueven lateralmente.","true"
"462","newExercises","Bicicleta de montaña","CARDIO","Piernas","Bicicleta","piernas|core|bicicleta|cardio|resistencia|ciclismo","Bicicleta de montaña en estática. Ejercicio cardiovascular de bajo impacto que trabaja piernas, glúteos y core mediante ciclismo en bicicleta estática con resistencia variable, simulando terreno montañoso.","Sentate en la bicicleta estática ajustando el asiento a la altura correcta (pierna casi extendida en la posición más baja del pedal). Agarrá los manubrios y pedaleá manteniendo una resistencia moderada-alta. Mantené el torso levemente inclinado hacia adelante, el core activo y una cadencia constante. Ajustá la resistencia según la intensidad deseada.","true"
"463","newExercises","Burpees con pull-up","CARDIO","Full body","Barra","full_body|barra|burpee|dominada|cardio|hiit|potencia","Burpees con dominada. Variante avanzada del burpee que combina el movimiento completo con una dominada al saltar. Ejercicio de alta intensidad que trabaja todo el cuerpo y eleva la frecuencia cardíaca al máximo.","De pie frente a una barra de dominadas. Bajá al piso en posición de plancha, hacé una flexión de pecho, saltá hacia adelante con los pies cerca de las manos y desde ahí saltá agarrando la barra. Hacé una dominada y bajá al piso para repetir. Mantené un ritmo rápido pero controlado. Es un ejercicio avanzado, asegurate de dominar el burpee y la dominada por separado primero.","true"
"464","newExercises","Soga doble unders","CARDIO","Piernas","Soga","piernas|brazos|core|soga|double_unders|cardio|coordinacion|hiit","Soga doble unders (double unders). Variante avanzada de saltar la soga donde la soga pasa dos veces bajo los pies en un solo salto. Ejercicio cardiovascular de alta intensidad que mejora coordinación, agilidad y resistencia.","Parate con los pies juntos sosteniendo la soga con las manos a los costados. Saltá lo más alto posible girando la muñeca rápidamente para que la soga pase dos veces bajo tus pies antes de aterrizar. Mantené los codos cerca del cuerpo, los brazos relajados y el core activo. Aterrizá suavemente sobre las puntas de los pies. Requiere práctica, empezá con sencillos y progresá.","true"
"465","newExercises","Carrera intervalada en cinta","CARDIO","Piernas","Cinta","piernas|core|cinta|carrera|intervalos|cardio|hiit|resistencia","Carrera intervalada en cinta. Ejercicio cardiovascular que alterna periodos de alta intensidad (sprint) con periodos de recuperación (caminata o trote lento) en cinta de correr. Ideal para quemar grasa y mejorar la resistencia.","Subite a la cinta de correr y calentá caminando 5 minutos. Aumentá la velocidad a un sprint rápido durante 30 segundos, luego bajá a una caminata lenta durante 60-90 segundos para recuperarte. Repetí los intervalos durante el tiempo establecido. Mantené el torso erguido, los brazos moviéndose de forma natural y la respiración controlada. Ajustá las velocidades según tu nivel.","true"
"466","newExercises","Crawl de oso","CARDIO","Full body","Peso corporal","full_body|peso_corporal|crawl|oso|core|movilidad|cardio","Crawl de oso (bear crawl). Ejercicio funcional de peso corporal que trabaja todo el cuerpo mediante desplazamiento en cuadrupedia. Mejora coordinación, movilidad de caderas, core y resistencia cardiovascular.","Comenzá en posición de cuadrupedia con las manos bajo los hombros y las rodillas flexionadas y elevadas del piso (a unos 5-10 cm). Movete hacia adelante moviendo la mano derecha con la pierna izquierda, luego la mano izquierda con la pierna derecha. Mantené las caderas bajas, la espalda recta y el core activo. Movete de forma lenta y controlada.","true"
"467","newExercises","Burpees con kettlebell","CARDIO","Full body","Kettlebell","full_body|kettlebell|burpee|cardio|hiit|potencia","Burpees con kettlebell. Variante del burpee donde se sostiene una kettlebell durante el movimiento o se añade un swing al final. Aumenta la intensidad y el trabajo de piernas, core y hombros.","De pie con una kettlebell en el suelo frente a vos. Agachate, agarrá la kettlebell y saltá hacia atrás en plancha. Hacé una flexión de pecho, saltá hacia adelante trayendo los pies cerca de la kettlebell y desde ahí levantá la kettlebell en un swing hasta la altura del pecho. Bajá la kettlebell y repetí. Mantené la espalda recta durante el swing.","true"
"468","newExercises","Jumping jack con banda","CARDIO","Piernas","Banda","piernas|banda|jumping_jack|cardio|calentamiento|gluteos","Jumping jack con banda elástica. Variante del jumping jack clásico donde se usa una banda alrededor de los tobillos o rodillas para añadir resistencia lateral y activar más los glúteos durante el ejercicio cardiovascular.","Colocá una banda elástica alrededor de los tobillos o rodillas. De pie con los pies juntos y brazos a los costados. Saltá abriendo las piernas lateralmente contra la resistencia de la banda mientras elevás los brazos hacia arriba. Volvé a la posición inicial saltando. Mantené un ritmo rápido y la tensión en la banda durante todo el movimiento.","true"
"469","newExercises","Caminata en el lugar","CARDIO","Piernas","Peso corporal","piernas|peso_corporal|caminata|cardio|bajo_impacto|calentamiento","Caminata en el lugar (marcha estacionaria). Ejercicio cardiovascular de bajo impacto que simula caminar sin desplazarse. Ideal para calentamiento, recuperación activa o personas con limitaciones de impacto.","De pie con los pies al ancho de los hombros. Levantá una rodilla hacia el pecho mientras movés el brazo contrario hacia adelante (como al caminar). Bajá la pierna y repetí con la otra alternando de forma continua. Mantené el torso erguido, el core activo y un ritmo moderado. Podés aumentar la intensidad elevando más las rodillas o acelerando el ritmo.","true"
"470","newExercises","Jumping jack con press","CARDIO","Piernas","Peso corporal","piernas|peso_corporal|jumping_jack|press|cardio|calentamiento","Jumping jack con press de hombros. Variante del jumping jack donde se añade un press de hombros con las manos al saltar, trabajando piernas, hombros y elevando la frecuencia cardíaca.","De pie con los pies juntos y brazos a los costados. Saltá abriendo las piernas lateralmente mientras elevás los brazos hacia arriba en un press de hombros. Volvé a la posición inicial saltando. Mantené un ritmo rápido, el core activo y la respiración constante. Asegurate de extender completamente los brazos en la parte superior.","true"
"471","newExercises","Step up lateral","CARDIO","Piernas","Banco","piernas|banco|step_up|lateral|cardio|gluteos|aductores","Step up lateral. Ejercicio cardiovascular que trabaja piernas, glúteos y aductores mediante subidas laterales a un banco o step, mejorando estabilidad y coordinación.","Parate de lado junto a un banco o step. Colocá el pie más cercano completamente sobre el banco y empujá hacia arriba extendiendo la pierna. Bajá controladamente y repetí. Hacé todas las repeticiones con una pierna antes de cambiar de lado. Mantené el torso erguido, el core activo y un ritmo dinámico.","true"
"472","newExercises","Step up con salto","CARDIO","Piernas","Banco","piernas|banco|step_up|salto|cardio|plyometric|potencia","Step up con salto. Variante pliométrica del step up donde se añade un salto explosivo al subir al banco, trabajando piernas, glúteos y potencia de salto.","Parate frente a un banco o step. Colocá un pie completamente sobre el banco y empujá explosivamente hacia arriba saltando y elevando la rodilla de la pierna de atrás. Aterrizá suavemente sobre el mismo pie en el banco y bajá controladamente. Alterná las piernas o hacé todas las repeticiones con una antes de cambiar. Mantené el core activo.","true"
"473","newExercises","Sprint con chaleco","CARDIO","Piernas","Pista","piernas|pista|sprint|cardio|hiit|potencia|resistencia","Sprint con chaleco lastrado. Ejercicio cardiovascular de alta intensidad que trabaja piernas, glúteos y core mediante sprints con peso adicional, aumentando la demanda cardiovascular y muscular.","Colocate en la línea de salida de una pista con un chaleco lastrado ajustado. Iniciá el sprint acelerando progresivamente hasta velocidad máxima. Mantené el torso levemente inclinado hacia adelante, los brazos moviéndose de forma potente y la zancada larga. Desacelerá gradualmente al finalizar la distancia. Ajustá el peso del chaleco según tu nivel.","true"
"474","newExercises","Shadow kickboxing","CARDIO","Full body","Peso corporal","full_body|peso_corporal|kickboxing|cardio|hiit|coordinacion","Shadow kickboxing. Ejercicio cardiovascular que simula técnicas de kickboxing sin contacto, trabajando todo el cuerpo, coordinación, agilidad y elevando la frecuencia cardíaca.","De pie en guardia de combate con los puños cerca de la cara. Ejecutá combinaciones de golpes (jab, cross, hook, uppercut) alternando con patadas (frontales, laterales, circulares). Movete constantemente sobre los pies, manteniendo la guardia alta, el core activo y la respiración controlada. Imaginá un oponente frente a vos.","true"
"475","newExercises","Shadow muay thai","CARDIO","Full body","Peso corporal","full_body|peso_corporal|muay_thai|cardio|hiit|coordinacion","Shadow muay thai. Ejercicio cardiovascular que simula técnicas de muay thai sin contacto, trabajando todo el cuerpo, coordinación, agilidad y resistencia cardiovascular con énfasis en piernas y core.","De pie en guardia de muay thai con los puños cerca de la cara y los codos cerca del cuerpo. Ejecutá combinaciones de golpes (jab, cross, hook, codo) alternando con patadas (low kick, middle kick, teep) y rodillazos. Mantené la guardia alta, el core activo, la respiración controlada y movete constantemente sobre los pies.","true"
"476","newExercises","Bicicleta recumbente","CARDIO","Piernas","Bicicleta","piernas|bicicleta|cardio|bajo_impacto|resistencia","Bicicleta recumbente. Ejercicio cardiovascular de muy bajo impacto que trabaja piernas y glúteos en posición reclinada, ideal para personas con problemas de espalda o articulaciones.","Sentate en la bicicleta recumbente ajustando el respaldo y el asiento para que las piernas estén casi extendidas en la posición más baja del pedal. Agarrá los manubrios laterales y pedaleá a una resistencia moderada. Mantené el torso apoyado en el respaldo, el core activo y una cadencia constante. Ajustá la resistencia según la intensidad deseada.","true"
"477","newExercises","Patada de glúteo con banda","CARDIO","Glúteos","Banda","gluteos|banda|patada|cardio|calentamiento|piernas","Patada de glúteo con banda elástica. Ejercicio cardiovascular que trabaja glúteos e isquiotibiales con resistencia adicional de banda, ideal para calentamiento o activación glútea.","Colocá una banda elástica alrededor de los tobillos. De pie con los pies al ancho de los hombros. Llevá un talón hacia el glúteo contra la resistencia de la banda, luego bajá y repetí con la otra pierna alternando rápidamente. Mantené el torso erguido, el core activo y un ritmo rápido pero controlado.","true"
"478","newExercises","Patada de glúteo con salto","CARDIO","Glúteos","Peso corporal","gluteos|peso_corporal|patada|salto|cardio|plyometric","Patada de glúteo con salto. Variante pliométrica de la patada de glúteo donde se añade un pequeño salto entre cada patada, aumentando la intensidad cardiovascular y el trabajo de piernas.","De pie con los pies al ancho de los hombros. Saltá suavemente en el lugar mientras alternás llevando los talones hacia los glúteos. Mantené el torso erguido, los brazos moviéndose de forma natural y un ritmo rápido. Aterrizá suavemente sobre las puntas de los pies y mantené el core activo.","true"
"479","newExercises","Sprint de 200m","CARDIO","Piernas","Pista","piernas|pista|sprint|cardio|hiit|potencia|velocidad","Sprint de 200 metros. Ejercicio cardiovascular de máxima intensidad que trabaja piernas, glúteos y core mediante carrera a velocidad máxima sobre distancia corta, desarrollando potencia y velocidad.","Colocate en la línea de salida de una pista. Asumí la posición de salida y acelerá progresivamente hasta alcanzar velocidad máxima. Mantené el torso levemente inclinado hacia adelante, los brazos moviéndose de forma potente y la zancada larga. Mantené la velocidad máxima durante los 200 metros y desacelerá gradualmente al finalizar.","true"
"480","newExercises","Crawl hacia atrás","CARDIO","Full body","Peso corporal","full_body|peso_corporal|crawl|movilidad","Ejercicio cardiovascular de bajo impacto que imita el gateo hacia atrás. Trabaja coordinación, estabilidad de core y resistencia general del cuerpo.","Gateá hacia atrás manteniendo la espalda neutra y las rodillas apenas elevadas del suelo. Coordiná brazos y piernas de forma contralateral. Mantené un ritmo constante y controlá la respiración.","true"
"481","newExercises","Bicicleta de ruta","CARDIO","Piernas","Bicicleta","piernas|bicicleta|cardio|resistencia","Ejercicio cardiovascular de resistencia sobre bicicleta de ruta. Desarrolla capacidad aeróbica, fuerza en cuádriceps y resistencia cardiovascular.","Pedaleá a ritmo constante manteniendo una cadencia entre 80-100 rpm. Ajustá la resistencia según el terreno. Mantené la espalda neutra, codos ligeramente flexionados y controlá la respiración de forma rítmica.","true"
"482","newExercises","Remo de 500m","CARDIO","Full body","Máquina de remo","full_body|maquina_de_remo|cardio|resistencia","Ejercicio cardiovascular de alta intensidad en máquina de remo. Trabaja de forma integral piernas, espalda, core y brazos en un movimiento continuo.","Sentate en la máquina de remo, agarrá el manillar con ambas manos. Empujá con las piernas extendiéndolas completamente, luego tirá del manillar hacia el abdomen y volvé controlado. Mantené un ritmo constante durante 500 metros.","true"
"483","newExercises","Caminata rápida","CARDIO","Piernas","Peso corporal","piernas|peso_corporal|caminata|bajo_impacto","Ejercicio cardiovascular de bajo impacto que consiste en caminar a ritmo acelerado. Ideal para mejorar resistencia aeróbica sin estrés articular.","Caminá a paso rápido manteniendo la espalda erguida, hombros relajados y brazos balanceándose naturalmente. Apoyá el talón primero y desplazate hacia la punta del pie. Mantené una velocidad que te permita hablar con dificultad moderada.","true"
"484","newExercises","Caminata inclinada en cinta","CARDIO","Piernas","Cinta","piernas|cinta|cardio|gluteos|bajo_impacto","Ejercicio cardiovascular en cinta con inclinación elevada. Enfatiza el trabajo de glúteos, isquiotibiales y pantorrillas con bajo impacto articular.","Subí la inclinación de la cinta entre 8-15%. Caminá a paso rápido sin agarrarte de los barandales. Mantené la espalda erguida, core activado y pisá completo desde el talón hasta la punta.","true"
"485","newExercises","Burpees con push-up","CARDIO","Full body","Peso corporal","full_body|peso_corporal|burpee|push_up|alta_intensidad","Ejercicio cardiovascular de alta intensidad que combina sentadilla, flexión de pecho y salto vertical. Trabaja fuerza, resistencia y potencia de todo el cuerpo.","Desde de pie, agachate y apoyá las manos en el suelo. Saltá con los pies hacia atrás en posición de plancha, hacé una flexión de pecho completa, volvé a juntar los pies y saltá verticalmente con los brazos arriba. Mantené el core firme en todo momento.","true"
"486","newExercises","Mountain climber lento","CARDIO","Core","Peso corporal","core|peso_corporal|cardio|estabilidad","Ejercicio cardiovascular de core realizado en posición de plancha con movimiento controlado de rodillas al pecho. Desarrolla estabilidad, resistencia abdominal y coordinación.","Desde posición de plancha alta, llevá una rodilla hacia el pecho de forma lenta y controlada, volvé a la posición inicial y alterná con la otra pierna. Mantené las caderas estables y la espalda neutra durante todo el movimiento.","true"
"487","newExercises","Jumping jack con toque de talón","CARDIO","Piernas","Peso corporal","piernas|peso_corporal|cardio|coordinacion","Variante del jumping jack clásico donde se toca el talón con la mano contralateral al abrir las piernas. Trabaja coordinación, ritmo cardíaco y movilidad de cadera.","Desde de pie con los pies juntos, saltá abriendo las piernas y al mismo tiempo llevá la mano derecha al talón izquierdo y viceversa. Volvé a la posición inicial y repetí alternando los lados. Mantené un ritmo constante.","true"
"488","newExercises","Burpees con salto al cajón","CARDIO","Piernas","Cajón pliométrico","piernas|cajon|burpee|salto|pliometria|alta_intensidad","Variante avanzada de burpee que incluye salto pliométrico sobre un cajón. Desarrolla potencia de piernas, resistencia cardiovascular y coordinación.","Realizá un burpee completo con flexión de pecho y, al levantarte, saltá con ambos pies sobre el cajón aterrizando con las rodillas ligeramente flexionadas. Bajá controlado y repetí. Asegurate de que el cajón sea estable.","true"
"489","newExercises","Remo de resistencia","CARDIO","Full body","Máquina de remo","full_body|maquina_de_remo|cardio|resistencia","Ejercicio cardiovascular de resistencia sostenida en máquina de remo. Trabaja el 85% de los músculos del cuerpo en un movimiento cíclico de bajo impacto.","Sentate en la máquina, asegurate de que las correas estén bien ajustadas. Empujá con las piernas, inclinate ligeramente hacia atrás y tirá del manillar al abdomen. Volvé extendiendo los brazos, inclinándote hacia adelante y flexionando las rodillas. Mantené un ritmo constante.","true"
"490","newExercises","Bicicleta estática intervalada","CARDIO","Piernas","Bicicleta","piernas|bicicleta|cardio|hiit|intervalos","Ejercicio cardiovascular en bicicleta estática basado en intervalos de alta y baja intensidad. Mejora la capacidad anaeróbica y la resistencia cardiovascular.","Pedaleá 30 segundos a máxima intensidad (alta resistencia, alta cadencia) seguido de 60-90 segundos de recuperación activa a baja resistencia. Repetí los intervalos durante el tiempo programado. Mantené la espalda neutra y el core activado.","true"
"491","newExercises","Soga pesada","CARDIO","Full body","Cuerdas","full_body|soga_batalla|cardio|resistencia|brazos","Ejercicio cardiovascular con soga de batalla pesada. Trabaja resistencia cardiovascular, fuerza de agarre, hombros, core y coordinación bilateral.","Sostené los extremos de la soga de batalla con las rodillas ligeramente flexionadas y el core activado. Generá ondas simultáneas con ambos brazos alternando de forma rítmica. Mantené la espalda neutra y la intensidad constante durante el tiempo establecido.","true"
"492","newExercises","Step up rápido","CARDIO","Piernas","Banco","piernas|banco|step|cardio|gluteos","Ejercicio cardiovascular de step rápido sobre banco. Trabaja glúteos, cuádriceps y pantorrillas con componente de resistencia cardiovascular.","Colocá un pie sobre el banco a la altura de la rodilla, empujá con esa pierna para subir completamente y llevá la otra rodilla hacia arriba. Bajá controlado alternando la pierna de inicio. Mantené el torso erguido y el ritmo constante.","true"
"493","newExercises","Remo HIIT","CARDIO","Full body","Máquina de remo","full_body|maquina_de_remo|cardio|hiit|alta_intensidad","Entrenamiento por intervalos de alta intensidad en máquina de remo. Combina sprint de remo con periodos cortos de recuperación para maximizar el gasto calórico.","Realizá 20-30 segundos de remo a máxima potencia y velocidad, seguido de 30-40 segundos de remo suave de recuperación. Repetí los intervalos. Mantené la técnica correcta incluso en alta intensidad: piernas, torso, brazos en ese orden.","true"
"494","newExercises","Burpees con mancuerna","CARDIO","Full body","Mancuernas","full_body|mancuernas|burpee|alta_intensidad|fuerza","Variante de burpee que incorpora mancuernas para aumentar la resistencia y el trabajo de hombros y core. Ejercicio de alta intensidad que combina fuerza y cardio.","Sostené una mancuerna en cada mano. Desde de pie, agachate y apoyá las mancuernas en el suelo. Saltá hacia atrás en plancha, hacé una flexión, volvé a juntar los pies y levantate con un press de hombros con las mancuernas. Mantené el core firme y la espalda neutra.","true"
"495","newExercises","Sprint en pendiente","CARDIO","Piernas","Pista","piernas|sprint|cardio|pliometria|alta_intensidad","Ejercicio cardiovascular de máxima intensidad realizando sprints en terreno con pendiente. Desarrolla potencia de piernas, velocidad y resistencia anaeróbica.","Ubicate al pie de una pendiente moderada (5-10% de inclinación). Acelerá progresivamente hasta alcanzar máxima velocidad durante 10-30 metros. Caminá de vuelta para recuperar. Mantené el torso inclinado hacia adelante, brazos activos y zancada potente.","true"
"496","newExercises","Escalador de montaña","CARDIO","Full body","Máquina escaladora","full_body|maquina_escaladora|cardio|resistencia","Ejercicio cardiovascular en máquina escaladora (stair climber o versaclimber). Simula el ascenso de escaleras con resistencia ajustable, trabajando piernas, glúteos y core.","Subite a la máquina escaladora, ajustá la velocidad y resistencia según tu nivel. Subí los escalones de forma continua manteniendo el torso erguido y el core activado. No te apoyes en los barandales. Controlá la respiración de forma rítmica.","true"
"497","newExercises","Bird dog contralateral","FUNCTIONAL","Core","Peso corporal","core|peso_corporal|estabilidad|equilibrio|lumbares","Ejercicio funcional de estabilización core en cuadrupedia con extensión contralateral de brazo y pierna. Fortalece lumbares, glúteos, hombros y mejora el control motor.","Desde posición de cuadrupedia (manos bajo hombros, rodillas bajo caderas), extendé el brazo derecho y la pierna izquierda simultáneamente hasta que queden alineados con el torso. Mantené la pelvis estable y la espalda neutra. Volvé controlado y alterná los lados.","true"
"498","newExercises","Sled reverse","FUNCTIONAL","Piernas","Trineo (sled)","piernas|trineo|fuerza|resistencia|posterior","Ejercicio funcional de empuje de trineo hacia atrás (caminando de espaldas). Desarrolla fuerza de cuádriceps, estabilidad de rodilla y resistencia de cadena posterior.","Agarra las correas o manijas del trineo y caminá hacia atrás tirando de él. Mantené el torso erguido, las rodillas ligeramente flexionadas y empujá con los talones. Mantené un ritmo constante y controlá la respiración.","true"
"499","newExercises","Kettlebell halo","FUNCTIONAL","Hombros","Kettlebell","hombros|kettlebell|movilidad|core|estabilidad","Ejercicio funcional de movilidad y estabilidad de hombros que consiste en pasar la kettlebell alrededor de la cabeza. Fortalece el manguito rotador, core y mejora el rango de movimiento articular.","Sostené la kettlebell por las asas cerca del pecho. Pasala alrededor de la cabeza en círculos amplios, manteniendo los codos flexionados y el core activado para evitar arquear la espalda. Realizá los círculos en ambos sentidos.","true"
"500","newExercises","Farmer carry con giro","FUNCTIONAL","Core","Mancuernas","core|mancuernas|agarre|estabilidad|oblicuos|kettlebells","Variante del farmer walk que incorpora giros controlados del torso. Desarrolla fuerza de agarre, estabilidad de core, oblicuos y resistencia general.","Sostené una mancuerna o kettlebell en cada mano a los costados del cuerpo. Caminá manteniendo la espalda erguida y, cada ciertos pasos, realizá un giro controlado de 90° o 180° del torso manteniendo las caderas estables. No dejes que el peso te desequilibre.","true"
"501","newExercises","Dead bug con banda","FUNCTIONAL","Core","Banda","core|banda_elastica|estabilidad|lumbares|control_motor","Ejercicio funcional de core en decúbito supino con resistencia de banda elástica. Fortalece el transverso del abdomen, recto abdominal y mejora la estabilidad lumbopélvica.","Acostate boca arriba con los brazos extendidos hacia el techo sujetando una banda elástica anclada detrás de vos. Flexioná rodillas y caderas a 90°. Extendé el brazo derecho y la pierna izquierda simultáneamente mientras mantenés la espalda baja pegada al suelo. Alterná los lados.","true"
"502","newExercises","Sled lateral push","FUNCTIONAL","Piernas","Trineo (sled)","piernas|trineo|fuerza|aductores|estabilidad","Ejercicio funcional de empuje lateral de trineo. Desarrolla fuerza de aductores, estabilidad de cadera y resistencia en posición lateral.","Colocate de lado al trineo con las manos sobre él. Empujá el trineo hacia adelante desplazándote lateralmente en sentido de caracol. Mantené las rodillas ligeramente flexionadas, el core activado y la espalda neutra. Cambiá de lado.","true"
"503","newExercises","Bear crawl","FUNCTIONAL","Full body","Peso corporal","full_body|peso_corporal|estabilidad|coordinacion|core","Ejercicio funcional de gateo en cuadrupedia con las rodillas elevadas. Desarrolla estabilidad de core, coordinación contralateral, fuerza de hombros y movilidad de cadera.","Desde posición de cuadrupedia, elevá las rodillas apenas del suelo (2-3 cm). Gateá hacia adelante moviendo brazo y pierna contralaterales simultáneamente. Mantené la espalda neutra, las caderas bajas y el core activado. Podés gatear en diferentes direcciones.","true"
"504","newExercises","Snatch con kettlebell","FUNCTIONAL","Full body","Kettlebell","full_body|kettlebell|snatch|potencia|explosividad","Ejercicio funcional de levantamiento olímpico con kettlebell. Desarrolla potencia, explosividad, coordinación y fuerza de cadena posterior en un movimiento continuo del suelo sobre la cabeza.","Colocá la kettlebell entre los pies. Agachate agarrando la kettlebell con una mano, mantené la espalda neutra. Extendé las caderas y rodillas explosivamente para impulsar la kettlebell hacia arriba, recibiéndola sobre el antebrazo con el brazo extendido. Bajá controlado y repetí.","true"
"505","newExercises","Dead bug con peso","FUNCTIONAL","Core","Mancuerna","core|mancuerna|estabilidad|lumbares|control_motor|disco","Variante del dead bug que incorpora peso adicional para aumentar la resistencia. Fortalece el core profundo, mejora la estabilidad lumbopélvica y el control motor.","Acostate boca arriba con los brazos extendidos hacia el techo sosteniendo una mancuerna o disco. Flexioná rodillas y caderas a 90°. Extendé el brazo derecho y la pierna izquierda simultáneamente, manteniendo la espalda baja pegada al suelo en todo momento. Alterná los lados de forma controlada.","true"
"506","newExercises","Kettlebell goblet squat","FUNCTIONAL","Piernas","Kettlebell","piernas|kettlebell|sentadilla|fuerza|movilidad","Ejercicio funcional de sentadilla sosteniendo una kettlebell al pecho. Desarrolla fuerza de piernas, movilidad de cadera y tobillo, y estabilidad de core.","Sostené la kettlebell por las asas cerca del pecho (posición de cáliz). Separá los pies a la anchura de los hombros con las puntas ligeramente hacia afuera. Bajá en sentadilla manteniendo el torso erguido, las rodillas alineadas con los pies y la kettlebell cerca del cuerpo. Subí extendiendo completamente caderas y rodillas.","true"
"507","newExercises","Turkish half get-up","FUNCTIONAL","Full body","Kettlebell","full_body|kettlebell|estabilidad|movilidad|hombros|mancuerna","Ejercicio funcional que consiste en levantarse del suelo hasta la posición de puente sosteniendo peso sobre la cabeza. Desarrolla estabilidad de hombros, movilidad de cadera, fuerza de core y coordinación.","Acostate boca arriba con una kettlebell o mancuerna extendida sobre el hombro derecho. Con la pierna derecha flexionada y el pie apoyado, elevá la cadera formando un puente mientras mantenés el peso estable sobre la cabeza. Bajá controlado y repetí del otro lado.","true"
"508","newExercises","Farmer suitcase carry","FUNCTIONAL","Core","Mancuerna","core|mancuerna|agarre|estabilidad_lateral|oblicuos|kettlebell","Variante unilateral del farmer walk. Sostener peso en una sola mano obliga al core a estabilizar lateralmente, fortaleciendo oblicuos, cuadrado lumbar y músculos estabilizadores.","Sostené una mancuerna o kettlebell pesada en una sola mano a los costados del cuerpo, como si fuera una valija. Caminá manteniendo el torso completamente erguido, sin dejar que el peso te incline hacia ese lado. Mantené el core contraído y los hombros alineados. Cambiá de mano.","true"
"509","newExercises","Box lateral jump","FUNCTIONAL","Piernas","Cajón pliométrico","piernas|cajon|salto|pliometria|estabilidad","Ejercicio funcional de salto lateral sobre cajón. Desarrolla potencia de piernas, estabilidad de tobillo y rodilla, y coordinación en el plano frontal.","Colocate de lado al cajón con los pies juntos. Flexioná ligeramente las rodillas y saltá lateralmente sobre el cajón aterrizando con ambos pies y las rodillas flexionadas. Bajá del otro lado y repetí en el sentido contrario. Mantené el core activado y aterrizá suave.","true"
"510","newExercises","TRX y-fly","FUNCTIONAL","Hombros","TRX","hombros|trx|postura|dorsal|estabilidad","Ejercicio funcional de apertura en Y con TRX. Trabaja el manguito rotador, dorsal ancho, romboides y mejora la postura de hombros abiertos.","Sostené las asas del TRX con los brazos extendidos y el cuerpo inclinado hacia atrás. Abrí los brazos en forma de Y elevándolos hacia arriba y hacia los costados, manteniendo una ligera flexión de codos. Volvé controlado a la posición inicial manteniendo la tensión en el TRX.","true"
"511","newExercises","Bird dog","FUNCTIONAL","Core","Peso corporal","core|peso_corporal|estabilidad|equilibrio|lumbares","Ejercicio funcional clásico de estabilización core en cuadrupedia. Fortalece lumbares, glúteos, hombros y mejora el control motor y la propiocepción.","Desde posición de cuadrupedia (manos bajo hombros, rodillas bajo caderas), extendé el brazo derecho y la pierna izquierda simultáneamente hasta que queden paralelos al piso. Mantené la pelvis estable, la espalda neutra y evitá rotar el torso. Volvé controlado y alterná los lados.","true"
"512","newExercises","Snatch con mancuernas","FUNCTIONAL","Full body","Mancuernas","full_body|mancuernas|snatch|potencia|explosividad","Ejercicio funcional de levantamiento olímpico con mancuernas. Desarrolla potencia, explosividad de cadena posterior, coordinación y fuerza de hombros en un movimiento continuo.","Colocá una mancuerna entre los pies. Agachate agarrando la mancuerna con una mano, mantené la espalda neutra y el pecho abierto. Extendé caderas y rodillas explosivamente para impulsar la mancuerna hacia arriba, recibiéndola sobre la cabeza con el brazo extendido y la muñeca recta. Bajá controlado.","true"
"513","newExercises","Clean con kettlebell","FUNCTIONAL","Full body","Kettlebell","full_body|kettlebell|clean|potencia|cadera","Ejercicio funcional de levantamiento que consiste en llevar la kettlebell del suelo a la posición de rack en el hombro. Desarrolla potencia de cadera, fuerza de agarre y coordinación.","Colocá la kettlebell entre los pies. Agachate agarrando la kettlebell con una mano, mantené la espalda neutra. Extendé caderas y rodillas explosivamente para impulsar la kettlebell, girando la muñeca para recibirla suavemente sobre el antebrazo en la posición de rack (cerca del hombro). Bajá controlado y repetí.","true"
"514","newExercises","Bird dog con peso","FUNCTIONAL","Core","Mancuerna ligera","core|mancuerna|estabilidad|equilibrio|propiocepcion|tobilleras","Variante del bird dog que añade resistencia con mancuerna ligera o tobilleras. Aumenta la dificultad del ejercicio de estabilización core y mejora el control motor.","Desde posición de cuadrupedia, sostené una mancuerna ligera en la mano o colocate una tobillera. Extendé el brazo con peso y la pierna contralateral simultáneamente. Mantené la pelvis estable, la espalda neutra y evitá rotar el torso. Volvé controlado y alterná los lados.","true"
"515","newExercises","Clean muscle clean","FUNCTIONAL","Full body","Barra","full_body|barra|clean|fuerza|tecnica|mancuernas","Variante del clean donde se realiza el movimiento sin rebote ni impulso desde el suelo. Enfatiza la técnica, el control y la fuerza de la cadena posterior sin ayuda del rebote elástico.","Colocá la barra o mancuernas en posición de rack (cerca de los hombros). Bajá controladamente hasta las caderas o rodillas, manteniendo la espalda neutra. Desde esa posición, extendé caderas y rodillas para llevar el peso de vuelta a la posición de rack sin dejarlo caer al suelo. Enfatizá la extensión completa de caderas.","true"
"516","newExercises","Wall ball con giro","FUNCTIONAL","Core","Balón medicinal","core|balon_medicinal|oblicuos|rotacion|potencia","Ejercicio funcional de lanzamiento de balón medicinal contra la pared con rotación de torso. Desarrolla potencia de rotación, fuerza de oblicuos, coordinación y resistencia cardiovascular.","Sostené un balón medicinal a la altura del pecho, de pie de lado a la pared. Girá el torso lejos de la pared cargando el peso en la pierna trasera, luego girá explosivamente hacia la pared lanzando el balón contra ella. Atrapá el rebote y repetí. Cambiá de lado.","true"
"517","newExercises","Snatch hang snatch","FUNCTIONAL","Full body","Barra","full_body|barra|snatch|potencia|tecnica|mancuernas","Variante del snatch que se inicia desde la posición de hang (rodillas ligeramente flexionadas, peso en las caderas). Enfatiza la extensión explosiva de caderas y la técnica de recepción.","Colocá la barra o mancuernas en posición de hang (caderas retraídas, rodillas ligeramente flexionadas, espalda neutra). Desde allí, extendé explosivamente caderas y rodillas para impulsar el peso hacia arriba, recibiéndolo sobre la cabeza con brazos extendidos y cuádriceps activos. Bajá controlado a la posición de hang y repetí.","true"
"518","newExercises","Sled bear crawl push","FUNCTIONAL","Full body","Trineo (sled)","full_body|trineo|fuerza|estabilidad|core","Ejercicio funcional que combina bear crawl con empuje de trineo. Desarrolla fuerza de empuje, estabilidad de core, resistencia y coordinación en un movimiento de cadena cinética completa.","Desde posición de bear crawl (cuadrupedia con rodillas elevadas), colocate frente al trineo con las manos sobre él. Empujá el trineo hacia adelante manteniendo la posición de bear crawl, con las rodillas apenas elevadas del suelo y el core activado. Mantené la espalda neutra y avanzá de forma controlada.","true"
"519","newExercises","Box squat jump","FUNCTIONAL","Piernas","Cajón pliométrico","piernas|cajon_pliometrico|salto|squat|pliometria|potencia","Ejercicio funcional de potencia que combina sentadilla con salto sobre cajón. Desarrolla fuerza explosiva de cuádriceps, glúteos y pantorrillas, mejorando la capacidad de salto vertical y la coordinación neuromuscular.","Parate frente a un cajón pliométrico con los pies a la anchura de los hombros. Realizá una sentadilla profunda cargando los talones, y desde el fondo de la sentadilla saltá explosivamente hacia arriba aterrizando con ambos pies sobre el cajón. Flexioná las rodillas al aterrizar para absorber el impacto. Bajá controlado y repetí.","true"
"520","newExercises","Bear crawl con arrastre","FUNCTIONAL","Full body","Peso corporal","full_body|peso_corporal|crawl|core|coordinacion|estabilidad","Ejercicio funcional de gateo en cuadrupedia con desplazamiento hacia adelante arrastrando un objeto o desplazándose por el suelo. Desarrolla estabilidad de core, coordinación contralateral, resistencia de hombros y movilidad de cadera.","Desde posición de cuadrupedia con las rodillas apenas elevadas del suelo (2-3 cm), gateá hacia adelante moviendo brazo y pierna contralaterales simultáneamente. Si hay un objeto para arrastrar, empujalo con la cabeza o el pecho mientras avanzás. Mantené la espalda neutra, las caderas bajas y el core activado en todo momento.","true"
"521","newExercises","Box burpee jump","FUNCTIONAL","Full body","Cajón pliométrico","full_body|cajon_pliometrico|burpee|salto|cardio|alta_intensidad","Ejercicio funcional de alta intensidad que combina burpee completo con salto sobre cajón. Trabaja fuerza, resistencia cardiovascular, potencia de piernas y coordinación en un movimiento completo de cadena cinética.","Desde de pie frente al cajón, realizá un burpee completo: agachate, apoyá las manos en el suelo, saltá los pies hacia atrás en plancha, hacé una flexión de pecho, volvé a juntar los pies y desde agachado saltá explosivamente sobre el cajón aterrizando con ambos pies. Bajá controlado y repetí.","true"
"522","newExercises","Sled pull","FUNCTIONAL","Full body","Trineo (sled) con cuerda","full_body|trineo|cuerda|fuerza|resistencia|posterior","Ejercicio funcional de tirón de trineo con cuerda. Desarrolla fuerza de cadena posterior, resistencia cardiovascular, fuerza de agarre y estabilidad de core en un movimiento de tracción continua.","Agarra los extremos de la cuerda atada al trineo cargado. Mantené una postura atlética con las rodillas flexionadas, el torso inclinado hacia adelante y el core activado. Tirá del trineo hacia vos caminando hacia atrás o estando fijo, manteniendo la tensión constante en la cuerda y la espalda neutra.","true"
"523","newExercises","Step-up con press","FUNCTIONAL","Piernas","Mancuernas","piernas|mancuernas|step_up|press|hombros|fuerza|kettlebells","Ejercicio funcional que combina step-up sobre banco con press de hombros. Trabaja de forma integrada piernas, glúteos, hombros y core en un movimiento unilateral de subida y empuje.","Sostené una mancuerna o kettlebell en cada mano a la altura de los hombros. Colocá un pie sobre el banco a la altura de la rodilla, empujá con esa pierna para subir completamente y al llegar arriba realizá un press de hombros extendiendo los brazos. Bajá controlado alternando la pierna de inicio. Mantené el torso erguido y el core firme.","true"
"524","newExercises","Bird dog con banda","FUNCTIONAL","Core","Banda","core|banda_elastica|estabilidad|equilibrio|lumbares|control_motor","Ejercicio funcional de estabilización core en cuadrupedia con resistencia de banda elástica anclada. Aumenta la dificultad del bird dog clásico al añadir resistencia rotatoria, fortaleciendo el core profundo y mejorando el control motor.","Desde posición de cuadrupedia, colocá una banda elástica anclada a una base firme y sujetala con la mano. Extendé el brazo con la banda y la pierna contralateral simultáneamente, resistiendo la tracción de la banda. Mantené la pelvis estable, la espalda neutra y evitá rotar el torso. Volvé controlado y alterná los lados.","true"
"525","newExercises","Thruster con kettlebell","FUNCTIONAL","Full body","Kettlebell","full_body|kettlebell|thruster|fuerza|potencia|cardio","Ejercicio funcional que combina sentadilla frontal con press de hombros en un movimiento continuo. Desarrolla fuerza de piernas, potencia de empuje, resistencia cardiovascular y coordinación de todo el cuerpo.","Sostené una kettlebell en cada mano en posición de rack (cerca de los hombros, codos pegados al cuerpo). Realizá una sentadilla profunda manteniendo el torso erguido. Desde el fondo de la sentadilla, extendé explosivamente piernas y empujá las kettlebells sobre la cabeza en un press. Bajá las kettlebells a la posición de rack y repetí de forma fluida.","true"
"526","newExercises","Clean con mancuernas","FUNCTIONAL","Full body","Mancuernas","full_body|mancuernas|clean|potencia|explosividad|cadera","Ejercicio funcional de levantamiento olímpico con mancuernas. Consiste en llevar las mancuernas del suelo a la posición de rack en los hombros mediante extensión explosiva de caderas. Desarrolla potencia, coordinación y fuerza de cadena posterior.","Colocá las mancuernas a los costados de los pies. Agachate con la espalda neutra y agarrá las mancuernas. Extendé explosivamente caderas y rodillas para impulsar las mancuernas hacia arriba, girando las muñecas para recibirlas suavemente sobre los hombros en posición de rack (codos altos). Bajá controlado y repetí.","true"
"527","newExercises","Farmer carry con peso diferente","FUNCTIONAL","Core","Mancuernas","core|mancuernas|agarre|estabilidad_lateral|oblicuos|equilibrio|kettlebells_de_pesos_distintos","Variante asimétrica del farmer walk donde se sostienen pesos diferentes en cada mano. El desequilibrio obliga al core a estabilizar lateralmente de forma intensa, fortaleciendo oblicuos, cuadrado lumbar y músculos estabilizadores profundos.","Sostené una mancuerna o kettlebell pesada en una mano y una más liviana en la otra (diferencia de al menos 5-10 kg). Caminá manteniendo el torso completamente erguido, sin dejar que ningún peso te incline. Mantené los hombros alineados, el core contraído y una marcha estable. Cambiá de mano en la siguiente serie.","true"
"528","newExercises","Turkish squat con kettlebell","FUNCTIONAL","Piernas","Kettlebell","piernas|kettlebell|sentadilla|movilidad|estabilidad|core","Ejercicio funcional que combina la posición de Turkish get-up con una sentadilla profunda sosteniendo la kettlebell sobre la cabeza. Desarrolla movilidad de cadera y tobillo, estabilidad de hombros y fuerza de piernas en un rango completo de movimiento.","Sostené una kettlebell sobre la cabeza con el brazo extendido (posición del Turkish get-up). Desde allí, realizá una sentadilla profunda manteniendo el brazo estable y el torso erguido. La pierna del mismo lado del brazo con peso puede estar adelantada en una posición de split squat. Subí extendiendo completamente las piernas.","true"
"529","newExercises","Box over","FUNCTIONAL","Piernas","Cajón pliométrico","piernas|cajon_pliometrico|salto|pliometria|coordinacion|cardio","Ejercicio funcional de salto lateral sobre cajón que consiste en pasar de un lado a otro del cajón. Desarrolla potencia de piernas, estabilidad de tobillo y rodilla, coordinación y resistencia cardiovascular.","Colocate de un lado del cajón pliométrico con los pies juntos. Flexioná ligeramente las rodillas y saltá lateralmente sobre el cajón aterrizando con ambos pies del otro lado. Inmediatamente saltá de vuelta al lado original. Mantené el core activado, aterrizá suave con las rodillas flexionadas y mantené un ritmo constante.","true"
"530","newExercises","Sandbag load","FUNCTIONAL","Full body","Sandbag","full_body|sandbag|fuerza|levantamiento|posterior|core","Ejercicio funcional de levantamiento y carga de sandbag sobre una plataforma o hombros. Simula movimientos de carga real desarrollando fuerza de cadena posterior, agarre, core y resistencia en un movimiento de levantamiento completo.","Colocá el sandbag en el suelo entre los pies. Agachate con la espalda neutra, agarrá el sandbag con ambas manos por los asas o abrazándolo. Extendé caderas y rodillas para levantarlo del suelo, llevándolo hasta la altura del pecho o sobre los hombros. Bajá controlado y repetí. Mantené el core activado durante todo el movimiento.","true"
"531","newExercises","Clean hang clean","FUNCTIONAL","Full body","Barra","full_body|barra|clean|potencia|tecnica|cadera|mancuernas","Ejercicio funcional de levantamiento olímpico que inicia desde la posición de hang (barra a la altura de las caderas). Enfatiza la extensión explosiva de caderas y la técnica de recepción en posición de rack, desarrollando potencia y coordinación.","Colocá la barra o mancuernas en posición de hang a la altura de las caderas, rodillas ligeramente flexionadas, espalda neutra y pecho abierto. Desde allí, extendé explosivamente caderas y rodillas para impulsar el peso hacia arriba, girando las muñecas para recibirlo suavemente sobre los hombros en posición de rack. Bajá controlado a la posición de hang y repetí.","true"
"532","newExercises","Sandbag press","FUNCTIONAL","Hombros","Sandbag","hombros|sandbag|press|fuerza|estabilidad","Ejercicio funcional de press de hombros con sandbag. El sandbag inestable obliga a activar músculos estabilizadores adicionales, desarrollando fuerza de hombros, estabilidad de core y control del peso asimétrico.","Sostené el sandbag a la altura del pecho con ambas manos, abrazándolo o agarrándolo por los asas. Mantené el core activado y la espalda neutra. Empujá el sandbag hacia arriba extendiendo los brazos sobre la cabeza. El sandbag se moverá e inestabilizará, por lo que debés controlarlo activando hombros y core. Bajá controlado y repetí.","true"
"533","newExercises","Lunge con curl","FUNCTIONAL","Piernas","Mancuernas","piernas|mancuernas|lunge|curl|biceps|fuerza","Ejercicio funcional que combina zancada (lunge) con curl de bíceps. Trabaja de forma integrada piernas, glúteos, bíceps y core en un movimiento compuesto que mejora la coordinación y la eficiencia del entrenamiento.","Sostené una mancuerna en cada mano con los brazos extendidos a los costados. Dá un paso hacia adelante con una pierna bajando en zancada hasta que ambas rodillas formen 90°. Al mismo tiempo, realizá un curl de bíceps llevando las mancuernas hacia los hombros. Volvé a la posición inicial y alterná las piernas. Mantené el torso erguido y el core firme.","true"
"534","newExercises","Step-up lateral","FUNCTIONAL","Piernas","Banco","piernas|banco|step_up|aductores|gluteos|estabilidad|step","Ejercicio funcional de step-up realizado de forma lateral sobre banco. Enfatiza el trabajo de aductores, glúteos medio y estabilidad de cadera en el plano frontal, mejorando el equilibrio unilateral.","Parate de lado al banco con el pie más cercano apoyado sobre él. Empujá con esa pierna para subir completamente sobre el banco, llevando la otra rodilla hacia arriba. Bajá controlado del mismo lado. Mantené el torso erguido, el core activado y evitá que la rodilla de apoyo se desvíe hacia adentro. Repetí y cambiá de lado.","true"
"535","newExercises","Turkish get-down","FUNCTIONAL","Full body","Kettlebell","full_body|kettlebell|movilidad|estabilidad|hombros|core|mancuerna","Ejercicio funcional que consiste en descender controladamente desde la posición de pie con peso sobre la cabeza hasta acostado en el suelo. Es la mitad descendente del Turkish get-up, desarrollando estabilidad, movilidad y control motor en todo el cuerpo.","Comenzá de pie con una kettlebell o mancuerna extendida sobre la cabeza con un brazo. Descendé controladamente: flexioná la rodilla del mismo lado, apoyá la mano libre en el suelo, bajá la cadera al suelo, extendé la pierna, bajá el torso y finalmente bajá el brazo con peso al suelo. Cada transición debe ser lenta y controlada, manteniendo el peso estable sobre la cabeza.","true"
"536","newExercises","Thruster con sandbag","FUNCTIONAL","Full body","Sandbag","full_body|sandbag|thruster|fuerza|cardio|potencia","Ejercicio funcional que combina sentadilla con press de hombros utilizando sandbag. El peso inestable del sandbag añade un desafío de estabilidad extra al movimiento compuesto, desarrollando fuerza, resistencia y control.","Sostené el sandbag a la altura del pecho abrazándolo o agarrándolo por los asas. Realizá una sentadilla profunda manteniendo el sandbag cerca del cuerpo y el torso erguido. Desde el fondo de la sentadilla, extendé explosivamente las piernas y empujá el sandbag sobre la cabeza extendiendo los brazos. Bajá el sandbag al pecho y repetí de forma fluida.","true"
"537","newExercises","Kettlebell rack walk","FUNCTIONAL","Core","Kettlebell","core|kettlebell|agarre|estabilidad|resistencia|hombros","Ejercicio funcional de caminata sosteniendo kettlebells en posición de rack (cerca de los hombros). Desarrolla fuerza de agarre, estabilidad de core, resistencia de hombros y postura erguida bajo carga.","Sostené una kettlebell en cada mano en posición de rack: cerca del pecho con los codos pegados al cuerpo y las muñecas rectas. Caminá manteniendo el torso completamente erguido, el core activado y las kettlebells estables cerca del cuerpo. Evitá que los codos se separen o que el torso se incline hacia adelante. Mantené una marcha controlada y constante.","true"
"538","newExercises","Plank with walk","FUNCTIONAL","Core","Peso corporal","core|peso_corporal|plancha|estabilidad|movilidad|hombros","Ejercicio funcional de plancha con desplazamiento lateral caminando con manos y pies. Desarrolla estabilidad de core, resistencia de hombros, movilidad de cadera y coordinación en un movimiento dinámico de plancha.","Desde posición de plancha alta con las manos bajo los hombros y el cuerpo en línea recta, desplazate lateralmente caminando primero con la mano derecha y el pie derecho, luego la mano izquierda y el pie izquierdo. Mantené las caderas estables, la espalda neutra y el core activado. Podés desplazarte en una dirección y volver, o en forma de U.","true"
"539","newExercises","Bear crawl lateral","FUNCTIONAL","Full body","Peso corporal","full_body|peso_corporal|crawl|core|estabilidad|aductores","Ejercicio funcional de gateo lateral en cuadrupedia con rodillas elevadas. Desplazarse lateralmente en posición de bear crawl desarrolla estabilidad de core, fuerza de aductores, coordinación y resistencia en un plano de movimiento diferente.","Desde posición de bear crawl (cuadrupedia con rodillas apenas elevadas del suelo), desplazate lateralmente moviendo la mano y el pie del mismo lado simultáneamente, seguido de la mano y el pie del otro lado. Mantené las caderas bajas y estables, la espalda neutra y el core activado. Desplazate varios pasos hacia un lado y volvé.","true"
"540","newExercises","Kettlebell around the world","FUNCTIONAL","Core","Kettlebell","core|kettlebell|oblicuos|rotacion|estabilidad|hombros","Ejercicio funcional de rotación de core pasando la kettlebell alrededor del cuerpo en círculos amplios. Desarrolla fuerza de oblicuos, estabilidad de hombros, control rotatorio del core y resistencia de agarre.","Sostené la kettlebell con ambas manos frente al cuerpo. Pasala alrededor de tu cuerpo en círculos amplios, girando desde los hombros y el core. Mantené los codos ligeramente flexionados, el core activado y la espalda neutra. Realizá los círculos en ambos sentidos. El movimiento debe ser controlado, no por inercia.","true"
"541","newExercises","Turkish windmill","FUNCTIONAL","Core","Kettlebell","core|kettlebell|oblicuos|movilidad|hombros|estabilidad","Ejercicio funcional de bisagra de cadera con rotación sosteniendo kettlebell sobre la cabeza. Desarrolla movilidad de cadera y hombros, fuerza de oblicuos, estabilidad de hombros y control del torso en flexión y rotación.","Sostené una kettlebell sobre la cabeza con el brazo derecho extendido. Separá los pies más anchos que los hombros, el izquierdo apuntando hacia afuera. Manteniendo el brazo con peso vertical, flexionate desde la cadera llevando la mano izquierda hacia el pie izquierdo. El torso rota pero el brazo con peso permanece estable. Volvé controlado y repetí del otro lado.","true"
"542","newExercises","TRX squat","FUNCTIONAL","Piernas","TRX","piernas|trx|sentadilla|estabilidad|movilidad","Ejercicio funcional de sentadilla asistida con TRX. Las asas del TRX proporcionan soporte y estabilidad, permitiendo realizar sentadillas profundas con mejor postura y menor carga articular, ideal para mejorar la técnica de sentadilla.","Sostené las asas del TRX con ambas manos, pies separados a la anchura de los hombros con las puntas ligeramente hacia afuera. Mantené el peso en los talones y la espalda erguida. Bajá en sentadilla profunda usando las asas del TRX para equilibrio y soporte leve. Subí extendiendo completamente caderas y rodillas. El TRX no debe sostener tu peso, solo asistir.","true"
"543","newExercises","Lunge con kettlebell","FUNCTIONAL","Piernas","Kettlebell","piernas|kettlebell|lunge|fuerza|estabilidad|gluteos","Ejercicio funcional de zancada sosteniendo kettlebell en posición de rack o a los costados. Añadir peso a la zancada aumenta la resistencia y el trabajo de piernas, glúteos y core, mejorando la fuerza unilateral y el equilibrio.","Sostené una kettlebell en cada mano a los costados del cuerpo, o una sola kettlebell en posición de rack cerca del pecho. Dá un paso hacia adelante con una pierna bajando en zancada hasta que ambas rodillas formen aproximadamente 90°. La rodilla trasera casi toca el suelo. Volvé a la posición inicial empujando con el talón de la pierna delantera. Alterná las piernas. Mantené el torso erguido y el core activado.","true"
"544","newExercises","Snatch con sandbag","FUNCTIONAL","Full body","Sandbag","full_body|sandbag|snatch|potencia|explosividad|fuerza","Ejercicio funcional de levantamiento olímpico con sandbag. Consiste en llevar el sandbag del suelo a la posición extendida sobre la cabeza en un movimiento continuo y explosivo. El peso inestable del sandbag añade un desafío extra de control y estabilidad.","Colocá el sandbag en el suelo entre los pies. Agachate con la espalda neutra y agarrá el sandbag con ambas manos. Extendé explosivamente caderas y rodillas para impulsar el sandbag hacia arriba, llevándolo en un arco sobre la cabeza con los brazos extendidos. El sandbag se moverá, por lo que debés estabilizarlo activando core y hombros. Bajá controlado y repetí.","true"
"545","newExercises","World's greatest stretch","MOBILITY","Full body","Peso corporal","full_body|peso_corporal|movilidad|calentamiento|cadera|toracica","Ejercicio de movilidad dinámica de cuerpo completo que combina estiramiento de flexor de cadera, rotación torácica y extensión de isquiotibiales en una secuencia fluida. Ideal como ejercicio de calentamiento y para mejorar la movilidad general.","Desde posición de plancha, llevá el pie derecho al lado de la mano derecha. Bajá la rodilla trasera al suelo. Con la mano derecha, empujá la rodilla derecha hacia afuera para abrir la cadera. Luego llevá el codo derecho al suelo, rotá el torso abriendo el pecho hacia el techo y extendé el brazo derecho hacia arriba. Volvé a la posición inicial y repetí del otro lado. Movete de forma lenta y controlada.","true"
"546","newExercises","Puente unilateral","MOBILITY","Core","Peso corporal","core|peso_corporal|gluteos|movilidad|estabilidad","Ejercicio de movilidad y activación que consiste en elevar la cadera desde posición supina con una sola pierna apoyada. Desarrolla movilidad de cadera, activación de glúteos y estabilidad lumbopélvica.","Acostate boca arriba con las rodillas flexionadas y los pies apoyados en el suelo. Extendé una pierna hacia el techo. Desde allí, elevá la cadera del suelo contrayendo el glúteo de la pierna apoyada hasta formar una línea recta desde hombros hasta rodilla. Mantené la posición 2-3 segundos y bajá controlado. Repetí y cambiá de pierna.","true"
"547","newExercises","Wrist extensor stretch","MOBILITY","Antebrazos","Peso corporal","antebrazos|munecas|peso_corporal|estiramiento|movilidad","Ejercicio de movilidad que estira los músculos extensores de la muñeca y los flexores del antebrazo. Mejora la flexibilidad de muñecas y previene tensiones por trabajo repetitivo o levantamiento de pesas.","Extendé el brazo derecho frente a vos con la palma hacia abajo. Con la mano izquierda, tirá suavemente de los dedos de la mano derecha hacia abajo y hacia vos, manteniendo el codo extendido. Sentirás el estiramiento en la parte superior del antebrazo y la muñeca. Mantené 20-30 segundos y repetí del otro lado. No fuerces, solo hasta sentir tensión cómoda.","true"
"548","newExercises","T-spine mobility en foam roller","MOBILITY","Espalda","Foam roller","espalda|foam_roller|toracica|movilidad|postura","Ejercicio de movilidad de la columna torácica (T-spine) utilizando foam roller. Mejora la extensión y rotación de la zona media de la espalda, beneficiando la postura y el rango de movimiento de hombros.","Acostate boca arriba con el foam roller horizontal bajo la parte media de la espalda (zona torácica). Cruzá los brazos sobre el pecho o sostené la cabeza con las manos. Extendé la espalda sobre el roller dejando que la columna se arquee suavemente hacia atrás. Mantené 3-5 segundos y volvé. También podés realizar rotaciones suaves de torso de lado a lado.","true"
"549","newExercises","Cat-cow con balanceo","MOBILITY","Espalda","Peso corporal","espalda|peso_corporal|columna|movilidad|flexibilidad","Variante dinámica del cat-cow que incorpora balanceo lateral suave. Mejora la movilidad de toda la columna vertebral en flexión, extensión y lateralización, promoviendo la lubricación articular y la relajación muscular.","Desde posición de cuadrupedia (manos bajo hombros, rodillas bajo caderas), arqueá la espalda hacia arriba llevando la barbilla al pecho (cat). Luego invertí el movimiento arqueando la espalda hacia abajo y elevando la cabeza (cow). Incorporá un balanceo suave de caderas de lado a lado durante el movimiento. Coordiná con la respiración: exhala en cat, inhala en cow.","true"
"550","newExercises","Hip flexor stretch","MOBILITY","Cadera","Peso corporal","cadera|peso_corporal|estiramiento|flexores_cadera|movilidad","Ejercicio de estiramiento estático de los flexores de cadera (psoas e iliaco). Fundamental para contrarrestar las posiciones sedentarias prolongadas y mejorar la extensión de cadera.","Arrodillate con la pierna derecha adelante en posición de zancada (pie derecho apoyado, rodilla izquierda en el suelo). Mantené el torso erguido y empujá suavemente la cadera hacia adelante hasta sentir el estiramiento en la parte frontal de la cadera y el muslo izquierdo. Mantené 30-45 segundos. Para intensificar, elevá el brazo izquierdo hacia arriba e inclinate ligeramente hacia la derecha. Repetí del otro lado.","true"
"551","newExercises","World's greatest stretch con hamstring","MOBILITY","Full body","Peso corporal","full_body|peso_corporal|movilidad|isquiotibiales|cadera|calentamiento","Variante del World's greatest stretch que enfatiza el estiramiento de isquiotibiales. Combina movilidad de cadera, rotación torácica y extensión de la cadena posterior en una secuencia fluida de cuerpo completo.","Desde posición de plancha, llevá el pie derecho al lado de la mano derecha. Bajá la rodilla trasera al suelo. Empezá con la rotación torácica: llevá el codo derecho al suelo, abrí el pecho rotando el torso y extendé el brazo derecho hacia arriba. Luego, volvé al centro y extendé la pierna derecha flexionándote desde la cadera para estirar el isquiotibial. Mantené cada posición 2-3 segundos. Repetí del otro lado.","true"
"552","newExercises","Psoas stretch en banco","MOBILITY","Cadera","Banco","cadera|banco|psoas|estiramiento|flexores_cadera","Ejercicio de estiramiento del psoas iliaco utilizando un banco para aumentar el rango de movimiento. El psoas es un músculo clave que se acorta con la sedestación prolongada y afecta la postura lumbar.","Arrodillate frente a un banco con la rodilla derecha en el suelo y el pie izquierdo apoyado sobre el banco (tobillo sobre el borde). Mantené el torso erguido y empujá suavemente la cadera hacia adelante. El pie sobre el banco aumenta el ángulo de extensión de cadera, intensificando el estiramiento del psoas. Mantené 30-45 segundos y repetí del otro lado.","true"
"553","newExercises","Cat-cow con extensión lateral","MOBILITY","Espalda","Peso corporal","espalda|peso_corporal|columna|movilidad|lateralizacion","Variante del cat-cow que añade extensión lateral de la columna. Mejora la movilidad en todos los planos del movimiento de la columna vertebral, beneficiando la flexibilidad y la salud articular.","Desde posición de cuadrupedia, realizá el movimiento clásico de cat-cow: arqueá la espalda hacia arriba (cat) y luego hacia abajo (cow). Al llegar a la posición de cow, desplazá las caderas hacia un lado y luego hacia el otro, creando una extensión lateral suave de la columna. Coordiná con la respiración y movete de forma lenta y controlada.","true"
"554","newExercises","Foam rolling de espalda alta","MOBILITY","Espalda","Foam roller","espalda|foam_roller|automasaje|toracica|movilidad","Ejercicio de automasaje miofascial de la zona alta de la espalda (torácica superior) con foam roller. Libera tensiones musculares, mejora la circulación y aumenta la movilidad de la columna torácica y los hombros.","Acostate boca arriba con el foam roller horizontal bajo la parte superior de la espalda (debajo de los omóplatos). Cruzá los brazos sobre el pecho o sostené la cabeza con las manos. Rodá lentamente hacia arriba y hacia abajo por la zona torácica superior, deteniéndote 10-20 segundos en los puntos de mayor tensión. Evitá rodar sobre la zona lumbar.","true"
"555","newExercises","Dislocaciones con palo en agarre cerrado","MOBILITY","Hombros","Palo","hombros|palo|movilidad|manguito_rotador|calentamiento","Ejercicio de movilidad de hombros que consiste en pasar un palo por detrás y por delante del cuerpo con un agarre más cerrado que el ancho. Mejora la flexibilidad de la articulación del hombro, el rango de movimiento y la salud del manguito rotador.","Parate erguido con los pies a la anchura de los hombros. Sostené un palo o bastón con ambas manos con un agarre estrecho (más angosto que el ancho de los hombros). Lentamente, levantá el palo por delante del cuerpo, pasalo por encima de la cabeza y bajalo por detrás de la espalda hasta donde puedas sin forzar. Volvé por el mismo camino. Mantené los brazos extendidos y el core activado.","true"
"556","newExercises","Psoas stretch con banda","MOBILITY","Cadera","Banda","cadera|banda_elastica|psoas|estiramiento|flexores_cadera","Ejercicio de estiramiento del psoas con resistencia de banda elástica. La banda añade una tracción controlada que permite un estiramiento más profundo y progresivo del flexor de cadera.","Anclá una banda elástica baja a una base firme. Colocá la banda alrededor de la cadera derecha y caminá hacia adelante hasta sentir tensión. Arrodillate con la pierna derecha atrás y la izquierda adelante en zancada. Mantené el torso erguido y dejá que la banda tire suavemente de la cadera hacia atrás, intensificando el estiramiento del psoas. Mantené 30-45 segundos y cambiá de lado.","true"
"557","newExercises","Estiramiento dinámico de pecho","MOBILITY","Pecho","Peso corporal","pecho|peso_corporal|estiramiento|dinamico|hombros|calentamiento","Ejercicio de movilidad dinámica que estira los músculos pectorales y abre la caja torácica. Mejora la postura, el rango de movimiento de hombros y previene la proyección hacia adelante de los hombros.","Parate erguido con los pies separados. Extendé ambos brazos hacia los lados a la altura de los hombros. Realizá movimientos dinámicos llevando los brazos hacia atrás abriendo el pecho, como si quisieras juntar los omóplatos. Luego cruzá los brazos por delante del pecho. Repetí el movimiento de apertura y cierre de forma rítmica y controlada, coordinando con la respiración.","true"
"558","newExercises","World's greatest stretch con rotación","MOBILITY","Full body","Peso corporal","full_body|peso_corporal|movilidad|rotacion|cadera|toracica|calentamiento","Variante del World's greatest stretch que enfatiza la rotación torácica. Combina estiramiento de flexor de cadera, extensión de isquiotibiales y rotación profunda de la columna torácica en una secuencia integrada.","Desde posición de plancha, llevá el pie derecho al lado de la mano derecha. Bajá la rodilla trasera al suelo. Colocá el codo derecho en el suelo cerca del pie derecho. Luego, extendé el brazo derecho hacia el techo rotando el torso lo máximo posible, siguiendo la mano con la mirada. Mantené 2-3 segundos. Bajá el brazo, pasalo por debajo del torso rotando en el sentido contrario, y volvé. Repetí del otro lado.","true"
"559","newExercises","Estiramiento dinámico de espalda","MOBILITY","Espalda","Peso corporal","espalda|peso_corporal|estiramiento|dinamico|columna|calentamiento","Ejercicio de movilidad dinámica de la columna vertebral que combina flexión, extensión y rotación. Mejora la flexibilidad de toda la espalda, lubrica las articulaciones y prepara el cuerpo para el entrenamiento.","Desde posición de pie con los pies separados a la anchura de los hombros, flexionate hacia adelante llevando las manos al suelo (flexión de columna). Lentamente, extendé la espalda subiendo vertebra por vertebra hasta quedar erguido. Luego, realizá rotaciones suaves del torso de lado a lado con los brazos extendidos. Coordiná todo con la respiración y movete de forma fluida y controlada.","true"
"560","newExercises","Neck rotation","MOBILITY","Cuello","Peso corporal","cuello|peso_corporal|movilidad|rotacion|cervical","Ejercicio de movilidad de rotación cervical que mejora el rango de movimiento de la cabeza y el cuello. Ayuda a aliviar tensiones cervicales y mejora la movilidad articular de la columna cervical.","Sentate o parate erguido con la espalda recta y los hombros relajados. Lentamente, girá la cabeza hacia la derecha llevando la barbilla sobre el hombro hasta donde puedas sin forzar. Mantené 3-5 segundos. Volvé al centro y repetí hacia la izquierda. Realizá el movimiento de forma lenta y controlada, evitando inclinar la cabeza hacia adelante o hacia atrás.","true"
"561","newExercises","Dislocaciones con palo en agarre ancho","MOBILITY","Hombros","Palo","hombros|palo|movilidad|manguito_rotador|calentamiento","Ejercicio de movilidad de hombros con agarre ancho en el palo. Es una variante más accesible que permite un rango de movimiento mayor, ideal para principiantes o personas con restricciones de hombros.","Parate erguido con los pies a la anchura de los hombros. Sostené un palo o bastón con ambas manos con un agarre ancho (más ancho que los hombros). Lentamente, levantá el palo por delante del cuerpo, pasalo por encima de la cabeza y bajalo por detrás de la espalda hasta donde puedas sin dolor. Volvé por el mismo camino. Mantené los brazos extendidos y el core activado. El agarre ancho facilita el movimiento.","true"
"562","newExercises","Rotación de cuello","MOBILITY","Cuello","Peso corporal","cuello|peso_corporal|movilidad|rotacion|cervical","Ejercicio de movilidad articular de la columna cervical que consiste en rotar la cabeza de lado a lado. Mejora la movilidad de las articulaciones cervicales y alivia tensiones acumuladas.","Sentate o parate erguido con la espalda recta y los hombros relajados. Mirá hacia adelante y lentamente girá la cabeza hacia la derecha hasta que la barbilla esté alineada con el hombro. Mantené 2-3 segundos. Volvé al centro y girá hacia la izquierda. Repetí de forma lenta y controlada. Evitá forzar el movimiento o compensar con los hombros.","true"
"563","newExercises","Wrist flexor stretch","MOBILITY","Antebrazos","Peso corporal","antebrazos|munecas|peso_corporal|estiramiento|movilidad","Ejercicio de movilidad que estira los músculos flexores de la muñeca y los extensores del antebrazo. Fundamental para personas que trabajan con computadoras o realizan levantamiento de pesas.","Extendé el brazo derecho frente a vos con la palma hacia arriba. Con la mano izquierda, tirá suavemente de los dedos de la mano derecha hacia abajo y hacia atrás, manteniendo el codo extendido. Sentirás el estiramiento en la parte inferior del antebrazo y la muñeca. Mantené 20-30 segundos y repetí del otro lado. El estiramiento debe ser cómodo, sin dolor.","true"
"564","newExercises","Rotación de muñeca","MOBILITY","Muñecas","Peso corporal","munecas|peso_corporal|movilidad|rotacion|articular","Ejercicio de movilidad articular de las muñecas que consiste en realizar círculos completos. Mejora la lubricación articular, el rango de movimiento y previene rigidez en las muñecas.","Extendé ambos brazos frente a vos con los codos ligeramente flexionados. Cerrá los puños suavemente. Realizá círculos completos con las muñecas hacia afuera (alejándose del cuerpo) durante 10-15 repeticiones. Luego invertí la dirección y realizá círculos hacia adentro durante 10-15 repeticiones. El movimiento debe ser suave y controlado, sin forzar.","true"
"565","newExercises","Neck chin tuck","MOBILITY","Cuello","Peso corporal","cuello|peso_corporal|postura|cervical|retraccion","Ejercicio de movilidad y corrección postural que consiste en retraer la barbilla hacia adentro. Fortalece los músculos flexores profundos del cuello y corrige la postura de cabeza hacia adelante (forward head posture).","Sentate o parate erguido con la espalda recta y los hombros relajados. Mirá hacia adelante a la altura de los ojos. Lentamente, deslizá la barbilla hacia atrás como si quisieras hacer una papada, sin inclinar la cabeza hacia arriba o hacia abajo. La sensación debe ser de alargamiento de la nuca. Mantené 3-5 segundos y relajá. Repetí 10-15 veces.","true"
"566","newExercises","Hip external rotation","MOBILITY","Cadera","Peso corporal","cadera|peso_corporal|rotacion_externa|movilidad|gluteos","Ejercicio de movilidad que mejora la rotación externa de la cadera. Fundamental para la salud articular de la cadera, la estabilidad de rodilla y la prevención de lesiones en actividades que requieren cambios de dirección.","Sentate en el suelo con las rodillas flexionadas y los pies apoyados en el suelo, separados al ancho de los hombros. Dejá caer ambas rodillas hacia afuera simultáneamente, abriendo las caderas en rotación externa. Mantené la espalda erguida y los pies en contacto con el suelo. Mantené 20-30 segundos. Para intensificar, acercá los pies más cerca del cuerpo. También podés realizarlo de forma dinámica, abriendo y cerrando las rodillas.","true"
"567","newExercises","Neck CARs","MOBILITY","Cuello","Peso corporal","cuello|peso_corporal|cars|movilidad_articular|cervical","Ejercicio de movilidad articular controlada (CARs - Controlled Articular Rotations) del cuello. Consiste en realizar círculos completos y controlados con la cabeza para explorar y mantener el máximo rango de movimiento articular cervical.","Sentate o parate erguido con la espalda recta. Lentamente, realizá un círculo completo y controlado con la cabeza: incliná la cabeza hacia un lado (oreja hacia el hombro), rotá hacia abajo (barbilla hacia el pecho), incliná hacia el otro lado y extendé hacia atrás (barbilla hacia arriba). El círculo debe ser lo más grande posible sin compensar con los hombros o la espalda. Realizá 3-5 círculos en cada dirección de forma lenta y controlada.","true"
"568","newExercises","Puente con rotación","MOBILITY","Core","Peso corporal","core|peso_corporal|gluteos|rotacion|estabilidad","Ejercicio de movilidad y activación que combina el puente de glúteos con una rotación de torso. Desarrolla fuerza de glúteos, estabilidad de core y movilidad rotatoria de la columna lumbar en un movimiento integrado.","Acostate boca arriba con las rodillas flexionadas y los pies apoyados en el suelo. Elevá la cadera formando un puente (línea recta desde hombros hasta rodillas). Manteniendo la cadera elevada, rotá el torso llevando el hombro derecho hacia el suelo mientras mantenés las caderas estables. Volvé al centro y repetí del otro lado. Bajá la cadera y repetí la secuencia.","true"
"569","newExercises","Shoulder cross-body","MOBILITY","Hombros","Peso corporal","hombros|peso_corporal|estiramiento|deltoides|movilidad","Ejercicio de estiramiento del hombro que estira el deltoides posterior y los rotadores externos. Mejora la movilidad de hombros, previene tensiones y es ideal como ejercicio de recuperación post-entrenamiento.","Parate o sentate erguido. Extendé el brazo derecho frente al cuerpo a la altura del hombro. Con la mano izquierda, tirá suavemente del codo derecho hacia el pecho y hacia la izquierda, cruzando el brazo por delante del cuerpo. Sentirás el estiramiento en la parte posterior del hombro derecho. Mantené 20-30 segundos. Evitá elevar el hombro. Repetí del otro lado.","true"
"570","newExercises","Rotación de cadera en clinch","MOBILITY","Cadera","Peso corporal","cadera|peso_corporal|rotacion|movilidad|articular","Ejercicio de movilidad articular de la cadera que consiste en realizar círculos controlados con la cadera en posición de clinch o cuadrupedia. Mejora la lubricación articular, el rango de movimiento y la salud de la articulación coxofemoral.","Desde posición de cuadrupedia (manos bajo hombros, rodillas bajo caderas), flexioná una rodilla y llevá la pierna hacia afuera en un círculo amplio, como si dibujaras un círculo con la rodilla. El movimiento debe partir de la cadera, no de la rodilla. Realizá 5-8 círculos hacia afuera y 5-8 hacia adentro con cada pierna. Mantené la espalda neutra y el core activado.","true"
"571","newExercises","Foam rolling de tríceps","MOBILITY","Antebrazos","Foam roller","brazos|triceps|foam_roller|automasaje|movilidad","Ejercicio de automasaje miofascial del músculo tríceps con foam roller. Libera tensiones en la parte posterior del brazo, mejora la recuperación muscular y aumenta la movilidad de la articulación del codo.","Arrodillate junto a un foam roller. Colocá el brazo derecho sobre el roller con la palma hacia abajo. Rodá lentamente el foam roller por la parte posterior del brazo desde el codo hasta cerca del hombro, deteniéndote 10-20 segundos en los puntos de mayor tensión. Mantené el codo ligeramente flexionado. Repetí con el brazo izquierdo. El movimiento debe ser lento y controlado.","true"
"572","newExercises","Hip CARs","MOBILITY","Cadera","Peso corporal","cadera|peso_corporal|cars|movilidad_articular|control","Ejercicio de movilidad articular controlada (CARs) de la cadera. Consiste en realizar círculos completos y controlados con la pierna para explorar y mantener el máximo rango de movimiento articular de la cadera en todas las direcciones.","Parate erguido sosteniéndote de una pared o barra para equilibrio. Elevá la pierna derecha flexionando la rodilla a 90°. Desde allí, realizá un círculo completo y controlado con la rodilla: llevá la rodilla hacia afuera (abducción), hacia arriba (flexión), hacia adentro (aducción) y hacia abajo (extensión). El círculo debe ser lo más grande posible sin compensar con la espalda o los hombros. Realizá 3-5 círculos en cada dirección con cada pierna.","true"
"573","newExercises","Shoulder CARs","MOBILITY","Hombros","Peso corporal","hombros|peso_corporal|cars|movilidad_articular|manguito_rotador","Ejercicio de movilidad articular controlada (CARs) del hombro. Consiste en realizar círculos completos y controlados con el brazo para explorar y mantener el máximo rango de movimiento articular de la articulación glenohumeral.","Parate erguido con los pies separados. Extendé el brazo derecho hacia el costado. Lentamente, realizá un círculo completo y controlado con el brazo: elevá el brazo hacia adelante y arriba, pasalo por encima de la cabeza, lleválo hacia atrás y bajalo por el costado. El círculo debe ser lo más grande posible sin compensar con el torso. Realizá 3-5 círculos en cada dirección con cada brazo. Mantené el core activado.","true"
"574","newExercises","Hip internal rotation","MOBILITY","Cadera","Peso corporal","cadera|peso_corporal|rotacion_interna|movilidad|articular","Ejercicio de movilidad que mejora la rotación interna de la cadera. La rotación interna limitada es una causa común de dolor de rodilla y espalda baja. Este ejercicio ayuda a restaurar el rango de movimiento natural.","Sentate en el suelo con las piernas extendidas. Flexioná la rodilla derecha a 90° y colocá el pie a la altura de la rodilla izquierda. Desde allí, dejá caer la rodilla derecha hacia adentro y hacia el suelo, rotando la cadera internamente. Mantené la espalda erguida. Mantené 20-30 segundos. Para una versión más intensa, realizá el ejercicio acostado boca arriba con ambas rodillas flexionadas y dejá caer ambas rodillas hacia adentro simultáneamente.","true"
"575","newExercises","Foam rolling de IT band","MOBILITY","Piernas","Foam roller","piernas|it_band|foam_roller|automasaje|tensor_fascia_lata","Ejercicio de automasaje miofascial de la banda iliotibial (IT band) con foam roller. Aunque la IT band no se estira, el foam rolling ayuda a liberar tensiones en el tensor de la fascia lata y los músculos adyacentes, mejorando la movilidad de la cadera y rodilla.","Acostate de costado con el foam roller vertical bajo la parte externa del muslo derecho (desde la cadera hasta justo arriba de la rodilla). Apoyate sobre el antebrazo derecho y el pie izquierdo en el suelo para controlar la presión. Rodá lentamente hacia arriba y hacia abajo por la zona lateral del muslo, deteniéndote 10-20 segundos en los puntos de mayor tensión. Evitá rodar directamente sobre la articulación de la cadera o la rodilla. Repetí del otro lado.","true"
"576","newExercises","Wrist mobility circles","MOBILITY","Muñecas","Peso corporal","munecas|peso_corporal|movilidad|articular|calentamiento","Ejercicio de movilidad articular de las muñecas que consiste en realizar círculos completos en ambas direcciones. Mejora la lubricación articular, el rango de movimiento y es ideal como calentamiento antes de entrenamientos de empuje o agarre.","Extendé ambos brazos frente a vos con las palmas hacia abajo. Relajá las manos y realizá círculos completos con las muñecas hacia afuera (alejándose del cuerpo) durante 10-15 repeticiones. Luego invertí la dirección y realizá círculos hacia adentro durante 10-15 repeticiones. También podés realizar el ejercicio con las palmas hacia arriba y hacia los lados para explorar diferentes rangos de movimiento. El movimiento debe ser suave y sin forzar.","true"
"577","newExercises","Postura del pez","STRETCHING","Pecho","Peso corporal","pecho|peso_corporal|espalda|flexibilidad|yoga","Postura de yoga (Matsyasana) que consiste en un arco inverso acostado boca arriba. Estira intensamente el pecho, los flexores de cadera y la parte frontal del cuello, abriendo la caja torácica y mejorando la capacidad respiratoria.","Acostate boca arriba con las piernas extendidas. Colocá las manos bajo los glúteos con las palmas hacia abajo. Presioná los antebrazos y codos contra el suelo mientras arqueás la espalda y elevás el pecho hacia el techo. Dejá caer la cabeza hacia atrás suavemente, apoyando la coronilla en el suelo. Mantené la posición 20-30 segundos respirando profundamente. Salí lentamente llevando la barbilla al pecho y bajando la espalda.","true"
"578","newExercises","Fascial stretch de fascia posterior","STRETCHING","Piernas","Peso corporal","piernas|isquiotibiales|pantorrillas|espalda_baja|fascia_posterior|peso_corporal","Ejercicio de estiramiento de la línea fascial posterior que conecta la planta del pie con la nuca. Estira de forma integrada pantorrillas, isquiotibiales, glúteos y fascia toracolumbar, mejorando la flexibilidad de toda la cadena posterior.","Sentate en el suelo con las piernas extendidas y la espalda erguida. Flexionate hacia adelante desde las caderas (no desde la espalda) llevando las manos hacia los pies o los tobillos. Mantené las rodillas ligeramente flexionadas si es necesario. Sentirás el estiramiento en la parte posterior de las piernas y la espalda baja. Mantené 30-45 segundos respirando profundamente y relajando la zona con cada exhalación.","true"
"579","newExercises","Postura del guerrero II","STRETCHING","Piernas","Peso corporal","piernas|cadera|peso_corporal|yoga|equilibrio|fortalecimiento","Postura de yoga (Virabhadrasana II) que combina estiramiento de aductores y cadera con fortalecimiento de piernas y core. Abre la cadera frontal, estira los isquiotibiales internos y desarrolla estabilidad y concentración.","Parate con los pies separados aproximadamente 1.2 metros. Girá el pie derecho 90° hacia afuera y el izquierdo ligeramente hacia adentro. Extendé los brazos a los lados a la altura de los hombros con las palmas hacia abajo. Flexioná la rodilla derecha hasta formar un ángulo de 90°, asegurándote de que la rodilla esté sobre el tobillo. Mantené la pierna izquierda extendida y el torso centrado. Mirá por encima de los dedos de la mano derecha. Mantené 30-45 segundos y repetí del otro lado.","true"
"580","newExercises","Postura del loto","STRETCHING","Cadera","Peso corporal","cadera|peso_corporal|rotacion_externa|yoga|meditacion","Postura clásica de yoga (Padmasana) que consiste en sentarse con las piernas cruzadas y los pies apoyados en las caderas opuestas. Estira profundamente las caderas en rotación externa, abre las articulaciones de la rodilla y es ideal para la meditación y la respiración.","Sentate en el suelo con la espalda erguida. Cruzá la pierna derecha colocando el pie derecho sobre el muslo izquierdo, lo más cerca posible de la cadera. Luego hacé lo mismo con la pierna izquierda, colocando el pie izquierdo sobre el muslo derecho. Mantené la espalda recta, los hombros relajados y las manos sobre las rodillas. Si no llegás al loto completo, practicá el medio loto (solo una pierna cruzada) o el postura fácil (sukhasana). Mantené 30-60 segundos.","true"
"581","newExercises","Estiramiento de espalda en extensión","STRETCHING","Espalda","Peso corporal","espalda|columna|extension|peso_corporal|flexibilidad","Ejercicio de estiramiento que arquea la columna hacia atrás en extensión, abriendo el pecho y estirando la parte frontal del cuerpo. Contrarresta las posturas flexionadas hacia adelante y mejora la movilidad de la columna torácica.","Acostate boca abajo con las manos a los costados del pecho y los codos apuntando hacia arriba. Presioná las manos contra el suelo y elevá el torso hacia arriba extendiendo los brazos. Mantené las caderas y los muslos en contacto con el suelo. Mirá hacia adelante o ligeramente hacia arriba. Sentirás el estiramiento en la parte frontal del abdomen y el pecho. Mantené 20-30 segundos respirando profundamente. Bajá controlado.","true"
"582","newExercises","Stretch de perro boca abajo","STRETCHING","Full body","Peso corporal","full_body|peso_corporal|yoga|isquiotibiales|hombros|espalda","Postura de yoga (Adho Mukha Svanasana) que estira de forma integrada isquiotibiales, pantorrillas, espalda, hombros y manos. Es una de las posturas más completas para el estiramiento de cuerpo entero y la relajación del sistema nervioso.","Desde posición de cuadrupedia, colocá las manos un poco adelante de los hombros con los dedos bien abiertos. Levantá las rodillas del suelo y elevá las caderas hacia el techo formando una V invertida. Extendé las piernas lo más posible sin forzar, llevando los talones hacia el suelo. Mantené la espalda recta y el cuello relajado entre los brazos. Presioná el pecho hacia los muslos. Mantené 30-60 segundos respirando profundamente.","true"
"583","newExercises","Pilates saw","STRETCHING","Core","Peso corporal","core|oblicuos|espalda|peso_corporal|pilates|rotacion","Ejercicio clásico de Pilates que combina flexión de tronco con rotación torácica. Estira los oblicuos, los isquiotibiales y la espalda baja, mejorando la flexibilidad de la columna y el control del core.","Sentate en el suelo con las piernas extendidas y separadas más allá del ancho de los hombros. Brazos extendidos a los lados a la altura de los hombros. Girá el torso hacia la derecha y flexionate hacia adelante llevando la mano izquierda hacia el pie derecho (la mano derecha va hacia atrás). La flexión debe partir de la cintura, no de la espalda. Mantené 2-3 segundos, volvé al centro y repetí hacia el otro lado. Realizá 4-6 repeticiones por lado.","true"
"584","newExercises","Estiramiento activo de espalda","STRETCHING","Espalda","Peso corporal","espalda|columna|peso_corporal|dinamico|flexibilidad","Ejercicio de estiramiento dinámico de la columna vertebral que combina flexión y extensión controladas. Mejora la movilidad articular de toda la espalda, lubrica los discos intervertebrales y alivia tensiones acumuladas.","Desde posición de cuadrupedia (manos bajo hombros, rodillas bajo caderas), realizá el movimiento de cat-cow de forma dinámica: arqueá la espalda hacia arriba llevando la barbilla al pecho (cat), luego invertí arqueando la espalda hacia abajo y elevando la cabeza (cow). Coordiná con la respiración: exhala en cat, inhala en cow. Realizá 10-15 repeticiones de forma lenta y controlada, enfocándote en mover cada vértebra individualmente.","true"
"585","newExercises","Fascial stretch de fascia anterior","STRETCHING","Pecho","Peso corporal","pecho|hombros|flexores_cadera|fascia_anterior|peso_corporal|postura","Ejercicio de estiramiento de la línea fascial anterior que conecta el pecho, el abdomen y los flexores de cadera. Abre la caja torácica, estira los pectorales y los flexores de cadera, contrarrestando las posturas sedentarias encorvadas.","Arrodillate con las rodillas separadas al ancho de las caderas y los pies juntos detrás de vos. Sentate sobre los talones. Luego, caminá con las manos hacia adelante y bajá el torso hacia el suelo extendiendo los brazos por delante (posición de niño). Desde allí, deslizá las manos hacia la derecha estirando el costado izquierdo, volvé al centro y deslizá hacia la izquierda. También podés realizar una versión más intensa acostado boca abajo y apoyándote sobre los antebrazos para arquear el torso hacia atrás. Mantené cada posición 20-30 segundos.","true"
"586","newExercises","Postura del guerrero III","STRETCHING","Piernas","Peso corporal","piernas|equilibrio|core|peso_corporal|yoga|isquiotibiales","Postura de yoga (Virabhadrasana III) que equilibra sobre una pierna con el torso y la otra pierna paralelos al suelo. Estira los isquiotibiales de la pierna de apoyo, fortalece el core y desarrolla concentración y equilibrio.","Parate sobre la pierna derecha con el peso centrado. Inclinate hacia adelante desde la cadera mientras elevás la pierna izquierda hacia atrás, manteniendo el torso y la pierna izquierda alineados y paralelos al suelo. Extendé los brazos hacia adelante o a los costados del cuerpo. Mantené la cadera derecha nivelada y el core activado para estabilizar. Mirá hacia el suelo unos metros adelante. Mantené 15-30 segundos y repetí del otro lado.","true"
"587","newExercises","Yoga fire log","STRETCHING","Cadera","Peso corporal","cadera|rotacion_externa|gluteos|peso_corporal|yoga","Postura de yoga (Agnistambhasana) que estira profundamente las caderas en rotación externa y los glúteos. Ideal para personas con caderas tensas y para preparar la postura del loto.","Sentate en el suelo con la espalda erguida. Colocá la pierna derecha sobre la izquierda de forma que la rodilla derecha esté directamente sobre el tobillo izquierdo y el tobillo derecho esté sobre la rodilla izquierda (como si apilases dos troncos). Si no llegás, colocá el tobillo derecho sobre la rodilla izquierda. Mantené la espalda recta y flexionate suavemente hacia adelante desde las caderas. Mantené 30-45 segundos y cambiá de lado.","true"
"588","newExercises","Fascial stretch de fascia lateral","STRETCHING","Cadera","Peso corporal","cadera|oblicuos|it_band|fascia_lateral|peso_corporal|costado","Ejercicio de estiramiento de la línea fascial lateral que conecta el pie con la cabeza por el costado del cuerpo. Estira los oblicuos, el tensor de la fascia lata, la cadera y la zona lateral del torso, mejorando la flexibilidad lateral.","Parate con los pies juntos. Cruzá la pierna derecha detrás de la izquierda. Extendé el brazo derecho por encima de la cabeza e inclinate hacia la izquierda, estirando todo el costado derecho del cuerpo. Mantené el torso en el plano frontal (no rotés hacia adelante o atrás). Sentirás el estiramiento desde la cadera derecha hasta la axila. Mantené 20-30 segundos y repetí del otro lado. También podés realizarlo sentado con las piernas cruzadas.","true"
"589","newExercises","Pilates mermaid","STRETCHING","Core","Peso corporal","core|oblicuos|cadera|espalda|peso_corporal|pilates","Ejercicio clásico de Pilates que estira los oblicuos, abre la cadera y mejora la flexibilidad lateral de la columna. Combina estiramiento con conciencia corporal y control de la respiración.","Sentate con las piernas dobladas hacia el lado derecho (rodilla derecha doblada hacia adelante, rodilla izquierda doblada hacia atrás). Colocá la mano derecha en el suelo a tu lado para estabilizar. Extendé el brazo izquierdo por encima de la cabeza e inclinate hacia la derecha estirando el costado izquierdo. Mantené la cadera en contacto con el suelo y el torso en el plano frontal. Mantené 20-30 segundos. Volvé al centro y repetí inclinándote hacia la izquierda. Cambiá la posición de las piernas y repetí del otro lado.","true"
"590","newExercises","Yoga supine twist","STRETCHING","Espalda","Peso corporal","espalda|columna|rotacion|cadera|peso_corporal|yoga","Postura de yoga (Supta Matsyendrasana) que consiste en una torsión de columna acostado boca arriba. Estira la espalda baja, los glúteos y los oblicuos, y masajea los órganos internos mediante la compresión suave del abdomen.","Acostate boca arriba con los brazos extendidos a los lados formando una T. Flexioná las rodillas y lleválas hacia el pecho. Dejá caer ambas rodillas hacia el lado derecho del cuerpo manteniendo los hombros pegados al suelo. Girá la cabeza hacia la izquierda. Mantené 30-45 segundos respirando profundamente, permitiendo que la gravedad profundice la torsión. Volvé al centro y repetí del otro lado.","true"
"591","newExercises","Relajación progresiva de cuello","STRETCHING","Cuello","Peso corporal","cuello|cervical|relajacion|peso_corporal|tension","Ejercicio de relajación progresiva que consiste en tensar y relajar conscientemente los músculos del cuello y la nuca. Reduce tensiones acumuladas, alivia dolores cervicales y mejora la conciencia corporal de la zona.","Sentate o parate erguido con los ojos cerrados. Empezá contrayendo suavemente los músculos del cuello llevando los hombros hacia las orejas. Mantené la tensión 5 segundos respirando normalmente. Luego soltá completamente los hombros dejándolos caer hacia abajo y sentí la relajación durante 10 segundos. Repetí 3-5 veces. Luego, incliná la cabeza hacia adelante (barbilla al pecho), mantené 5 segundos tensando la nuca, y soltá. Repetí inclinando hacia atrás y hacia los lados.","true"
"592","newExercises","Estiramiento PNF de hombros","STRETCHING","Hombros","Peso corporal","hombros|pnf|manguito_rotador|deltoides|peso_corporal|flexibilidad","Ejercicio de estiramiento PNF (Propiocepción Neuromuscular Facilitada) para hombros que utiliza la contracción y relajación muscular para aumentar el rango de movimiento. Ideal para mejorar la flexibilidad del manguito rotador y prevenir lesiones de hombro.","Parate junto a una pared con el lado izquierdo hacia ella. Colocá la palma de la mano izquierda contra la pared a la altura del hombro con el codo flexionado a 90°. Lentamente, girá el torso hacia la derecha alejándote de la pared hasta sentir el estiramiento en el hombro izquierdo. Mantené 10 segundos. Luego, empujá suavemente la mano contra la pared contrayendo el hombro durante 6 segundos (sin mover la posición). Relajá y girá un poco más hacia la derecha profundizando el estiramiento. Mantené 20-30 segundos. Repetí del otro lado.","true"
"593","newExercises","Yoga lizard","STRETCHING","Cadera","Peso corporal","cadera|flexores_cadera|gluteos|peso_corporal|yoga","Postura de yoga (Utthan Pristhasana) que estira profundamente los flexores de cadera, los glúteos y los aductores. Es una variación intensa del estiramiento de flexor de cadera que abre la cadera frontal de forma progresiva.","Desde posición de plancha, llevá el pie derecho al lado de la mano derecha (por fuera de la mano). Bajá la rodilla izquierda al suelo. Mantené las manos apoyadas en el suelo o bajá sobre los antebrazos para intensificar el estiramiento. Mantené la cadera derecha baja y alineada, sintiendo el estiramiento en la parte frontal de la cadera izquierda y el glúteo derecho. Mantené 30-45 segundos y repetí del otro lado.","true"
"594","newExercises","Estiramiento de tríceps","STRETCHING","Antebrazos","Peso corporal","brazos|triceps|hombros|peso_corporal|flexibilidad","Ejercicio de estiramiento clásico del músculo tríceps braquial y la porción larga del dorsal ancho. Mejora la flexibilidad de la parte posterior del brazo y el rango de movimiento de extensión del codo.","Parate o sentate erguido. Elevá el brazo derecho por encima de la cabeza doblando el codo para que la mano derecha quede entre los omóplatos. Con la mano izquierda, empujá suavemente el codo derecho hacia abajo y hacia atrás hasta sentir el estiramiento en la parte posterior del brazo. Mantené la espalda recta y el cuello relajado. Mantené 20-30 segundos y repetí con el brazo izquierdo.","true"
"595","newExercises","Yoga wide legged fold","STRETCHING","Piernas","Peso corporal","piernas|isquiotibiales|cadera|espalda_baja|peso_corporal|yoga","Postura de yoga (Prasarita Padottanasana) que consiste en una flexión hacia adelante con las piernas muy separadas. Estira intensamente los isquiotibiales, los aductores y la espalda baja, y favorece la circulación sanguínea hacia la cabeza.","Parate con los pies separados aproximadamente el doble del ancho de los hombros, con los dedos de los pies ligeramente hacia adentro y los talones hacia afuera. Colocá las manos en las caderas, inhalá profundamente y al exhalar flexionate hacia adelante desde las caderas (no desde la cintura). Bajá las manos al suelo entre los pies o agarrá los tobillos. Mantené la espalda lo más recta posible y dejá caer la cabeza relajada. Mantené 30-45 segundos respirando profundamente. Subí lentamente vertebra por vertebra.","true"
"596","newExercises","Stretch de adductor lateral","STRETCHING","Piernas","Peso corporal","piernas|aductores|cadera|peso_corporal|flexibilidad","Ejercicio de estiramiento lateral de los aductores de la cadera (músculos internos del muslo). Mejora la flexibilidad de apertura de piernas, la movilidad de cadera y previene lesiones en actividades que requieren cambios de dirección.","Arrodillate con la pierna derecha extendida hacia el lado derecho del cuerpo y el pie apoyado en el suelo. La pierna izquierda permanece doblada debajo del cuerpo. Mantené la espalda erguida y deslizá las manos hacia adelante sobre el suelo mientras mantenés la pierna derecha extendida. Sentirás el estiramiento en la parte interna del muslo derecho. Mantené 20-30 segundos y repetí del otro lado. Para una versión más intensa, apoyá los antebrazos en el suelo.","true"
"597","newExercises","Pilates spine stretch","STRETCHING","Espalda","Peso corporal","espalda|columna|flexibilidad|peso_corporal|pilates|postura","Ejercicio clásico de Pilates que consiste en una flexión y extensión controlada de la columna sentado. Mejora la flexibilidad de la espalda, la conciencia de la alineación vertebral y fortalece el control del core.","Sentate en el suelo con las piernas extendidas y separadas al ancho de los hombros. Brazos extendidos hacia adelante a la altura de los hombros. Inhalá profundamente. Al exhalar, flexionate hacia adelante desde la cintura como si quisieras doblarte por la mitad, llevando la coronilla hacia el suelo entre las piernas. Mantené la espalda redondeada y los hombros relajados. Inhalá y volvé lentamente a la posición inicial extendiendo la columna vertebra por vertebra. Realizá 5-8 repeticiones.","true"
"598","newExercises","Pilates swan","STRETCHING","Espalda","Peso corporal","espalda|columna|extension|peso_corporal|pilates|gluteos","Ejercicio de Pilates que consiste en una extensión controlada de la columna acostado boca abajo. Fortalece los extensores de la espalda, los glúteos y mejora la postura contrarrestando la flexión hacia adelante.","Acostate boca abajo con las manos a los costados del pecho y los codos apuntando hacia arriba. Las piernas extendidas y los pies ligeramente separados. Inhalá y elevá la cabeza, el pecho y los brazos del suelo extendiendo la columna. Los codos permanecen flexionados y cerca del cuerpo. Mantené la mirada hacia el suelo para no forzar el cuello. Exhalá y bajá controlado. Realizá 5-8 repeticiones, manteniendo la última 10-15 segundos.","true"
"599","newExercises","Relajación progresiva de piernas","STRETCHING","Piernas","Peso corporal","piernas|relajacion|isquiotibiales|cuadriceps|peso_corporal|recuperacion","Ejercicio de relajación progresiva que combina el estiramiento pasivo de piernas con tensión y relajación muscular consciente. Reduce la fatiga muscular, mejora la recuperación y alivia tensiones en la cadena inferior.","Acostate boca arriba cerca de una pared. Extendé las piernas hacia arriba apoyando los talones contra la pared. Mantené las piernas lo más rectas posible, sintiendo el estiramiento suave en los isquiotibiales. Empezá contrayendo los cuádriceps empujando las rodillas hacia atrás durante 5 segundos, luego relajá completamente durante 10 segundos. Repetí 3-5 veces. Luego, flexioná suavemente las rodillas hacia el pecho y abrazalas, balanceándote suavemente de lado a lado para masajear la zona lumbar.","true"
"600","newExercises","Pilates single leg stretch","STRETCHING","Core","Peso corporal","core|flexores_cadera|peso_corporal|pilates|control","Ejercicio de Pilates que combina la activación del core con el estiramiento activo de los flexores de cadera. Desarrolla control abdominal, movilidad de cadera y coordinación en un movimiento dinámico.","Acostate boca arriba con las rodillas flexionadas y las manos detrás de la cabeza. Elevá la cabeza y los hombros del suelo. Extendé la pierna derecha a 45° del suelo mientras traés la rodilla izquierda hacia el pecho, agarrándola con ambas manos. Mantené la posición 2-3 segundos sintiendo el estiramiento en el flexor de cadera derecho. Cambiá de pierna extendiendo la izquierda y trayendo la derecha al pecho. Realizá 8-10 repeticiones por pierna manteniendo el core activado y la espalda baja pegada al suelo.","true"
"601","newExercises","Postura del arco","STRETCHING","Core","Peso corporal","core|espalda|pecho|cadera|peso_corporal|yoga","Postura de yoga (Dhanurasana) que consiste en un arco completo acostado boca abajo, agarrando los tobillos con las manos. Estira intensamente el pecho, los flexores de cadera y el abdomen, fortaleciendo la espalda y los glúteos.","Acostate boca abajo con los brazos a los costados. Flexioná las rodillas y llevá los talones hacia los glúteos. Agarrá los tobillos o los empeines con las manos. Al inhalar, elevá el pecho y los muslos del suelo tirando de los pies con las manos, formando un arco con el cuerpo. Mantené la mirada hacia adelante y el cuello neutro. Mantené 15-30 segundos respirando profundamente. Bajá controlado soltando los pies lentamente.","true"
"602","newExercises","Relajación progresiva de Jacobson","STRETCHING","Full body","Peso corporal","full_body|relajacion|peso_corporal|recuperacion|estres","Técnica de relajación progresiva desarrollada por Edmund Jacobson que consiste en tensar y relajar sistemáticamente grupos musculares de todo el cuerpo. Reduce el estrés, la ansiedad y la tensión muscular generalizada.","Acostate boca arriba en un lugar cómodo y tranquilo con los ojos cerrados. Empezá por los pies: flexioná los dedos de los pies hacia el cuerpo tensando la pantorrilla durante 5-7 segundos, luego soltá completamente durante 15-20 segundos sintiendo la relajación. Continuá con las rodillas (contrayendo los cuádriceps), los glúteos, el abdomen (apretando), los hombros (llevándolos a las orejas), los brazos (puños cerrados) y la cara (frunciendo). Recorré todo el cuerpo de abajo hacia arriba. La clave está en sentir la diferencia entre tensión y relajación.","true"
"603","newExercises","Pilates double leg stretch","STRETCHING","Core","Peso corporal","core|flexores_cadera|espalda_baja|peso_corporal|pilates|control","Ejercicio de Pilates que combina la flexión del core con el estiramiento simultáneo de brazos y piernas. Desarrolla control abdominal, estabilidad lumbopélvica y coordinación en un movimiento de extensión completa del cuerpo.","Acostate boca arriba con las rodillas flexionadas hacia el pecho y las manos sobre las rodillas. Elevá la cabeza y los hombros del suelo. Inhalá y extendé simultáneamente ambas piernas a 45° del suelo y ambos brazos por encima de la cabeza, formando una línea larga con el cuerpo. Exhalá y volvé a juntar las rodillas al pecho abrazándolas con las manos. Mantené la espalda baja pegada al suelo en todo momento. Realizá 6-10 repeticiones de forma controlada.","true"
"604","newExercises","Relajación progresiva de espalda","STRETCHING","Espalda","Peso corporal","espalda|relajacion|columna|peso_corporal|recuperacion","Ejercicio de relajación progresiva enfocado en la columna vertebral que combina torsiones suaves con tensión y relajación consciente. Alivia tensiones lumbares, torácicas y cervicales acumuladas.","Acostate boca arriba con las rodillas flexionadas y los pies apoyados en el suelo. Brazos extendidos a los lados. Empezá contrayendo los músculos de la espalda baja presionando la zona lumbar contra el suelo durante 5 segundos, luego relajá dejando que la espalda adopte su curva natural durante 10 segundos. Luego, llevá ambas rodillas hacia un lado manteniendo los hombros en el suelo, tensá los oblicuos durante 5 segundos y relajá. Repetí del otro lado. Finalmente, abrazá las rodillas al pecho y balanceate suavemente de lado a lado masajeando la zona lumbar.","true"
"605","newExercises","Estiramiento activo de cadera","STRETCHING","Cadera","Peso corporal","cadera|rotacion_externa|gluteos|peso_corporal|dinamico|movilidad","Ejercicio de estiramiento dinámico de la cadera que utiliza movimientos controlados para mejorar la movilidad articular. Activa los glúteos y los rotadores externos de cadera mientras estira los flexores y los aductores.","Desde posición de cuadrupedia (manos bajo hombros, rodillas bajo caderas), llevá la rodilla derecha hacia el pecho y luego abrila hacia el lado derecho llevando la rodilla hacia el hombro derecho (movimiento de círculo externo). Volvé a la posición inicial y repetí 8-10 círculos con cada pierna. Luego, desde la misma posición, extendé la pierna derecha hacia atrás y llevála hacia el lado izquierdo cruzando por debajo del cuerpo, estirando el glúteo derecho. Mantené 2-3 segundos y volvé. Realizá 6-8 repeticiones por lado.","true"
"606","newExercises","Fascial stretch de línea media","STRETCHING","Full body","Peso corporal","full_body|espalda|columna|fascia|peso_corporal|flexibilidad","Ejercicio de estiramiento de la línea media del cuerpo que conecta la coronilla con el perine pasando por la columna vertebral. Estira la fascia profunda de la espalda, mejora la alineación postural y promueve la relajación del sistema nervioso central.","Sentate en el suelo con las piernas extendidas y la espalda erguida. Inhalá profundamente y al exhalar flexionate hacia adelante desde las caderas, extendiendo los brazos hacia los pies. Mantené la espalda lo más recta posible al principio y luego permití que se redondee suavemente dejando caer la cabeza. Sentirás el estiramiento a lo largo de toda la parte posterior del cuerpo. Mantené 30-45 segundos respirando profundamente. Para una versión más completa, realizá el estiramiento de pie con los pies juntos, flexionándote hacia adelante y dejando caer la parte superior del cuerpo completamente relajada.","true"
"607","newExercises","Postura del cisne","STRETCHING","Cadera","Peso corporal","cadera|gluteos|flexores_cadera|peso_corporal|yoga|profundo","Postura de yoga (Rajakapotasana) que consiste en una zancada profunda con la pierna delantera doblada frente al cuerpo y la trasera extendida hacia atrás. Estira intensamente los glúteos, los rotadores externos de cadera y los flexores de la pierna trasera.","Desde posición de cuadrupedia, llevá la rodilla derecha hacia adelante y colocála detrás de la muñeca derecha, extendiendo la pierna izquierda hacia atrás. La rodilla derecha puede quedar más o menos alineada con la cadera derecha según tu flexibilidad. Bajá el torso hacia adelante apoyando los antebrazos o la frente en el suelo. Mantené la cadera derecha baja y nivelada. Sentirás un estiramiento profundo en el glúteo derecho. Mantené 30-60 segundos y repetí del otro lado.","true"
"608","newExercises","Postura del perro","STRETCHING","Espalda","Peso corporal","espalda|hombros|pecho|peso_corporal|yoga|relajacion","Postura de yoga (Uttana Shishosana o puppy pose) que combina la posición de niño con los brazos extendidos hacia adelante. Estira intensamente los hombros, la axila, el pecho y la parte superior de la espalda, promoviendo la relajación profunda.","Desde posición de cuadrupedia, caminá con las manos hacia adelante manteniendo las caderas sobre las rodillas. Bajá el pecho y la frente hacia el suelo entre los brazos extendidos. Mantené los glúteos sobre las rodillas y los brazos activos, presionando las manos contra el suelo. Sentirás el estiramiento en los hombros, la axila y la parte superior de la espalda. Para intensificar, elevá los codos del suelo o apoyá la barbilla. Mantené 30-60 segundos respirando profundamente.","true"
"609","newExercises","Pilates roll up","STRETCHING","Core","Peso corporal","core|espalda|columna|peso_corporal|pilates|control","Ejercicio clásico de Pilates que consiste en levantarse del suelo vertebra por vertebra hasta sentarse y luego volver a bajar controladamente. Desarrolla control del core, flexibilidad de la columna y coordinación respiratoria.","Acostate boca arriba con las piernas extendidas y los pies flexionados (dedos hacia el cuerpo). Brazos extendidos por encima de la cabeza en el suelo. Inhalá y al exhalar elevá los brazos hacia el techo, luego la cabeza, los hombros y continuá enrollando la columna vertebra por vertebra hasta sentarte completamente con los brazos extendidos hacia adelante. Inhalá en la posición sentada. Al exhalar, bajá controladamente enrollando la columna de vuelta al suelo, vertebra por vertebra. Realizá 5-8 repeticiones. Si te cuesta, flexioná las rodillas.","true"
"610","newExercises","Yoga seated forward fold","STRETCHING","Piernas","Peso corporal","piernas|isquiotibiales|espalda_baja|peso_corporal|yoga|calmante","Postura de yoga (Paschimottanasana) que consiste en una flexión hacia adelante sentado con las piernas extendidas. Estira intensamente los isquiotibiales, la espalda baja y los músculos de la espalda, y tiene un efecto calmante sobre el sistema nervioso.","Sentate en el suelo con las piernas extendidas y juntas, los pies flexionados. Inhalá y extendé los brazos hacia arriba alargando la columna. Al exhalar, flexionate hacia adelante desde las caderas (no desde la cintura) llevando las manos hacia los pies, tobillos o rodillas según tu flexibilidad. Mantené la espalda lo más recta posible al principio y luego permití que se redondee suavemente. Bajá la cabeza relajada. Mantené 30-60 segundos respirando profundamente. Cada exhalación permite profundizar un poco más en el estiramiento.","true"
"611","newExercises","Postura del puente","STRETCHING","Core","Peso corporal","core|espalda_baja|gluteos|pecho|peso_corporal|yoga","Postura de yoga (Setu Bandhasana) que consiste en elevar la cadera desde posición supina formando un puente. Estira el pecho, los flexores de cadera y la columna cervical, fortaleciendo glúteos, core y espalda baja.","Acostate boca arriba con las rodillas flexionadas, los pies apoyados en el suelo separados al ancho de las caderas y los talones cerca de los glúteos. Brazos a los costados con las palmas hacia abajo. Presioná los pies contra el suelo y elevá la cadera hacia el techo formando un puente. Levantá el pecho hacia la barbilla y, si es posible, entrelazá las manos debajo de la espalda y extendé los brazos. Mantené los muslos y los pies paralelos. Mantené 20-45 segundos respirando profundamente. Bajá controlado vertebra por vertebra.","true"
"612","newExercises","Relajación progresiva de brazos","STRETCHING","Antebrazos","Peso corporal","brazos|hombros|relajacion|peso_corporal|recuperacion","Ejercicio de relajación progresiva enfocado en los brazos y hombros que utiliza la técnica de tensión-relajación muscular. Reduce la fatiga en brazos, alivia tensiones de hombros y mejora la circulación sanguínea en la zona.","Sentate o parate erguido con los ojos cerrados. Empezá con los puños: cerrálos con fuerza durante 5 segundos sintiendo la tensión en antebrazos y bíceps, luego abrí los puños y relajá completamente durante 10 segundos. Luego, elevá los hombros hacia las orejas tensando el trapecio durante 5 segundos y soltá dejándolos caer hacia abajo durante 10 segundos. Finalmente, extendé los brazos hacia los lados a la altura de los hombros y empujá hacia atrás tensando los hombros durante 5 segundos, luego relajá. Repetí cada secuencia 3 veces.","true"
"613","newExercises","Estiramiento de lats","STRETCHING","Espalda","Peso corporal","espalda|dorsal|hombros|axila|peso_corporal|flexibilidad","Ejercicio de estiramiento del músculo dorsal ancho (lats) que conecta la espalda baja con el húmero. Mejora la flexibilidad de la axila, el rango de movimiento de hombros y la extensión de brazos por encima de la cabeza.","Arrodillate frente a un banco o sofá bajo. Colocá los codos sobre el borde con las palmas juntas. Bajá el torso hacia adelante y hacia abajo, dejando caer el pecho entre los brazos. Sentirás el estiramiento en los lados de la espalda, las axilas y la parte superior de los brazos. Mantené la cabeza relajada entre los brazos. Mantené 30-45 segundos respirando profundamente. Para una variación, realizá el estiramiento de pie agarrando una barra con ambas manos y colgándote suavemente.","true"
"614","newExercises","Yoga lunge twist","STRETCHING","Core","Peso corporal","core|espalda|cadera|rotacion|peso_corporal|yoga","Postura de yoga (Parivrtta Anjaneyasana) que combina zancada profunda con torsión del torso. Estira los flexores de cadera, los oblicuos y la espalda, fortaleciendo el core y mejorando la movilidad rotatoria de la columna.","Desde posición de plancha, llevá el pie derecho al lado de la mano derecha en zancada profunda. Bajá la rodilla izquierda al suelo. Colocá la mano izquierda en el suelo alineada con el pie derecho. Extendé el brazo derecho hacia el techo abriendo el pecho y girando el torso hacia la derecha. Mantené la cadera derecha baja y alineada. Mirá hacia la mano derecha. Mantené 20-30 segundos y repetí del otro lado. Para una versión más intensa, mantené la rodilla trasera elevada del suelo.","true"
"615","newExercises","Postura del guerrero I","STRETCHING","Piernas","Peso corporal","piernas|cadera|pecho|peso_corporal|yoga|fortalecimiento","Postura de yoga (Virabhadrasana I) que combina zancada profunda con extensión de brazos hacia arriba. Estira los flexores de cadera de la pierna trasera, abre el pecho y fortalece piernas, glúteos y core en una postura poderosa y elevadora.","Parate con los pies separados aproximadamente 1 metro. Girá el pie izquierdo 45° hacia adentro y el derecho 90° hacia afuera. Flexioná la rodilla derecha hasta formar un ángulo de 90°, asegurándote de que la rodilla esté sobre el tobillo. Elevá ambos brazos por encima de la cabeza con las palmas juntas o separadas. Mantené el torso erguido, el pecho abierto y los hombros relajados. La pierna izquierda permanece extendida con el talón presionando hacia el suelo. Mantené 30-45 segundos y repetí del otro lado.","true"
"616","newExercises","Stretch de adductor sentado","STRETCHING","Piernas","Peso corporal","piernas|aductores|cadera|peso_corporal|flexibilidad","Ejercicio de estiramiento de los aductores de la cadera en posición sentada con las plantas de los pies juntas. Estira la parte interna de los muslos, abre la cadera y mejora la flexibilidad para apertura de piernas.","Sentate en el suelo con la espalda erguida. Juntá las plantas de los pies frente a vos de forma que las rodillas queden abiertas hacia los lados. Agarrá los tobillos o los pies con las manos. Mantené la espalda recta y empujá suavemente las rodillas hacia el suelo con los codos. Para intensificar, flexionate hacia adelante desde las caderas llevando el pecho hacia los pies. Mantené 30-45 segundos respirando profundamente. Con cada exhalación, permití que las rodillas se abran un poco más hacia el suelo.","true"
"617","newExercises","Hurdle hop","PLYOMETRIC","Piernas","Vallas","piernas|vallas|salto|pliometria|potencia|coordinacion|conos","Ejercicio pliométrico que consiste en saltar por encima de vallas o conos en secuencia continua. Desarrolla potencia de piernas, coordinación neuromuscular, velocidad de reacción y capacidad de aterrizaje estable.","Colocá una serie de vallas o conos en línea recta separados entre 60-90 cm. Parate frente a la primera valla con los pies a la anchura de los hombros. Flexioná ligeramente las rodillas y saltá por encima de la valla aterrizando con ambos pies y las rodillas flexionadas. Inmediatamente rebotá hacia la siguiente valla sin pausa. Mantené el torso erguido, el core activado y los brazos balanceándose para impulsar. Realizá 3-5 series de 6-10 saltos.","true"
"618","newExercises","Burpee con salto al cajón","PLYOMETRIC","Full body","Cajón pliométrico","full_body|cajon_pliometrico|burpee|salto|alta_intensidad|cardio","Ejercicio pliométrico de alta intensidad que combina burpee completo con salto pliométrico sobre cajón. Trabaja fuerza, potencia, resistencia cardiovascular y coordinación en un movimiento completo de cadena cinética.","Parate frente a un cajón pliométrico. Realizá un burpee completo: agachate, apoyá las manos en el suelo, saltá los pies hacia atrás en plancha, hacé una flexión de pecho, volvé a juntar los pies y desde agachado saltá explosivamente sobre el cajón aterrizando con ambos pies. Bajá controlado del cajón y repetí. Asegurate de que el cajón sea estable y de aterrizar con las rodillas flexionadas para absorber el impacto.","true"
"619","newExercises","Plyo step-jump","PLYOMETRIC","Piernas","Banco","piernas|banco|step|salto|pliometria|cuadriceps|gluteos","Ejercicio pliométrico que combina step-up explosivo con salto vertical. Desarrolla potencia de cuádriceps y glúteos, mejora la capacidad de empuje vertical y la estabilidad de tobillo y rodilla.","Colocá un banco o step a la altura de la rodilla frente a vos. Colocá el pie derecho sobre el banco. Empujá explosivamente con la pierna derecha para subir y al mismo tiempo saltá verticalmente elevando la rodilla izquierda hacia el pecho. Aterrizá con el pie derecho sobre el banco y el izquierdo en el suelo. Repetí de forma continua y rítmica durante 30-45 segundos, luego cambiá de pierna. Mantené el torso erguido y el core activado.","true"
"620","newExercises","Hurdle hop a una pierna","PLYOMETRIC","Piernas","Vallas","piernas|vallas|salto|pliometria|equilibrio|estabilidad|conos","Variante avanzada del hurdle hop realizado sobre una sola pierna. Desarrolla potencia unilateral, estabilidad de tobillo y rodilla, y equilibrio dinámico con alta demanda neuromuscular.","Colocá una serie de vallas bajas (20-30 cm) en línea recta. Parate sobre una pierna frente a la primera valla. Flexioná ligeramente la rodilla de apoyo y saltá por encima de la valla aterrizando sobre la misma pierna con la rodilla flexionada. Rebotá inmediatamente hacia la siguiente valla sin tocar el suelo con la otra pierna. Mantené el torso erguido, el core activado y los brazos balanceándose. Realizá 3-4 series de 4-6 saltos por pierna. Cambiá de pierna entre series.","true"
"621","newExercises","Lunge saltado con knee drive","PLYOMETRIC","Piernas","Peso corporal","piernas|peso_corporal|lunge|salto|pliometria|gluteos|cuadriceps","Ejercicio pliométrico que combina zancada saltada con elevación de rodilla al aterrizar. Desarrolla potencia unilateral, estabilidad de cadera y coordinación entre extensión de pierna y flexión de cadera.","Desde posición de pie, dá un paso hacia adelante con la pierna derecha en zancada. Desde el fondo de la zancada, saltá explosivamente hacia arriba cambiando las piernas en el aire y aterrizá con la pierna izquierda adelante en zancada. Al aterrizar, elevá inmediatamente la rodilla derecha hacia el pecho impulsándote sobre la pierna izquierda. Bajá la rodilla derecha al suelo en zancada y repetí el ciclo. Mantené el torso erguido y el core activado. Realizá 3-4 series de 8-10 repeticiones totales.","true"
"622","newExercises","Plyo step-over","PLYOMETRIC","Piernas","Cajón pliométrico","piernas|cajon_pliometrico|salto|pliometria|coordinacion","Ejercicio pliométrico que consiste en saltar lateralmente por encima del cajón de un lado a otro. Desarrolla potencia de piernas en el plano frontal, estabilidad lateral de rodilla y coordinación en movimientos de cambio de dirección.","Colocá un cajón pliométrico de pie. Parate de un lado del cajón con los pies juntos. Flexioná ligeramente las rodillas y saltá lateralmente por encima del cajón aterrizando con ambos pies del otro lado con las rodillas flexionadas. Inmediatamente rebotá de vuelta al lado original. Mantené el core activado, el torso erguido y aterrizá suave con las rodillas alineadas con los pies. Realizá 3-4 series de 10-12 saltos totales.","true"
"623","newExercises","Burpee con pull-up","PLYOMETRIC","Full body","Barra de dominadas","full_body|barra_dominadas|burpee|dominada|alta_intensidad","Ejercicio pliométrico de alta intensidad que combina burpee con dominada explosiva. Trabaja fuerza de tren superior e inferior, potencia de agarre y resistencia cardiovascular en un movimiento completo.","Parate debajo de una barra de dominadas. Realizá un burpee completo: agachate, apoyá las manos en el suelo, saltá los pies hacia atrás en plancha, hacé una flexión de pecho, volvé a juntar los pies y saltá hacia arriba agarrando la barra de dominadas. Realizá inmediatamente una dominada explosiva llevando la barbilla por encima de la barra. Bajá controlado, soltá la barra y repetí. Mantené el core firme en todo momento. Realizá 3-4 series de 4-6 repeticiones.","true"
"624","newExercises","Medicine ball rotational throw","PLYOMETRIC","Core","Balón medicinal","core|balon_medicinal|rotacion|potencia|oblicuos|explosividad","Ejercicio pliométrico de rotación con balón medicinal lanzado contra la pared. Desarrolla potencia rotatoria de core, fuerza de oblicuos y transferencia de energía de la cadena cinética inferior al tren superior.","Parate de lado a una pared sólida con los pies separados a la anchura de los hombros, a aproximadamente un metro de la pared. Sostené un balón medicinal con ambas manos a la altura del pecho. Girá el torso lejos de la pared cargando el peso en la pierna trasera. Desde allí, girá explosivamente hacia la pared lanzando el balón contra ella con fuerza. Atrapá el rebote, volvé a la posición de carga y repetí. Realizá 3 series de 8-10 lanzamientos por lado. Mantené el core activado y la base estable.","true"
"625","newExercises","Lunge saltado","PLYOMETRIC","Piernas","Peso corporal","piernas|peso_corporal|lunge|salto|pliometria|potencia","Ejercicio pliométrico clásico que consiste en una zancada saltada cambiando de pierna en el aire. Desarrolla potencia unilateral, estabilidad de cadera y coordinación en un movimiento funcional de desplazamiento.","Desde posición de pie con los pies juntos, dá un paso hacia adelante con la pierna derecha en zancada profunda (ambas rodillas a 90°). Desde el fondo de la zancada, saltá explosivamente hacia arriba cambiando las piernas en el aire y aterrizá con la pierna izquierda adelante en zancada. Inmediatamente rebotá hacia la siguiente repetición. Mantené el torso erguido, el core activado y los brazos balanceándose para impulsar. Realizá 3-4 series de 10-12 repeticiones totales.","true"
"626","newExercises","Push-up explosivo","PLYOMETRIC","Pecho","Peso corporal","pecho|peso_corporal|push_up|explosivo|potencia|triceps","Ejercicio pliométrico de tren superior que consiste en una flexión de pecho explosiva donde las manos despegan del suelo. Desarrolla potencia de empuje, velocidad de contracción muscular y fuerza de tríceps y hombros.","Desde posición de plancha alta con las manos bajo los hombros y el cuerpo en línea recta, bajá en flexión de pecho hasta que el pecho casi toque el suelo. Desde el fondo, empujá explosivamente hacia arriba hasta que las manos despeguen del suelo. Podés mantener las manos en el mismo lugar o añadir una palmada. Aterrizá suavemente con los codos ligeramente flexionados y repetí inmediatamente. Mantené el core firme y la espalda neutra. Realizá 3-4 series de 6-10 repeticiones.","true"
"627","newExercises","Depth drop jump","PLYOMETRIC","Piernas","Cajón pliométrico","piernas|cajon_pliometrico|salto|pliometria|potencia|aterrizaje","Ejercicio pliométrico avanzado que consiste en caer desde una altura y rebotar inmediatamente en un salto vertical. Desarrolla el reflejo de estiramiento-acortamiento (stretch-shortening cycle), potencia de reacción y capacidad de aterrizaje.","Parate sobre un cajón pliométrico de 30-60 cm de altura. Saltá hacia adelante desde el cajón (no te bajes, saltá) y al tocar el suelo con ambos pies, rebotá inmediatamente en un salto vertical máximo elevando los brazos hacia arriba. Aterrizá del salto vertical con las rodillas flexionadas. El contacto con el suelo debe ser breve (menos de 0.2 segundos). Mantené el torso erguido y el core activado. Realizá 3-4 series de 4-6 repeticiones con descansos completos entre series.","true"
"628","newExercises","Salto al cajón lateral","PLYOMETRIC","Piernas","Cajón pliométrico","piernas|cajon_pliometrico|salto|pliometria|lateral|gluteos","Ejercicio pliométrico de salto lateral sobre cajón. Desarrolla potencia de piernas en el plano frontal, estabilidad lateral de cadera y rodilla, y capacidad de cambio de dirección explosivo.","Colocá un cajón pliométrico de pie. Parate de un lado del cajón con los pies juntos y las rodillas ligeramente flexionadas. Saltá lateralmente sobre el cajón aterrizando con ambos pies y las rodillas flexionadas. Bajá controlado al otro lado o rebotá inmediatamente de vuelta. Mantené el core activado, las caderas niveladas y aterrizá suave. Las rodillas deben alinearse con los pies, sin desviarse hacia adentro. Realizá 3-4 series de 8-10 saltos totales.","true"
"629","newExercises","Jump tuck","PLYOMETRIC","Piernas","Peso corporal","piernas|peso_corporal|salto|pliometria|cuadriceps|cardio","Ejercicio pliométrico que consiste en un salto vertical máximo llevando las rodillas hacia el pecho. Desarrolla potencia de cuádriceps y flexores de cadera, velocidad de contracción y resistencia cardiovascular de alta intensidad.","Parate con los pies separados a la anchura de los hombros. Flexioná ligeramente las rodillas y realizá un salto vertical máximo llevando ambas rodillas hacia el pecho y agarrándolas con las manos. Extendé las piernas antes de aterrizar y bajá con las rodillas flexionadas para absorber el impacto. Inmediatamente rebotá en el siguiente salto. Mantené el torso erguido y el core activado. Realizá 3-4 series de 8-12 saltos.","true"
"630","newExercises","Jump pike","PLYOMETRIC","Core","Peso corporal","core|peso_corporal|salto|pliometria|abdominales|flexibilidad","Ejercicio pliométrico que combina salto vertical con pike (flexión de cadera) en el aire. Desarrolla potencia de core, control de flexión de cadera y coordinación aérea en un movimiento acrobático controlado.","Parate con los pies separados a la anchura de los hombros. Realizá un salto vertical y en el punto más alto del salto, flexioná las caderas llevando las piernas rectas hacia adelante y las manos hacia los pies formando una V invertida en el aire. Extendé las piernas antes de aterrizar y bajá con las rodillas ligeramente flexionadas. Mantené el core firme durante todo el movimiento. Realizá 3 series de 6-8 repeticiones.","true"
"631","newExercises","Sprint con trineo","PLYOMETRIC","Piernas","Trineo (sled)","piernas|trineo|sprint|potencia|resistencia|aceleracion","Ejercicio pliométrico-resistencia que consiste en realizar sprints arrastrando un trineo cargado. Desarrolla potencia de aceleración, fuerza de empuje horizontal y resistencia anaeróbica con alta demanda de cadena posterior.","Cargá un trineo con peso adecuado a tu nivel (generalmente entre 20-50% de tu peso corporal). Agachate y agarrá las asas del trineo con los brazos extendidos y el torso inclinado hacia adelante. Desde esta posición, acelerá explosivamente en sprint durante 10-20 metros empujando el trineo con máxima potencia. Mantené una zancada larga, los brazos activos y el core firme. Caminá de vuelta para recuperar. Realizá 4-6 series con descansos completos.","true"
"632","newExercises","Salto al cajón trasero","PLYOMETRIC","Piernas","Cajón pliométrico","piernas|cajon_pliometrico|salto|pliometria|posterior|gluteos","Ejercicio pliométrico que consiste en saltar hacia atrás sobre un cajón. Desarrolla potencia de cadena posterior, propiocepción espacial y capacidad de aterrizaje en una dirección no habitual, mejorando la coordinación y la estabilidad.","Colocá un cajón pliométrico detrás de vos (30-50 cm de altura). Parate frente al cajón con los pies separados a la anchura de los hombros. Flexioná ligeramente las rodillas y saltá hacia atrás aterrizando con ambos pies sobre el cajón con las rodillas flexionadas. Mantené el equilibrio sobre el cajón por un instante, luego bajá controlado al suelo dando un paso hacia adelante. Girá y repetí. Mantené el torso erguido y el core activado. Realizá 3 series de 6-8 repeticiones.","true"
"633","newExercises","Depth landing","PLYOMETRIC","Piernas","Cajón pliométrico","piernas|cajon_pliometrico|aterrizaje|estabilidad|propiocepcion","Ejercicio pliométrico de aterrizaje controlado desde altura. Se enfoca exclusivamente en la capacidad de absorción de impacto, la estabilidad de rodilla y el control neuromuscular del aterrizaje, sin componente de salto posterior.","Parate sobre un cajón pliométrico de 30-60 cm de altura. Saltá hacia adelante desde el cajón (no te bajes, saltá) y aterrizá con ambos pies en el suelo con las rodillas profundamente flexionadas (sentadilla profunda). El objetivo es aterrizar lo más suave posible, sin ruido, manteniendo las rodillas alineadas con los pies y el torso erguido. Mantené la posición de aterrizaje 2-3 segundos antes de volver al cajón. Realizá 3-4 series de 4-6 repeticiones.","true"
"634","newExercises","Plyo lateral step-up","PLYOMETRIC","Piernas","Banco","piernas|banco|step|salto|pliometria|lateral|aductores","Ejercicio pliométrico de step-up lateral con componente de salto. Desarrolla potencia de piernas en el plano frontal, fuerza de aductores y estabilidad lateral de cadera en un movimiento unilateral explosivo.","Colocá un banco o step a tu lado. Parate junto al banco con el pie más cercano apoyado sobre él. Empujá explosivamente con esa pierna para saltar lateralmente hacia arriba, llevando la otra rodilla hacia el pecho. Aterrizá sobre el banco con el pie de apoyo y bajá controlado al suelo del mismo lado. Mantené el torso erguido, el core activado y evitá que la rodilla de apoyo se desvíe hacia adentro. Realizá 3 series de 8-10 repeticiones por lado.","true"
"635","newExercises","Salto con banda","PLYOMETRIC","Piernas","Banda","piernas|banda_elastica|salto|pliometria|resistencia|potencia","Ejercicio pliométrico de salto vertical con resistencia de banda elástica. La banda añade resistencia al movimiento de extensión de caderas, aumentando la demanda de potencia y la activación de glúteos y cuádriceps.","Colocá una banda elástica de resistencia alrededor de los muslos, justo arriba de las rodillas. Parate con los pies separados a la anchura de los hombros, manteniendo tensión en la banda. Flexioná las rodillas en sentadilla y saltá verticalmente extendiendo completamente caderas y rodillas contra la resistencia de la banda. Aterrizá con las rodillas ligeramente flexionadas manteniendo la tensión en la banda. Inmediatamente rebotá en el siguiente salto. Realizá 3 series de 10-12 saltos.","true"
"636","newExercises","Depth landing con salto","PLYOMETRIC","Piernas","Cajón pliométrico","piernas|cajon_pliometrico|salto|pliometria|reactividad|potencia","Ejercicio pliométrico que combina aterrizaje desde altura con salto inmediato. Desarrolla el reflejo de estiramiento-acortamiento, la reactividad del sistema neuromuscular y la capacidad de transición rápida de excéntrico a concéntrico.","Colocá dos cajones pliométricos: uno para saltar (30-50 cm) y otro más bajo o al mismo nivel a 1-2 metros de distancia. Parate sobre el cajón alto. Saltá hacia adelante aterrizando con ambos pies entre los cajones. Al tocar el suelo, rebotá inmediatamente en un salto hacia adelante aterrizando sobre el segundo cajón. El contacto con el suelo debe ser mínimo. Mantené el torso erguido, el core activado y las rodillas alineadas. Realizá 3-4 series de 4-6 repeticiones.","true"
"637","newExercises","Sprint de reacción","PLYOMETRIC","Piernas","Peso corporal","piernas|peso_corporal|sprint|reactividad|aceleracion|velocidad","Ejercicio pliométrico de sprint que enfatiza la reactividad y la salida explosiva desde posiciones variadas. Desarrolla velocidad de reacción, potencia de aceleración y coordinación de arranque en respuesta a estímulos.","Parate en posición de salida atlética (rodillas flexionadas, torso inclinado, una pierna adelante). Tu compañero o entrenador da una señal visual o auditiva (aplauso, silbato o gesto). Al recibir la señal, acelerá explosivamente en sprint durante 10-20 metros. Variá la posición de salida: sentado, acostado boca abajo, de espaldas, o desde una zancada. El objetivo es minimizar el tiempo de reacción y maximizar la potencia de la primera zancada. Realizá 6-8 series con descansos completos.","true"
"638","newExercises","Plyo step-down","PLYOMETRIC","Piernas","Banco","piernas|banco|step|pliometria|control|estabilidad","Ejercicio pliométrico que consiste en bajar controladamente de un banco y rebotar inmediatamente. Desarrolla control excéntrico de cuádriceps, estabilidad de rodilla y capacidad de transición rápida de excéntrico a concéntrico.","Colocá un banco o step a la altura de la rodilla. Parate sobre el banco con ambos pies. Saltá hacia adelante desde el banco aterrizando con un solo pie en el suelo con la rodilla profundamente flexionada (sentadilla profunda unilateral). Mantené la posición de aterrizaje 1-2 segundos controlando la estabilidad, luego subí al banco y repetí con la otra pierna. Mantené el torso erguido, el core activado y la rodilla de aterrizaje alineada con el pie. Realizá 3 series de 6-8 repeticiones por pierna.","true"
"639","newExercises","Medicine ball chest pass","PLYOMETRIC","Pecho","Balón medicinal","pecho|balon_medicinal|empuje|potencia|triceps|explosividad","Ejercicio pliométrico de empuje con balón medicinal lanzado desde el pecho. Desarrolla potencia de empuje horizontal, velocidad de contracción de pectorales y transferencia de energía de piernas a brazos.","Parate frente a una pared sólida o un compañero a aproximadamente 2-3 metros de distancia. Sostené un balón medicinal con ambas manos a la altura del pecho, codos flexionados a los lados. Flexioná ligeramente las rodillas y cargá el peso hacia atrás. Desde allí, extendé explosivamente las piernas y los brazos simultáneamente lanzando el balón contra la pared o a tu compañero con máxima fuerza. Atrapá el rebote o la devolución y repetí inmediatamente. Mantené el core firme y la base estable. Realizá 3 series de 8-10 lanzamientos.","true"
"640","newExercises","Sprint con paracaídas","PLYOMETRIC","Piernas","Paracaídas de resistencia","piernas|paracaidas|sprint|resistencia|aceleracion|potencia","Ejercicio pliométrico-resistencia que consiste en realizar sprints con un paracaídas de resistencia atado a la cintura. El paracaídas crea resistencia aerodinámica que obliga a generar más potencia de aceleración y fuerza de empuje.","Colocá un cinturón con paracaídas de resistencia alrededor de la cintura. Parate en posición de salida atlética. Acelerá explosivamente en sprint durante 20-30 metros manteniendo la técnica de carrera: zancada larga, brazos activos, torso inclinado hacia adelante. El paracaídas se abrirá detrás de vos creando resistencia. Mantené la intensidad máxima durante todo el recorrido. Caminá de vuelta para recuperar. Realizá 4-6 series con descansos completos.","true"
"641","newExercises","Jump bounding","PLYOMETRIC","Piernas","Peso corporal","piernas|peso_corporal|salto|pliometria|coordinacion|propiocepcion","Ejercicio pliométrico de saltos consecutivos que combina saltos de longitud y altura en secuencia. Desarrolla potencia de piernas, coordinación de brazos y piernas, y elasticidad del tendón de Aquiles en un movimiento rítmico continuo.","Parate con los pies juntos. Realizá un salto de longitud hacia adelante aterrizando sobre un solo pie. Inmediatamente rebotá en un salto de altura elevando la rodilla del pie de aterrizaje hacia el pecho. Al bajar, aterrizá sobre el otro pie y rebotá en otro salto de longitud. Continuá esta secuencia de bounding (salto largo-salto alto) durante 20-30 metros. Mantené el torso erguido, los brazos balanceándose vigorosamente y el core activado. Realizá 3-4 series con descansos completos.","true"
"642","newExercises","Burpee con muscle-up","PLYOMETRIC","Full body","Barra de dominadas","full_body|barra_dominadas|burpee|muscle_up|alta_intensidad|fuerza","Ejercicio pliométrico de máxima intensidad que combina burpee con muscle-up en barra. Es uno de los ejercicios más demandantes que trabaja fuerza, potencia y resistencia de todo el cuerpo en un movimiento continuo.","Parate debajo de una barra de dominadas alta. Realizá un burpee completo: agachate, apoyá las manos en el suelo, saltá los pies hacia atrás en plancha, hacé una flexión de pecho, volvé a juntar los pies y saltá hacia arriba agarrando la barra. Desde el hang, realizá un muscle-up completo: tirá explosivamente de la barba hacia arriba y hacé una transición rápida para empujar con los brazos hasta quedar con los brazos extendidos sobre la barra. Bajá controlado, soltá la barra y repetí. Realizá 2-3 series de 3-5 repeticiones.","true"
"643","newExercises","Plyo step-up","PLYOMETRIC","Piernas","Banco","piernas|banco|step|salto|pliometria|cuadriceps|gluteos","Ejercicio pliométrico de step-up explosivo sobre banco. Desarrolla potencia de cuádriceps y glúteos, mejora la capacidad de empuje vertical unilateral y la estabilidad de tobillo y rodilla.","Colocá un banco o step a la altura de la rodilla frente a vos. Colocá el pie derecho sobre el banco. Empujá explosivamente con la pierna derecha para subir y al mismo tiempo elevá la rodilla izquierda hacia el pecho. Aterrizá con el pie derecho sobre el banco y el izquierdo en el suelo. Bajá controlado y repetí de forma continua durante 30-45 segundos, luego cambiá de pierna. Mantené el torso erguido y el core activado. Evitá empujar con la pierna trasera.","true"
"644","newExercises","Jump straddle","PLYOMETRIC","Piernas","Peso corporal","piernas|peso_corporal|salto|pliometria|aductores|abductores|coordinacion","Ejercicio pliométrico que consiste en un salto vertical con apertura y cierre de piernas en el aire. Desarrolla potencia de aductores y abductores, coordinación aérea y control de la cadera en un movimiento dinámico.","Parate con los pies juntos. Realizá un salto vertical y en el aire separá las piernas hacia los lados formando una V invertida con el cuerpo (straddle). Antes de aterrizar, juntá las piernas de nuevo y bajá con las rodillas ligeramente flexionadas. Inmediatamente rebotá en el siguiente salto. Mantené el core firme, los brazos extendidos hacia los lados para equilibrio y el control del movimiento en el aire. Realizá 3 series de 10-12 saltos.","true"
"645","newExercises","Burpee lateral","PLYOMETRIC","Full body","Peso corporal","full_body|peso_corporal|burpee|lateral|cardio|alta_intensidad","Variante de burpee que añade un salto lateral al final del movimiento. Combina fuerza de tren superior e inferior con desplazamiento lateral, desarrollando resistencia cardiovascular, potencia y coordinación en el plano frontal.","Desde de pie, agachate y apoyá las manos en el suelo. Saltá los pies hacia atrás en plancha, hacé una flexión de pecho, volvé a juntar los pies y desde agachado saltá lateralmente hacia un lado aterrizando con ambos pies. Inmediatamente realizá el siguiente burpee saltando hacia el lado opuesto. Mantené el core firme y la espalda neutra durante todo el movimiento. Realizá 3-4 series de 8-10 burpees totales (4-5 por lado).","true"
"646","newExercises","Burpee con box jump","PLYOMETRIC","Full body","Cajón pliométrico","full_body|cajon_pliometrico|burpee|salto|alta_intensidad|cardio","Ejercicio pliométrico de alta intensidad que combina burpee con salto pliométrico sobre cajón. Trabaja fuerza, potencia, resistencia cardiovascular y coordinación en un movimiento completo y exigente.","Parate frente a un cajón pliométrico. Realizá un burpee completo: agachate, apoyá las manos en el suelo, saltá los pies hacia atrás en plancha, hacé una flexión de pecho, volvé a juntar los pies y desde agachado saltá explosivamente sobre el cajón aterrizando con ambos pies. Bajá controlado del cajón y repetí. Mantené el core firme, la espalda neutra y aterrizá con las rodillas flexionadas para absorber el impacto. Realizá 3-4 series de 6-8 repeticiones.","true"
"647","newExercises","Push-up con palmada","PLYOMETRIC","Pecho","Peso corporal","pecho|peso_corporal|push_up|explosivo|triceps|potencia","Ejercicio pliométrico de tren superior que consiste en una flexión de pecho explosiva con palmada en el aire. Desarrolla potencia máxima de empuje, velocidad de contracción muscular y coordinación de manos.","Desde posición de plancha alta con las manos bajo los hombros y el cuerpo en línea recta, bajá en flexión de pecho hasta que el pecho casi toque el suelo. Empujá explosivamente hacia arriba hasta que las manos despeguen del suelo y palméa rápidamente antes de volver a apoyarlas. Aterrizá suavemente con los codos ligeramente flexionados y repetí inmediatamente. Mantené el core firme y la espalda neutra. Si la palmada es muy difícil, empezá con push-ups explosivos sin palmada. Realizá 3-4 series de 6-10 repeticiones.","true"
"648","newExercises","Lunge saltado con switch","PLYOMETRIC","Piernas","Peso corporal","piernas|peso_corporal|lunge|salto|pliometria|coordinacion","Variante avanzada de lunge saltado que añade un cambio de dirección en el aire. Desarrolla potencia unilateral, agilidad, coordinación y capacidad de cambio de dirección explosivo.","Desde posición de pie, dá un paso hacia adelante con la pierna derecha en zancada profunda. Desde el fondo de la zancada, saltá explosivamente hacia arriba y girá 180° en el aire cambiando las piernas. Aterrizá con la pierna izquierda adelante en zancada mirando hacia la dirección opuesta. Inmediatamente rebotá en el siguiente salto girando 180° de vuelta. Mantené el torso erguido, el core activado y aterrizá suave con las rodillas flexionadas. Realizá 3 series de 8-10 repeticiones totales.","true"
"649","newExercises","Yoga dancer","BALANCE","Piernas","Peso corporal","piernas|peso_corporal|yoga|equilibrio|flexibilidad|cadera","Postura de yoga (Natarajasana) que consiste en equilibrarse sobre una pierna mientras se sostiene el pie trasero con la mano y se extiende el torso hacia adelante. Desarrolla equilibrio unilateral, flexibilidad de cadera y cuádriceps, y concentración mental.","Parate sobre la pierna izquierda con el peso centrado. Flexioná la rodilla derecha hacia atrás y agarrá el pie derecho con la mano derecha por dentro (por el arco del pie). Extendé el brazo izquierdo hacia adelante a la altura del hombro como contrapeso. Lentamente, inclinate hacia adelante desde la cadera elevando la pierna derecha hacia atrás y arriba. Mantené la mirada en un punto fijo al frente. Mantené la posición 20-30 segundos y repetí del otro lado.","true"
"650","newExercises","Deadlift unilateral","BALANCE","Piernas","Mancuerna","piernas|mancuerna|equilibrio|posterior|gluteos|isquiotibiales|kettlebell","Ejercicio de equilibrio y fuerza que consiste en un peso muerto realizado sobre una sola pierna. Desarrolla fuerza de cadena posterior, estabilidad de cadera y tobillo, y control del core en un movimiento unilateral exigente.","Parate sobre la pierna derecha con una mancuerna o kettlebell en la mano izquierda. Mantené la espalda neutra y el core activado. Flexionate hacia adelante desde la cadera extendiendo la pierna izquierda hacia atrás como contrapeso. Bajá el peso hacia el suelo manteniendo la espalda recta y la pierna de apoyo ligeramente flexionada. Volvé a la posición inicial contrayendo el glúteo de la pierna de apoyo. Mantené el equilibrio durante todo el movimiento. Realizá 8-10 repeticiones y cambiá de lado.","true"
"651","newExercises","Sentadilla shrimp","BALANCE","Piernas","Peso corporal","piernas|peso_corporal|sentadilla|equilibrio|movilidad|cuadriceps","Ejercicio de equilibrio y fuerza que consiste en una sentadilla profunda sobre una pierna con la otra pierna agarrada por detrás. Desarrolla fuerza de cuádriceps, movilidad de cadera y tobillo, y equilibrio unilateral avanzado.","Parate sobre la pierna derecha. Flexioná la rodilla izquierda hacia atrás y agarrá el pie izquierdo con la mano izquierda (o dejá la mano libre para equilibrio). Desde allí, bajá en sentadilla profunda sobre la pierna derecha manteniendo el torso erguido y el pie izquierdo cerca del glúteo. La rodilla derecha debe alinearse con el pie. Bajá lo más profundo que puedas manteniendo el equilibrio. Subí extendiendo la pierna derecha. Realizá 5-8 repeticiones y cambiá de lado.","true"
"652","newExercises","Puente con banda","BALANCE","Core","Banda","core|banda_elastica|gluteos|estabilidad|activacion","Ejercicio de equilibrio y activación que consiste en elevar la cadera desde posición supina con resistencia de banda elástica. Desarrolla fuerza de glúteos, estabilidad de core y control lumbopélvico con resistencia variable.","Acostate boca arriba con las rodillas flexionadas y los pies apoyados en el suelo. Colocá una banda elástica alrededor de los muslos, justo arriba de las rodillas. Elevá la cadera del suelo formando un puente (línea recta desde hombros hasta rodillas). Mantené la posición y, sin bajar la cadera, empujá las rodillas hacia afuera contra la resistencia de la banda. Mantené la tensión 3-5 segundos y relajá. También podés realizar puentes alternando la elevación de una pierna manteniendo la cadera estable. Realizá 10-15 repeticiones.","true"
"653","newExercises","Sentadilla sissy","BALANCE","Piernas","Peso corporal","piernas|peso_corporal|sentadilla|cuadriceps|equilibrio|rodilla","Ejercicio de equilibrio y fuerza que consiste en una sentadilla con los talones apoyados y las rodillas flexionándose hacia adelante. Desarrolla fuerza extrema de cuádriceps, estabilidad de rodilla y flexibilidad de tobillo en un movimiento controlado.","Arrodillate en el suelo con los talones apoyados debajo de los glúteos (podés usar una almohadilla bajo las rodillas). Cruzá los brazos sobre el pecho o extendélos hacia adelante. Lentamente, inclinate hacia atrás manteniendo la línea recta del torso desde las rodillas hasta la cabeza. Bajá lo más que puedas sin perder el control, sintiendo el trabajo intenso en los cuádriceps. Volvé a la posición inicial empujando con los cuádriceps. Si es muy difícil, agarrate de una barra o pared para asistencia. Realizá 6-10 repeticiones.","true"
"654","newExercises","Stability ball plank circle","BALANCE","Core","Fitball","core|fitball|plancha|estabilidad|oblicuos|control","Ejercicio de equilibrio y estabilidad que consiste en realizar círculos con los codos sobre un fitball en posición de plancha. Desarrolla estabilidad de core, control rotatorio y resistencia de hombros en un movimiento dinámico e inestable.","Colocá los antebrazos sobre un fitball y extendé las piernas hacia atrás en posición de plancha. Mantené el cuerpo en línea recta desde la cabeza hasta los talones. Desde allí, realizá círculos lentos y controlados con los antebrazos sobre el fitball, moviendo la pelota en círculos amplios. El movimiento debe partir del core, no de los hombros. Mantené las caderas estables y evitá que se caigan o se eleven. Realizá 5-8 círculos en cada dirección.","true"
"655","newExercises","Lunge con banda","BALANCE","Piernas","Banda","piernas|banda_elastica|lunge|equilibrio|gluteos|cuadriceps","Ejercicio de equilibrio y fuerza que consiste en una zancada con resistencia de banda elástica anclada. La banda añade resistencia lateral que obliga al core a estabilizar, mejorando el equilibrio y la fuerza unilateral.","Anclá una banda elástica baja a una base firme. Colocá la banda alrededor de la cintura o el muslo. Parate de espaldas al anclaje con la banda tensa. Dá un paso hacia adelante con una pierna en zancada profunda, resistiendo la tracción de la banda que te tira hacia atrás. Mantené el torso erguido, el core activado y la rodilla de la pierna delantera alineada con el pie. Volvé a la posición inicial y repetí. Realizá 10-12 repeticiones por pierna.","true"
"656","newExercises","Row en TRX unilateral","BALANCE","Espalda","TRX","espalda|trx|row|equilibrio|unilateral|estabilidad","Ejercicio de equilibrio y fuerza que consiste en un remo unilateral con TRX. El TRX inestable obliga al core a estabilizar mientras se trabaja la espalda y los bíceps en un movimiento de tracción unilateral.","Ajustá las asas del TRX a la altura del pecho. Agarrá una sola asa con la mano derecha y inclinate hacia atrás con el brazo extendido, manteniendo el cuerpo en línea recta desde los talones hasta la cabeza. Tirá de la asa hacia el pecho flexionando el codo y llevando el hombro hacia atrás. Mantené la cadera estable y el core activado para evitar rotar el torso. Bajá controlado extendiendo el brazo. Realizá 8-10 repeticiones y cambiá de lado.","true"
"657","newExercises","Equilibrio en una pierna con peso","BALANCE","Piernas","Mancuernas","piernas|mancuernas|equilibrio|propiocepcion|estabilidad|tobillo|kettlebells","Ejercicio de equilibrio que consiste en mantener la posición sobre una pierna mientras se realizan movimientos con peso. Desarrolla propiocepción, estabilidad de tobillo y rodilla, y fuerza de core en un desafío unilateral.","Parate sobre la pierna derecha con una mancuerna o kettlebell en cada mano. Mantené la rodilla de la pierna de apoyo ligeramente flexionada y el core activado. Elevá la pierna izquierda del suelo flexionando la rodilla a 90°. Desde allí, realizá un movimiento con las mancuernas (puede ser press de hombros, curl de bíceps o simplemente mantenerlas a los costados). El desafío está en mantener el equilibrio mientras realizás el movimiento de brazos. Mantené la posición 20-30 segundos o realizá 8-10 repeticiones. Cambiá de pierna.","true"
"658","newExercises","Yoga eagle","BALANCE","Piernas","Peso corporal","piernas|peso_corporal|yoga|equilibrio|cadera|hombros","Postura de yoga (Garudasana) que consiste en equilibrarse sobre una pierna con las piernas y los brazos entrelazados. Desarrolla equilibrio, concentración, movilidad de cadera y hombros, y fortalece los estabilizadores del tobillo.","Parate sobre la pierna izquierda. Cruzá la pierna derecha por delante de la izquierda envolviéndola alrededor (el pie derecho puede quedar detrás de la pantorrilla izquierda o apoyarse en el suelo como modificación). Cruzá los brazos por delante del pecho con el codo derecho por debajo del izquierdo, llevando las palmas juntas o agarrando los hombros. Flexioná las rodillas en sentadilla manteniendo el equilibrio. Mantené la mirada en un punto fijo al frente. Mantené 20-30 segundos y repetí del otro lado.","true"
"659","newExercises","Lunge con fitball","BALANCE","Piernas","Fitball","piernas|fitball|lunge|equilibrio|estabilidad|core","Ejercicio de equilibrio que consiste en una zancada con la pierna trasera apoyada sobre un fitball. La inestabilidad del fitball obliga al core a estabilizar intensamente mientras se trabaja fuerza de piernas.","Colocá un fitball detrás de vos. Parate con la pierna derecha adelante y la pierna izquierda extendida hacia atrás con el empeine apoyado sobre el fitball. Mantené el torso erguido y el core activado. Bajá en zancada flexionando la rodilla derecha hasta formar 90°, permitiendo que el fitball ruede hacia atrás. La rodilla derecha debe alinearse con el pie. Volvé a la posición inicial empujando con el talón derecho. Realizá 8-10 repeticiones y cambiá de pierna.","true"
"660","newExercises","Plancha en fitball","BALANCE","Core","Fitball","core|fitball|plancha|estabilidad|equilibrio","Ejercicio de equilibrio y estabilidad que consiste en mantener una plancha con los antebrazos o las manos sobre un fitball. La inestabilidad del fitball aumenta exponencialmente la demanda del core y los estabilizadores del hombro.","Colocá los antebrazos sobre un fitball y extendé las piernas hacia atrás en posición de plancha. Mantené el cuerpo en línea recta desde la cabeza hasta los talones, evitando que las caderas se caigan o se eleven. El fitball se moverá ligeramente, por lo que debés activar el core constantemente para estabilizarlo. Mantené la posición 30-60 segundos. Para aumentar la dificultad, realizá círculos pequeños con los antebrazos sobre el fitball o elevá una pierna del suelo.","true"
"661","newExercises","Equilibrio en una pierna en bosu","BALANCE","Piernas","Bosu","piernas|bosu|equilibrio|propiocepcion|tobillo|estabilidad","Ejercicio de equilibrio que consiste en mantener la posición sobre una pierna sobre la superficie inestable de un bosu. Desarrolla propiocepción, estabilidad de tobillo y rodilla, y control neuromuscular en un desafío de equilibrio avanzado.","Colocá un bosu en el suelo con la parte redonda hacia arriba. Parate sobre el bosu con la pierna derecha en el centro, la rodilla ligeramente flexionada y el core activado. Elevá la pierna izquierda del suelo flexionando la rodilla a 90°. Mantené el equilibrio durante 30-45 segundos enfocándote en un punto fijo al frente. Si perdés el equilibrio, volvé a la posición y continuá. Para aumentar la dificultad, cerrá los ojos o realizá movimientos con los brazos. Cambiá de pierna.","true"
"662","newExercises","Sentadilla pistol asistida","BALANCE","Piernas","Peso corporal","piernas|peso_corporal|sentadilla|pistol|equilibrio|movilidad","Ejercicio de equilibrio y fuerza que consiste en una sentadilla profunda sobre una sola pierna con asistencia. Es una progresión hacia la sentadilla pistol completa, desarrollando fuerza de piernas, movilidad de tobillo y equilibrio unilateral.","Parate frente a una barra vertical o pared (o sostené una mancuerna ligera con las dos manos). Elevá la pierna izquierda extendida hacia adelante. Lentamente, bajá en sentadilla sobre la pierna derecha manteniendo la pierna izquierda extendida y el torso erguido. Bajá lo más profundo que puedas manteniendo el equilibrio. La barra o pared te ayuda a estabilizarte. Volvé a la posición inicial empujando con el talón derecho. Realizá 5-8 repeticiones y cambiá de pierna.","true"
"663","newExercises","Deadlift unilateral en bosu","BALANCE","Piernas","Bosu","piernas|bosu|mancuerna|equilibrio|posterior|propiocepcion|kettlebell","Ejercicio de equilibrio avanzado que combina peso muerto unilateral con la inestabilidad del bosu. Desarrolla fuerza de cadena posterior, propiocepción extrema y estabilidad de tobillo y cadera en un movimiento funcional desafiante.","Colocá un bosu en el suelo con la parte redonda hacia abajo (plataforma hacia arriba). Parate sobre el bosu con la pierna derecha en el centro, sosteniendo una mancuerna o kettlebell en la mano izquierda. Mantené la rodilla derecha ligeramente flexionada y el core activado. Flexionate hacia adelante desde la cadera extendiendo la pierna izquierda hacia atrás como contrapeso. Bajá el peso hacia el suelo manteniendo la espalda recta. Volvé a la posición inicial contrayendo el glúteo derecho. Realizá 6-8 repeticiones y cambiá de lado.","true"
"664","newExercises","Yoga warrior III","BALANCE","Piernas","Peso corporal","piernas|peso_corporal|yoga|equilibrio|core|isquiotibiales","Postura de yoga (Virabhadrasana III) que consiste en equilibrarse sobre una pierna con el torso y la otra pierna paralelos al suelo. Desarrolla equilibrio, fuerza de core, flexibilidad de isquiotibiales y concentración en una postura elegante y poderosa.","Parate sobre la pierna derecha con el peso centrado. Inclinate hacia adelante desde la cadera mientras elevás la pierna izquierda hacia atrás, manteniendo el torso y la pierna izquierda alineados y paralelos al suelo. Extendé los brazos hacia adelante o a los costados del cuerpo. Mantené la cadera derecha nivelada y el core activado para estabilizar. Mirá hacia el suelo unos metros adelante. Mantené 20-30 segundos y repetí del otro lado.","true"
"665","newExercises","Deadlift unilateral con mancuerna","BALANCE","Piernas","Mancuernas","piernas|mancuernas|equilibrio|posterior|gluteos|isquiotibiales","Ejercicio de equilibrio y fuerza que consiste en un peso muerto unilateral sosteniendo mancuernas. Desarrolla fuerza de cadena posterior, estabilidad de cadera y control del core en un movimiento unilateral con carga adicional.","Parate sobre la pierna derecha sosteniendo una mancuerna en cada mano o una sola mancuerna en la mano contralateral (izquierda). Mantené la espalda neutra y el core activado. Flexionate hacia adelante desde la cadera extendiendo la pierna izquierda hacia atrás como contrapeso. Bajá las mancuernas hacia el suelo manteniendo la espalda recta y la pierna de apoyo ligeramente flexionada. Volvé a la posición inicial contrayendo el glúteo derecho. Realizá 8-10 repeticiones y cambiá de lado.","true"
"666","newExercises","Yoga half moon","BALANCE","Piernas","Peso corporal","piernas|peso_corporal|yoga|equilibrio|cadera|core","Postura de yoga (Ardha Chandrasana) que consiste en equilibrarse sobre una pierna con el torso paralelo al suelo y un brazo extendido hacia el techo. Desarrolla equilibrio, fuerza de piernas, apertura de cadera y concentración en una postura lateral.","Desde la postura del guerrero II con la pierna derecha adelante, apoyá la mano derecha en el suelo o en un bloque delante del pie derecho. Elevá la pierna izquierda hasta que quede paralela al suelo. Extendé el brazo izquierdo hacia el techo abriendo el pecho. Mantené la cadera derecha abierta y el core activado para estabilizar. Mirá hacia la mano izquierda. Mantené 20-30 segundos y repetí del otro lado.","true"
"667","newExercises","Press unilateral en bosu","BALANCE","Hombros","Bosu","hombros|bosu|mancuerna|press|equilibrio|estabilidad|kettlebell","Ejercicio de equilibrio y fuerza que consiste en un press de hombros unilateral realizado sobre un bosu. La inestabilidad de la plataforma obliga al core a estabilizar mientras se trabaja la fuerza de empuje del hombro.","Colocá un bosu en el suelo con la parte redonda hacia abajo (plataforma hacia arriba). Sentate sobre el bosu con las piernas extendidas o flexionadas. Sostené una mancuerna o kettlebell en una mano a la altura del hombro. Mantené el core activado y la espalda erguida. Empujá el peso hacia arriba extendiendo el brazo sobre la cabeza. Bajá controlado y repetí. El bosu se moverá, por lo que debés activar el core constantemente. Realizá 8-10 repeticiones y cambiá de brazo.","true"
"668","newExercises","Row en TRX","BALANCE","Espalda","TRX","espalda|trx|row|equilibrio|estabilidad|biceps","Ejercicio de equilibrio y fuerza que consiste en un remo con TRX. Las asas inestables del TRX obligan al core a estabilizar mientras se trabaja la espalda y los bíceps en un movimiento de tracción funcional.","Ajustá las asas del TRX a la altura del pecho. Agarrá una asa en cada mano y inclinate hacia atrás con los brazos extendidos, manteniendo el cuerpo en línea recta desde los talones hasta la cabeza. Tirá del pecho hacia las asas flexionando los codos y llevando los hombros hacia atrás. Mantené el core activado y las caderas estables (evitá que se caigan o se eleven). Bajá controlado extendiendo los brazos. Realizá 10-12 repeticiones.","true"
"669","newExercises","Equilibrio en una pierna con banda","BALANCE","Piernas","Banda","piernas|banda_elastica|equilibrio|propiocepcion|estabilidad|gluteos","Ejercicio de equilibrio que consiste en mantener la posición sobre una pierna con resistencia de banda elástica. La banda añade una fuerza perturbadora que obliga al core y a los estabilizadores de cadera a trabajar intensamente.","Anclá una banda elástica baja a una base firme. Colocá la banda alrededor de la cintura o el muslo de la pierna de apoyo. Parate sobre la pierna derecha con la banda tensa tirando hacia un lado. Elevá la pierna izquierda del suelo flexionando la rodilla a 90°. Mantené el equilibrio durante 20-30 segundos resistiendo la tracción de la banda que te desequilibra. El core y los glúteos deben trabajar intensamente para mantener la postura. Cambiá de pierna y dirección de la banda.","true"
"670","newExercises","Press en fitball","BALANCE","Pecho","Fitball","pecho|fitball|mancuernas|press|equilibrio|core","Ejercicio de equilibrio y fuerza que consiste en un press de pecho sobre un fitball. La inestabilidad del fitball obliga al core a estabilizar intensamente mientras se trabaja la fuerza de empuje del pecho.","Acostate boca arriba sobre un fitball con la parte superior de la espalda apoyada en la pelota, los pies firmes en el suelo y las rodillas flexionadas a 90°. Sostené una mancuerna en cada mano a la altura del pecho con los codos abiertos. Mantené el core activado para estabilizar el fitball. Empujá las mancuernas hacia arriba extendiendo los brazos sobre el pecho. Bajá controlado hasta que los codos formen 90°. El fitball se moverá, por lo que debés mantener el core firme. Realizá 10-12 repeticiones.","true"
"671","newExercises","Yoga side plank with leg raise","BALANCE","Core","Peso corporal","core|peso_corporal|yoga|oblicuos|equilibrio|estabilidad","Postura de yoga que combina plancha lateral con elevación de pierna. Desarrolla fuerza de oblicuos, estabilidad de core y equilibrio lateral en un movimiento desafiante que trabaja toda la cadena lateral del cuerpo.","Desde posición de plancha lateral con el antebrazo derecho apoyado y el cuerpo en línea recta, elevá la pierna izquierda hacia arriba manteniéndola extendida. Mantené la cadera elevada y el core activado para evitar que la cadera se caiga. El brazo izquierdo puede estar extendido hacia el techo o a lo largo del cuerpo. Mantené 15-30 segundos y repetí del otro lado. Para una versión más intensa, realizá elevaciones dinámicas de la pierna.","true"
"672","newExercises","Puente con marcha","BALANCE","Core","Peso corporal","core|peso_corporal|gluteos|estabilidad|marcha|control","Ejercicio de equilibrio y estabilidad que consiste en mantener la posición de puente mientras se alterna la elevación de las piernas. Desarrolla fuerza de glúteos, estabilidad lumbopélvica y control unilateral del core.","Acostate boca arriba con las rodillas flexionadas y los pies apoyados en el suelo. Elevá la cadera formando un puente (línea recta desde hombros hasta rodillas). Manteniendo la cadera estable y nivelada, elevá la pierna derecha del suelo flexionando la rodilla a 90°. Mantené 2-3 segundos sin dejar caer la cadera. Bajá la pierna derecha y elevá la izquierda. Alterná las piernas en una marcha controlada. Realizá 10-12 repeticiones alternadas manteniendo el core activado.","true"
"673","newExercises","Puente con elevación de pierna","BALANCE","Core","Peso corporal","core|peso_corporal|gluteos|estabilidad|unilateral","Ejercicio de equilibrio y fuerza que consiste en mantener la posición de puente con una pierna extendida hacia el techo. Desarrolla fuerza unilateral de glúteos, estabilidad de core y control lumbopélvico en un desafío de equilibrio.","Acostate boca arriba con las rodillas flexionadas y los pies apoyados en el suelo. Elevá la cadera formando un puente. Extendé la pierna derecha hacia el techo manteniendo la cadera nivelada (no dejes que el lado derecho se caiga). Mantené 10-15 segundos contrayendo fuerte el glúteo izquierdo. Bajá la pierna, bajá la cadera y repetí del otro lado. Para una versión más intensa, realizá elevaciones de cadera con la pierna extendida.","true"
"674","newExercises","Stability ball knee tuck","BALANCE","Core","Fitball","core|fitball|estabilidad|equilibrio|abdominales|control","Ejercicio de equilibrio y core que consiste en realizar knee tucks con los pies sobre un fitball en posición de plancha. La inestabilidad del fitball aumenta la demanda del core y los estabilizadores del hombro.","Colocá las manos en el suelo bajo los hombros y los pies (empeines) sobre un fitball. Extendé el cuerpo en línea recta en posición de plancha. Manteniendo el core activado, flexioná las rodillas llevándolas hacia el pecho mientras el fitball rueda hacia adelante. Mantené las caderas elevadas y el control del movimiento. Volvé a la posición inicial extendiendo las piernas y rodando el fitball hacia atrás. Realizá 10-12 repeticiones de forma controlada.","true"
"675","newExercises","Row unilateral en bosu","BALANCE","Espalda","Bosu","espalda|bosu|mancuerna|row|equilibrio|unilateral|kettlebell","Ejercicio de equilibrio y fuerza que consiste en un remo unilateral realizado sobre un bosu. La inestabilidad de la plataforma obliga al core a estabilizar mientras se trabaja la espalda y los bíceps en un movimiento de tracción unilateral.","Colocá un bosu en el suelo con la parte redonda hacia abajo (plataforma hacia arriba). Parate sobre el bosu con la pierna derecha en el centro, sosteniendo una mancuerna o kettlebell en la mano izquierda. Flexionate hacia adelante desde la cadera manteniendo la espalda neutra y el core activado. Tirá del peso hacia el abdomen flexionando el codo y llevando el hombro hacia atrás. Bajá controlado. El bosu se moverá, por lo que debés estabilizar con el core. Realizá 8-10 repeticiones y cambiá de lado.","true"
"676","newExercises","Lunge en bosu","BALANCE","Piernas","Bosu","piernas|bosu|lunge|equilibrio|estabilidad|propiocepcion","Ejercicio de equilibrio y fuerza que consiste en una zancada con el pie delantero o trasero sobre un bosu. La inestabilidad de la plataforma aumenta la demanda de estabilidad de tobillo, rodilla y core en un movimiento funcional de desplazamiento.","Colocá un bosu en el suelo con la parte redonda hacia arriba. Parate frente al bosu y dá un paso hacia adelante colocando el pie derecho sobre el centro del bosu. Bajá en zancada hasta que ambas rodillas formen 90°, manteniendo el torso erguido y el core activado. La inestabilidad del bosu obligará a los estabilizadores del tobillo y la rodilla a trabajar intensamente. Volvé a la posición inicial empujando con el talón derecho. Realizá 8-10 repeticiones y cambiá de pierna. También podés realizar la zancada con el pie trasero sobre el bosu.","true"
"677","newExercises","Snatch con palo","TECHNIQUE","Full body","Palo","full_body|palo|snatch|tecnica|levantamiento_olimpico","Ejercicio de técnica que utiliza un palo o bastón ligero para practicar la secuencia completa del snatch. Permite dominar la trayectoria de la barra, la transición de fases y la recepción sin la carga de peso, enfocándose exclusivamente en la calidad del movimiento.","Parate con los pies a la anchura de los hombros, sosteniendo un palo con un agarre ancho (snatch grip). Realizá la secuencia completa del snatch: desde el suelo, pasando por las rodillas, extendiendo las caderas, tirando del palo hacia arriba, rotando las muñecas y recibiendo el palo sobre la cabeza en sentadilla profunda. Mantené la espalda neutra en todo momento. El movimiento debe ser fluido y continuo. Repetí 5-8 veces enfocándote en la técnica, no en la velocidad.","true"
"678","newExercises","Posición de rack","TECHNIQUE","Full body","Barra","full_body|barra|rack|tecnica|levantamiento_olimpico","Ejercicio de técnica que consiste en practicar y mantener la posición de rack (recepción del clean) con la barra sobre los hombros. Desarrolla la postura correcta de recepción, la movilidad de muñeca y la estabilidad de core necesaria para los levantamientos olímpicos.","Colocá una barra en posición de rack sobre los hombros, con los codos altos y hacia adelante, las muñecas flexionadas hacia atrás y el pecho abierto. Mantené la espalda neutra, el core activado y el peso en los talones. Las rodillas deben estar ligeramente flexionadas. Mantené la posición 15-20 segundos enfocándote en la postura correcta: codos altos, barba hacia atrás, pecho abierto. También podés practicar el movimiento de drop (bajada rápida desde de pie a la posición de rack en sentadilla).","true"
"679","newExercises","Técnica de salida","TECHNIQUE","Full body","Peso corporal","full_body|peso_corporal|tecnica|salida|aceleracion|sprint","Ejercicio de técnica que practica la posición y el patrón de salida explosiva para sprints y carreras. Desarrolla la postura de arranque, la distribución de peso y la secuencia de aceleración inicial.","Parate en posición de salida atlética: una pierna adelante flexionada a 90°, la otra atrás con la rodilla cerca del suelo, torso inclinado hacia adelante con el peso sobre la pierna delantera. Los brazos están en posición de carrera. Al recibir la señal, acelerá explosivamente los primeros 3-5 pasos enfocándote en: empujar hacia atrás con las piernas (no saltar hacia arriba), mantener el torso inclinado, y coordinar brazos y piernas. Repetí 6-8 salidas desde diferentes posiciones iniciales (sentado, acostado, de rodillas).","true"
"680","newExercises","Drill de extensión","TECHNIQUE","Full body","Peso corporal","full_body|peso_corporal|tecnica|extension|cadera|levantamiento_olimpico","Ejercicio de técnica que aísla y practica la fase de extensión de caderas y rodillas en los levantamientos olímpicos. Desarrolla la potencia de la triple extensión (tobillo, rodilla, cadera) que es fundamental para el impulso en snatch y clean.","Parate con los pies a la anchura de los hombros, rodillas ligeramente flexionadas, espalda neutra y manos en posición de agarre imaginario. Desde la posición de hang (caderas retraídas), realizá una extensión explosiva de caderas y rodillas elevándote sobre las puntas de los pies. Los brazos permanecen rectos y pasivos, el movimiento debe provenir exclusivamente de la extensión de piernas y caderas. Mantené la espalda neutra y el core activado. Bajá controlado y repetí 8-10 veces. Enfocate en la velocidad y la completitud de la extensión.","true"
"681","newExercises","Peso muerto rumano con palo","TECHNIQUE","Piernas","Palo","piernas|palo|peso_muerto|tecnica|posterior|isquiotibiales","Ejercicio de técnica que utiliza un palo para practicar la forma correcta del peso muerto rumano. Permite dominar la bisagra de cadera, la posición de la espalda y el rango de movimiento sin carga, previniendo lesiones lumbares.","Parate con los pies a la anchura de los hombros, sosteniendo un palo con un agarce al ancho de los hombros. Mantené las rodillas ligeramente flexionadas y la espalda neutra en todo momento. Flexionate hacia adelante desde las caderas (no desde la cintura) llevando el palo hacia abajo por la parte frontal de las piernas. Bajá hasta sentir un estiramiento moderado en los isquiotibiales (generalmente a la altura de las rodillas o los gemelos). La espalda debe permanecer recta y el pecho abierto. Volvé a la posición inicial contrayendo los glúteos y los isquiotibiales. Repetí 8-10 veces enfocándote en la técnica.","true"
"682","newExercises","Clean muscle clean con palo","TECHNIQUE","Full body","Palo","full_body|palo|clean|tecnica|levantamiento_olimpico","Ejercicio de técnica que practica el muscle clean (clean sin rebote desde el suelo) con un palo. Permite dominar la transición del pull a la recepción, la rotación de muñecas y la posición de rack sin la complejidad del peso.","Parate con los pies a la anchura de los hombros, sosteniendo un palo con un agarre de clean (al ancho de los hombros). Desde la posición de hang (caderas retraídas, rodillas flexionadas), realizá una extensión de caderas y rodillas para impulsar el palo hacia arriba. Cuando el palo llega a la altura del pecho, rotá rápidamente las muñecas hacia abajo y recibí el palo sobre los hombros en posición de rack (codos altos). El movimiento debe ser fluido y continuo, sin pausa entre la extensión y la recepción. Bajá controlado a la posición de hang y repetí 6-8 veces.","true"
"683","newExercises","Snatch hang snatch con barra vacía","TECHNIQUE","Full body","Barra","full_body|barra|snatch|tecnica|hang|levantamiento_olimpico","Ejercicio de técnica que practica el hang snatch con barra vacía (sin discos). Permite dominar la fase de impulso desde la posición de hang y la recepción sobre la cabeza con peso mínimo, enfocándose en la velocidad y la técnica.","Parate con los pies a la anchura de los hombros, sosteniendo una barra vacía con un agarre ancho (snatch grip) en posición de hang (caderas retraídas, rodillas flexionadas, espalda neutra). Desde allí, realizá una extensión explosiva de caderas y rodillas para impulsar la barra hacia arriba. Cuando la barra llega a la altura máxima, tirá con los brazos y rotá las muñecas para recibir la barra sobre la cabeza con los brazos extendidos en sentadilla profunda. Mantené la barra estable sobre la cabeza, luego levantate. Bajá la barra a la posición de hang y repetí 5-8 veces.","true"
"684","newExercises","Movilidad para press","TECHNIQUE","Hombros","Peso corporal","hombros|peso_corporal|movilidad|tecnica|calentamiento","Ejercicio de técnica que consiste en una serie de movimientos de movilidad específicos para preparar los hombros antes de realizar presses. Mejora el rango de movimiento, activa el manguito rotador y previene lesiones de hombro.","Realizá la siguiente secuencia de movilidad para hombros: 1) Círculos de brazos hacia adelante y hacia atrás (10 cada dirección). 2) Dislocaciones con un palo o banda elástica (10 repeticiones). 3) Rotaciones externas de hombros con los codos pegados al cuerpo (10 repeticiones por lado). 4) Pasar el brazo por debajo y por encima del cuerpo en posición de cuadrupedia (5 repeticiones por lado). 5) Wall slides: parate con la espalda contra la pared, brazos en forma de W y deslizalos hacia arriba hasta la Y (10 repeticiones). Realizá todo de forma lenta y controlada, enfocándote en el rango de movimiento completo.","true"
"685","newExercises","Press tempo","TECHNIQUE","Hombros","Barra","hombros|barra|press|tecnica|tempo|control|mancuernas","Ejercicio de técnica que practica el press de hombros con tempo controlado (velocidad específica en cada fase). Desarrolla la conciencia del movimiento, el control excéntrico y la estabilidad de core durante todo el rango de movimiento.","Parate con los pies a la anchura de los hombros, sosteniendo una barra o mancuernas a la altura de los hombros con los codos ligeramente hacia adelante. Realizá el press con el siguiente tempo: 3 segundos subiendo (concéntrico), 1 segundo de pausa arriba (isométrico), 3 segundos bajando (excéntrico), 0 segundos de pausa abajo. Mantené la espalda neutra, el core activado y evitá arquear la espalda hacia atrás. Las rodillas permanecen ligeramente flexionadas. Realizá 6-8 repeticiones enfocándote exclusivamente en el control del tempo y la técnica perfecta.","true"
"686","newExercises","Pull high pull con barra","TECHNIQUE","Full body","Barra","full_body|barra|high_pull|tecnica|levantamiento_olimpico","Ejercicio de técnica que practica el high pull (tirón alto) con barra. Aísla la fase de tirón del clean o snatch, desarrollando la potencia de extensión de caderas y la trayectoria correcta de la barra hasta la altura del pecho o la barbilla.","Parate con los pies a la anchura de los hombros, sosteniendo una barra con un agarre de clean o snatch. Desde la posición de hang o del suelo, realizá una extensión explosiva de caderas y rodillas. Cuando la barra pasa las rodillas, acelerá el tirón llevando los codos hacia arriba y hacia los lados, manteniendo la barra cerca del cuerpo. La barra debe llegar a la altura del pecho o la barbilla con los codos altos. Bajá controlado y repetí 6-8 veces. Enfocate en la trayectoria de la barba (cerca del cuerpo) y la altura del tirón.","true"
"687","newExercises","Jerk power jerk con palo","TECHNIQUE","Full body","Palo","full_body|palo|jerk|tecnica|levantamiento_olimpico","Ejercicio de técnica que practica el power jerk (empuje con sentadilla parcial) con un palo. Permite dominar la fase de empuje, la división de piernas y la recepción estable sobre la cabeza sin la carga de peso.","Parate con los pies a la anchura de los hombros, sosteniendo un palo sobre la cabeza con los brazos extendidos (posición de overhead). Bajá el palo a la posición de rack (cerca de los hombros, codos altos). Desde allí, realizá una ligera flexión de rodillas y empujá explosivamente hacia arriba. Mientras el palo asciende, dividí las piernas en una posición de split (una adelante, otra atrás) y recibí el palo sobre la cabeza con los brazos extendidos. Las rodillas deben estar ligeramente flexionadas en la recepción. Volvé a la posición de pie juntando las piernas. Bajá a rack y repetí 6-8 veces.","true"
"688","newExercises","Sentadilla pistol","TECHNIQUE","Piernas","Peso corporal","piernas|peso_corporal|sentadilla|pistol|tecnica|movilidad","Ejercicio de técnica que practica la sentadilla pistol (sentadilla profunda sobre una sola pierna). Desarrolla fuerza unilateral, movilidad de tobillo y cadera, y equilibrio en un movimiento funcional avanzado.","Parate sobre la pierna derecha con la pierna izquierda extendida hacia adelante, paralela al suelo. Mantené el torso erguido y los brazos extendidos hacia adelante como contrapeso. Lentamente, bajá en sentadilla profunda sobre la pierna derecha manteniendo la pierna izquierda extendida. La rodilla derecha debe alinearse con el pie y no desviarse hacia adentro. Bajá hasta que los glúteos casi toquen el talón. Subí extendiendo la pierna derecha. Si no llegás al fondo, usá un banco o silla como referencia de profundidad. Realizá 3-5 repeticiones por pierna enfocándote en la técnica.","true"
"689","newExercises","Clean con barra vacía","TECHNIQUE","Full body","Barra","full_body|barra|clean|tecnica|levantamiento_olimpico","Ejercicio de técnica que practica el clean completo con barra vacía (sin discos). Permite dominar la secuencia completa del levantamiento — desde el suelo hasta la recepción en rack — con peso mínimo, enfocándose en la fluidez y la técnica.","Parate con los pies a la anchura de los hombros, sosteniendo una barra vacía con un agarre de clean (al ancho de los hombros). Desde el suelo, realizá el pull pasando la barra por las rodillas, extendiendo las caderas, tirando con los brazos y rotando las muñecas para recibir la barra sobre los hombros en posición de rack en sentadilla profunda. Levantate manteniendo la barra estable en rack. Bajá controlado al suelo y repetí 5-8 veces. Enfocate en la transición fluida entre fases y la postura correcta de rack.","true"
"690","newExercises","Técnica de segundo tirón","TECHNIQUE","Full body","Barra","full_body|barra|segundo_tiron|tecnica|levantamiento_olimpico","Ejercicio de técnica que aísla y practica la fase del segundo tirón en los levantamientos olímpicos (la transición entre el pull y la recepción). Desarrolla la velocidad de rotación de muñecas y la precisión de la recepción.","Parate con los pies a la anchura de los hombros, sosteniendo una barra en posición de hang (caderas retraídas, rodillas flexionadas). Desde allí, realizá una extensión parcial de caderas y rodillas para impulsar la barra hacia arriba. En el punto máximo de extensión, tirá explosivamente con los brazos llevando los codos hacia arriba y hacia los lados. Rotá rápidamente las muñecas para recibir la barra en la posición de rack (clean) o overhead (snatch). Bajá controlado a hang y repetí 6-8 veces. Enfocate en la velocidad del segundo tirón y la precisión de la recepción.","true"
"691","newExercises","Press arnold con mancuerna","TECHNIQUE","Hombros","Mancuernas","hombros|mancuernas|press|arnold|tecnica|deltoides","Ejercicio de técnica que practica el press Arnold (rotatorio) con mancuernas. Desarrolla la coordinación de la rotación de hombros durante el press, trabajando todos los fascículos del deltoides en un movimiento controlado.","Sentate en un banco con respaldo o parate erguido. Sostené una mancuerna en cada mano a la altura del pecho con las palmas hacia vos y los codos hacia adelante. Al empujar hacia arriba, rotá las manos externamente hasta que las palmas queden hacia adelante y los brazos extendidos sobre la cabeza. Al bajar, invertí la rotación volviendo a la posición inicial con las palmas hacia vos. Mantené el core activado y evitá arquear la espalda. Realizá 8-10 repeticiones de forma lenta y controlada, enfocándote en la rotación suave de los hombros.","true"
"692","newExercises","Press push jerk","TECHNIQUE","Full body","Barra","full_body|barra|press|jerk|tecnica|levantamiento_olimpico","Ejercicio de técnica que practica el push jerk (press con impulso de piernas). Desarrolla la coordinación entre el empuje de piernas y el press de brazos, permitiendo levantar más peso que un press estricto mediante el uso de la cadena cinética completa.","Parate con los pies a la anchura de los hombros, sosteniendo una barra en posición de rack sobre los hombros (codos altos). Mantené el torso erguido y el core activado. Realizá una ligera flexión de rodillas (dip) de aproximadamente 10-15 cm. Inmediatamente, empujá explosivamente con las piernas extendiéndolas completamente mientras empujás la barra hacia arriba con los brazos. La barba debe pasar por encima de la cabeza mientras las piernas se extienden. Recibí la barra sobre la cabeza con los brazos extendidos y las rodillas ligeramente flexionadas. Levantate y bajá la barba a rack controlado. Repetí 6-8 veces.","true"
"693","newExercises","Posición de overhead","TECHNIQUE","Hombros","Barra","hombros|barra|overhead|tecnica|estabilidad|levantamiento_olimpico|palo","Ejercicio de técnica que consiste en practicar y mantener la posición de overhead (barra sobre la cabeza con brazos extendidos). Desarrolla la estabilidad de hombros, la alineación de la columna y el control del core necesario para sostener peso sobre la cabeza.","Parate con los pies a la anchura de los hombros, sosteniendo una barra o palo sobre la cabeza con los brazos completamente extendidos. La barba debe estar alineada sobre los hombros, las muñecas rectas o ligeramente extendidas hacia atrás, y los codos bloqueados. Mantené la espalda neutra, el core activado y el peso distribuido uniformemente en ambos pies. Mantené la posición 15-20 segundos enfocándote en: hombros activos (empujando la barra hacia arriba), caderas bajo los hombros, y rodillas ligeramente flexionadas. También podés practicar el movimiento de drop (bajada rápida a sentadilla overhead).","true"
"694","newExercises","Sentadilla sumo con palo","TECHNIQUE","Piernas","Palo","piernas|palo|sentadilla|sumo|tecnica|aductores","Ejercicio de técnica que practica la sentadilla sumo con un palo. Permite dominar la posición de pies anchos con las puntas hacia afuera, la alineación de rodillas y la profundidad del movimiento sin carga.","Parate con los pies muy separados (más allá del ancho de los hombros) con las puntas de los pies apuntando hacia afuera a aproximadamente 45°. Sostené un palo vertical frente a vos con ambas manos para equilibrio. Mantené el torso erguido y el core activado. Bajá en sentadilla flexionando las rodillas y llevando las caderas hacia abajo. Las rodillas deben seguir la dirección de los pies, sin desviarse hacia adentro. Bajá hasta que los muslos queden paralelos al suelo o más abajo. Subí empujando con los talones y contrayendo los glúteos. Repetí 8-10 veces enfocándote en la alineación de rodillas y la profundidad.","true"
"695","newExercises","Press con barra vacía","TECHNIQUE","Hombros","Barra","hombros|barra|press|tecnica|deltoides|triceps","Ejercicio de técnica que practica el press militar estricto con barra vacía. Permite dominar la trayectoria de la barba, la posición del cuerpo y la estabilidad de core antes de agregar carga.","Parate con los pies a la anchura de los hombros, sosteniendo una barra vacía a la altura de los hombros con un agarre al ancho de los hombros. Los codos deben estar ligeramente hacia adelante, no hacia los lados. Mantené la espalda neutra, el core activado y las rodillas ligeramente flexionadas (pero rígidas, no impulses con las piernas). Empujá la barra hacia arriba en línea recta, pasando cerca de la cara. Extendé completamente los brazos sobre la cabeza. Bajá controlado por el mismo camino hasta la posición inicial. Evitá arquear la espalda hacia atrás. Repetí 8-10 veces enfocándote en la trayectoria recta y el control.","true"
"696","newExercises","Clean hang clean con palo","TECHNIQUE","Full body","Palo","full_body|palo|clean|hang|tecnica|levantamiento_olimpico","Ejercicio de técnica que practica el hang clean con un palo. Permite dominar la fase de impulso desde la posición de hang y la transición a la recepción en rack sin la complejidad del peso.","Parate con los pies a la anchura de los hombros, sosteniendo un palo con un agarre de clean en posición de hang (caderas retraídas, rodillas flexionadas, espalda neutra). Desde allí, realizá una extensión explosiva de caderas y rodillas para impulsar el palo hacia arriba. Cuando el palo llega a la altura del pecho, tirá con los brazos llevando los codos hacia arriba y rotá rápidamente las muñecas para recibir el palo sobre los hombros en posición de rack. Bajá controlado a la posición de hang y repetí 6-8 veces. Enfocate en la transición fluida entre la extensión y la recepción.","true"
"697","newExercises","Drill de overhead","TECHNIQUE","Hombros","Palo","hombros|palo|overhead|tecnica|estabilidad|levantamiento_olimpico","Ejercicio de técnica que practica la estabilidad y el control en la posición de overhead con un palo. Desarrolla la conciencia de la alineación de hombros, la activación del manguito rotador y la postura correcta para sostener peso sobre la cabeza.","Parate con los pies a la anchura de los hombros, sosteniendo un palo sobre la cabeza con los brazos extendidos. Realizá los siguientes drills: 1) Mantené la posición de overhead 15-20 segundos enfocándote en empujar el palo hacia arriba activando los hombros. 2) Realizá pequeños movimientos de descenso y ascenso controlados (overhead squat parcial) manteniendo los brazos extendidos. 3) Caminá 5-10 pasos hacia adelante y hacia atrás manteniendo el palo estable sobre la cabeza. 4) Realizá rotaciones suaves del torso manteniendo el palo vertical. Todo el tiempo, mantené el core activado, la espalda neutra y las rodillas ligeramente flexionadas.","true"
"698","newExercises","Técnica de arranque","TECHNIQUE","Full body","Peso corporal","full_body|peso_corporal|tecnica|arranque|aceleracion|sprint","Ejercicio de técnica que practica la posición y el patrón de arranque desde bloques o desde el suelo para carreras de velocidad. Desarrolla la postura de salida, la distribución de peso y la secuencia de aceleración inicial.","Si tenés bloques de salida, colocatelos en posición: el bloque delantero a 2 pies de distancia de la línea de salida, el trasero a 3 pies. Colocá las manos justo detrás de la línea, con los brazos extendidos y los hombros por encima de las manos. La pierna delantera debe estar flexionada a 90° y la trasera a 120°. Al recibir la señal, empujá hacia atrás con ambas piernas (no hacia arriba), manteniendo el torso inclinado los primeros 10 metros. Los primeros 3-5 pasos deben ser potentes y bajos, con los brazos balanceándose vigorosamente. Sin bloques, practicá la misma posición desde el suelo con una pierna adelante. Repetí 6-8 arranques enfocándote en la explosividad de la salida.","true"
"699","newExercises","Sentadilla box","TECHNIQUE","Piernas","Banco","piernas|banco|sentadilla|box|tecnica|control|cajon","Ejercicio de técnica que utiliza un banco o cajón para practicar la profundidad y el control de la sentadilla. El banco proporciona una referencia táctil de profundidad y permite practicar la sentadilla sentada (sentarse y levantarse sin perder la tensión).","Colocá un banco o cajón detrás de vos a la altura adecuada para que, al sentarte, tus muslos queden paralelos al suelo o ligeramente por debajo. Parate con los pies separados a la anchura de los hombros, con las puntas ligeramente hacia afuera. Mantené el torso erguido y el core activado. Bajá en sentadilla controlada hasta que los glúteos toquen suavemente el banco. Sentate brevemente (1-2 segundos) manteniendo la tensión muscular y la postura correcta (espalda neutra, pecho abierto). Levantate empujando con los talones y contrayendo los glúteos. No te recostes ni te relajes sobre el banco. Repetí 8-10 veces enfocándote en la profundidad consistente y el control.","true"
"700","newExercises","Sentadilla tempo","TECHNIQUE","Piernas","Peso corporal","piernas|peso_corporal|sentadilla|tempo|tecnica|control","Ejercicio de técnica que practica la sentadilla con tempo controlado (velocidad específica en cada fase). Desarrolla la conciencia del movimiento, el control excéntrico y la estabilidad en todo el rango de movimiento.","Parate con los pies separados a la anchura de los hombros, con las puntas ligeramente hacia afuera. Mantené el torso erguido y el core activado. Realizá la sentadilla con el siguiente tempo: 4 segundos bajando (excéntrico), 2 segundos de pausa en el fondo (isométrico), 2 segundos subiendo (concéntrico), 0 segundos de pausa arriba. Durante todo el movimiento, mantené la espalda neutra, el pecho abierto y las rodillas alineadas con los pies. La profundidad debe ser consistente en cada repetición. Realizá 6-8 repeticiones enfocándote exclusivamente en el control del tempo y la técnica perfecta.","true"
"701","newExercises","Pull clean pull con mancuerna","TECHNIQUE","Full body","Mancuernas","full_body|mancuernas|clean|pull|tecnica|levantamiento_olimpico","Ejercicio de técnica que practica el clean pull (tirón del clean) con mancuernas. Permite dominar la trayectoria de tirón, la extensión de caderas y la posición de los codos antes de agregar la complejidad de la recepción.","Parate con los pies a la anchura de los hombros, sosteniendo una mancuerna en cada mano con un agarre neutro (palmas hacia el cuerpo). Desde la posición de hang o del suelo, realizá una extensión explosiva de caderas y rodillas. Cuando las mancuernas pasan las rodillas, acelerá el tirón llevando los codos hacia arriba y hacia los lados, manteniendo las mancuernas cerca del cuerpo. Las mancuernas deben llegar a la altura del pecho o la barbilla con los codos altos. Bajá controlado y repetí 6-8 veces. Enfocate en la trayectoria cerca del cuerpo y la altura del tirón.","true"
"702","newExercises","Pull clean pull con barra","TECHNIQUE","Full body","Barra","full_body|barra|clean|pull|tecnica|levantamiento_olimpico","Ejercicio de técnica que practica el clean pull con barra. Aísla la fase de tirón del clean, desarrollando la potencia de extensión de caderas, la trayectoria correcta de la barba y la posición de los codos.","Parate con los pies a la anchura de los hombros, sosteniendo una barra con un agarre de clean. Desde la posición de hang o del suelo, realizá una extensión explosiva de caderas y rodillas. Cuando la barra pasa las rodillas, acelerá el tirón llevando los codos hacia arriba y hacia los lados, manteniendo la barra cerca del cuerpo. La barra debe llegar a la altura del pecho o la barbilla con los codos altos. Bajá controlado y repetí 6-8 veces. Enfocate en mantener la barra cerca del cuerpo durante todo el tirón y en la altura máxima del mismo.","true"
"703","newExercises","Pull snatch pull con barra","TECHNIQUE","Full body","Barra","full_body|barra|snatch|pull|tecnica|levantamiento_olimpico","Ejercicio de técnica que practica el snatch pull (tirón del snatch) con barra. Aísla la fase de tirón del snatch, desarrollando la potencia de extensión de caderas con agarre ancho y la trayectoria correcta de la barba.","Parate con los pies a la anchura de los hombros, sosteniendo una barra con un agarre ancho (snatch grip). Desde la posición de hang o del suelo, realizá una extensión explosiva de caderas y rodillas. Cuando la barra pasa las rodillas, acelerá el tirón manteniendo los brazos rectos y la barra cerca del cuerpo. La barra debe llegar a la altura del pecho o más arriba con los brazos rectos. Bajá controlado y repetí 6-8 veces. Enfocate en la amplitud del agarre y en mantener los brazos rectos durante todo el tirón (no doblar los codos prematuramente).","true"
"704","newExercises","Movilidad para deadlift","TECHNIQUE","Full body","Peso corporal","full_body|peso_corporal|movilidad|deadlift|tecnica|calentamiento","Ejercicio de técnica que consiste en una serie de movimientos de movilidad específicos para preparar el cuerpo antes de realizar pesos muertos. Mejora la flexibilidad de cadera, tobillo y espalda, y activa la cadena posterior.","Realizá la siguiente secuencia de movilidad para deadlift: 1) Puentes de glúteos: acostado boca arriba, elevá la cadera 10 veces contrayendo los glúteos. 2) Estiramiento de isquiotibiales: sentado con piernas extendidas, flexionate hacia adelante 30 segundos. 3) Movilidad de tobillo: arrodillate con un pie adelante y empujá la rodilla hacia adelante sobre el tobillo 10 veces por lado. 4) Cat-cow: desde cuadrupedia, arqueá la espalda hacia arriba y hacia abajo 10 veces. 5) Good mornings con las manos detrás de la cabeza: flexionate hacia adelante desde las caderas 10 veces. 6) Peso muerto con palo: realizá 5 repeticiones de peso muerto con un palo enfocándote en la técnica. Todo de forma lenta y controlada.","true"
"705","newExercises","Drill de recepción","TECHNIQUE","Full body","Barra","full_body|barra|recepcion|tecnica|levantamiento_olimpico|mancuernas","Ejercicio de técnica que practica la fase de recepción en los levantamientos olímpicos (clean y snatch). Desarrolla la velocidad de rotación de muñecas, la estabilidad en sentadilla profunda y la postura correcta de rack y overhead.","Parate con los pies a la anchura de los hombros, sosteniendo una barra ligera o mancuernas. Desde la posición de hang, realizá un pull parcial y practicá la recepción: para el clean, rotá las muñecas y recibí la barra sobre los hombros en sentadilla profunda con los codos altos; para el snatch, recibí la barra sobre la cabeza con los brazos extendidos en sentadilla profunda. Mantené la posición de recepción 2-3 segundos verificando: espalda neutra, core activado, rodillas alineadas con los pies, y peso en los talones. Levantate y repetí 6-8 veces alternando entre clean y snatch. Enfocate en la velocidad de la recepción y la estabilidad en la posición final.","true"
"706","newExercises","Movilidad para squat","TECHNIQUE","Full body","Peso corporal","full_body|peso_corporal|movilidad|squat|tecnica|calentamiento","Ejercicio de técnica que consiste en una serie de movimientos de movilidad específicos para preparar el cuerpo antes de realizar sentadillas. Mejora la flexibilidad de cadera, tobillo y la movilidad torácica.","Realizá la siguiente secuencia de movilidad para squat: 1) Círculos de cadera: de pie, elevá una rodilla y realizá círculos amplios con la cadera 10 veces por lado. 2) Sentadilla profunda con apoyo: parate frente a una pared o poste, agarrate y bajá en sentadilla profunda manteniendo los talones en el suelo. Balanceate suavemente de lado a lado 30 segundos. 3) Movilidad de tobillo: arrodillate con un pie adelante y empujá la rodilla hacia adelante sobre el tobillo 10 veces por lado. 4) World's greatest stretch: desde plancha, llevá un pie al lado de la mano y rotá el torso 5 veces por lado. 5) Sentadilla con palo: realizá 5 sentadillas con un palo sobre la cabeza enfocándote en mantener el palo vertical y la espalda recta.","true"
"707","newExercises","Drill de split","TECHNIQUE","Piernas","Peso corporal","piernas|peso_corporal|split|tecnica|jerk|levantamiento_olimpico","Ejercicio de técnica que practica la posición de split (zancada) utilizada en el jerk y el split snatch. Desarrolla la estabilidad en zancada, la alineación de caderas y la capacidad de recuperar la posición de pie.","Parate con los pies juntos. Saltá hacia adelante en posición de split (zancada): la pierna derecha adelante con la rodilla flexionada a 90°, la pierna izquierda atrás con la rodilla cerca del suelo. El torso debe estar erguido y el peso distribuido entre ambas piernas. Mantené la posición 2-3 segundos verificando: rodilla delantera alineada con el pie, caderas niveladas, torso vertical. Volvé a la posición de pie juntando las piernas. Repetí 6-8 veces alternando la pierna delantera. También podés practicar el movimiento con un palo sobre la cabeza para simular la posición de overhead en el split jerk. Enfocate en la estabilidad y la alineación.","true"
"708","newExercises","Press con mancuerna","TECHNIQUE","Hombros","Mancuernas","hombros|mancuernas|press|tecnica|deltoides|triceps","Ejercicio de técnica que practica el press de hombros con mancuernas. Permite dominar la trayectoria de cada brazo de forma independiente, mejorando la simetría y el control del movimiento de empuje.","Sentate en un banco con respaldo o parate erguido. Sostené una mancuerna en cada mano a la altura de los hombros con las palmas hacia adelante y los codos a los lados. Mantené la espalda neutra, el core activado y las rodillas ligeramente flexionadas. Empujá ambas mancuernas hacia arriba simultáneamente extendiendo los brazos sobre la cabeza. Las mancuernas deben seguir una trayectoria ligeramente convergente (hacia adentro) al final del movimiento. Bajá controlado hasta que los codos formen 90°. Evitá arquear la espalda hacia atrás o desviar los codos hacia adelante. Realizá 8-10 repeticiones enfocándote en la simetría de ambos brazos y el control del movimiento.","true"
"709","newExercises","Dinámico estiramiento de espalda","WARMUP","Espalda","Peso corporal","espalda|peso_corporal|estiramiento|movilidad","Ejercicio de calentamiento dinámico enfocado en la movilidad de la columna vertebral y la espalda. Realiza rotaciones y flexiones controladas para preparar la zona lumbar y dorsal.","Realizá movimientos dinámicos de estiramiento de espalda de forma controlada. Activá la zona lumbar y dorsal con rotaciones suaves. Aumentá progresivamente la amplitud, sin forzar el rango de movimiento.","true"
"710","newExercises","Marcha con balanceo de brazos","WARMUP","Full body","Peso corporal","full_body|peso_corporal|marcha|cardio_ligero","Ejercicio de calentamiento cardiovascular que combina marcha en el lugar con balanceo coordinado de brazos. Activa hombros, caderas y sistema cardiovascular de forma integral.","Marchá en el lugar balanceando los brazos de forma coordinada con las piernas. Mantené el ritmo constante y aumentá progresivamente la intensidad. Activá hombros, caderas y sistema cardiovascular.","true"
"711","newExercises","Dinámico swing de brazos","WARMUP","Hombros","Peso corporal","hombros|peso_corporal|swing|movilidad","Ejercicio de calentamiento dinámico para hombros que consiste en balanceos controlados de brazos hacia adelante y atrás. Prepara los manguitos rotadores y articulación escapulohumeral.","Balanceá los brazos de forma dinámica hacia adelante y atrás con movimientos controlados. Prepará los hombros y manguitos rotadores. Aumentá progresivamente la amplitud sin forzar.","true"
"712","newExercises","Calentamiento general de 5 minutos","WARMUP","Full body","Peso corporal","full_body|peso_corporal|calentamiento_general|cardio","Rutina de calentamiento general de 5 minutos que combina marcha, jumping jacks y movilidad articular. Prepara todo el cuerpo para el entrenamiento principal de forma integral.","Realizá una rutina de calentamiento general de 5 minutos combinando marcha, jumping jacks y movilidad articular. Activá todo el cuerpo de forma progresiva hasta sentir que estás listo para entrenar.","true"
"713","newExercises","Movilidad de cadera dinámica","WARMUP","Cadera","Peso corporal","cadera|peso_corporal|movilidad|dinamico","Ejercicio de calentamiento dinámico enfocado en la movilidad de cadera. Incluye círculos, aperturas y rotaciones controladas para preparar la articulación coxofemoral.","Realizá movimientos dinámicos de movilidad de cadera: círculos, aperturas y rotaciones controladas. Prepará la articulación coxofemoral aumentando progresivamente la amplitud sin forzar.","true"
"714","newExercises","Cardio ligero de 5 minutos","WARMUP","Full body","Peso corporal","full_body|peso_corporal|cardio|calentamiento","Sesión de cardio ligero de 5 minutos para elevar la temperatura corporal. Puede incluir marcha rápida, trote suave o jumping jacks según el nivel del cliente.","Realizá cardio ligero durante 5 minutos: marcha rápida, trote suave o jumping jacks. Elevá la temperatura corporal de forma progresiva hasta sentir que el cuerpo está caliente y listo.","true"
"715","newExercises","Activación de glúteos con banda","WARMUP","Glúteos","Banda","gluteos|banda|activacion|calentamiento","Ejercicio de activación de glúteos utilizando banda elástica. Incluye abducciones, patadas de glúteo y puente con banda para despertar la musculatura glútea antes del entrenamiento principal.","Colocá la banda elástica sobre las rodillas y realizá abducciones, patadas de glúteo o puentes. Activá la musculatura glútea sintiendo la contracción en cada repetición. Mantené la tensión constante en la banda.","true"
"716","newExercises","Calentamiento de marcha en el lugar","WARMUP","Full body","Peso corporal","full_body|peso_corporal|marcha|cardio_ligero","Ejercicio de calentamiento cardiovascular que consiste en marchar en el lugar levantando las rodillas. Activa piernas, core y sistema cardiovascular de forma gradual.","Marchá en el lugar levantando las rodillas a una altura cómoda. Mantené el ritmo constante y aumentá progresivamente la velocidad. Activá piernas, core y sistema cardiovascular de forma gradual.","true"
"717","newExercises","Apertura de pecho en pared","WARMUP","Pecho","Peso corporal","pecho|peso_corporal|apertura|movilidad","Ejercicio de calentamiento de movilidad para el pecho y hombros. Colocando el antebrazo en la pared se realiza una apertura torácica controlada para mejorar la flexibilidad del pectoral.","Colocá el antebrazo contra la pared a 90 grados y girá el torso suavemente hacia el lado opuesto. Sentí el estiramiento en el pecho y el hombro. Mantené la posición unos segundos y cambiá de lado.","true"
"718","newExercises","Marcha lateral","WARMUP","Cadera","Peso corporal","cadera|peso_corporal|marcha|abductores","Ejercicio de calentamiento que consiste en desplazamientos laterales con marcha. Activa abductores, aductores y estabilizadores de cadera preparando la articulación para movimientos laterales.","Desplazate lateralmente con pasos de marcha, manteniendo la postura erguida. Activá los abductores y estabilizadores de cadera. Realizá el movimiento de forma controlada y simétrica en ambos sentidos.","true"
"719","newExercises","Prep neural de reacción","WARMUP","Full body","Peso corporal","full_body|peso_corporal|neural|reactividad|agilidad","Ejercicio de preparación neuromuscular que estimula el sistema nervioso central con movimientos de reacción y cambios de dirección. Incluye saltos rápidos, giros y respuestas a estímulos visuales o auditivos.","Realizá movimientos rápidos de reacción: saltos en diferentes direcciones, giros explosivos y cambios de dirección. Respondé lo más rápido posible a cada movimiento. Activá el sistema nervioso central para mejorar la reactividad.","true"
"720","newExercises","Apertura de tobillos","WARMUP","Tobillos","Peso corporal","tobillos|peso_corporal|movilidad|apertura","Ejercicio de calentamiento de movilidad para tobillos. Consiste en realizar círculos, flexiones y extensiones controladas de la articulación tibioperoneaastrogálica para preparar la zona.","Realizá círculos con los tobillos, flexiones y extensiones controladas. Prepará la articulación del tobillo para soportar cargas y movimientos dinámicos. Hacelo de forma suave y progresiva en ambos pies.","true"
"721","newExercises","Movilidad de espalda dinámica","WARMUP","Espalda","Peso corporal","espalda|peso_corporal|movilidad|dinamico","Ejercicio de calentamiento dinámico enfocado en la movilidad de la espalda. Incluye rotaciones torácicas, flexiones laterales y movimientos de gato-vaca para preparar la columna vertebral.","Realizá rotaciones torácicas, flexiones laterales y movimientos de gato-vaca. Prepará la columna vertebral con movimientos dinámicos y controlados. Aumentá progresivamente la amplitud sin forzar.","true"
"722","newExercises","Apertura torácica con palo","WARMUP","Pecho","Palo","pecho|palo|apertura|toracica|movilidad","Ejercicio de calentamiento de movilidad torácica utilizando un palo o bastón. Se realiza una apertura controlada del pecho pasando el palo por encima y detrás de la cabeza para mejorar la movilidad del tórax.","Sostené un palo con ambas manos y realizá una apertura controlada pasándolo por encima y detrás de la cabeza. Sentí el estiramiento en el pecho y los hombros. Mantené el control en todo el movimiento.","true"
"723","newExercises","Dinámico círculos de hombros","WARMUP","Hombros","Peso corporal","hombros|peso_corporal|circulos|movilidad","Ejercicio de calentamiento dinámico para hombros que consiste en realizar círculos con los brazos hacia adelante y atrás. Prepara la articulación escapulohumeral y el manguito rotador.","Realizá círculos amplios con los brazos hacia adelante y atrás. Prepará los hombros y el manguito rotador con movimientos dinámicos. Aumentá progresivamente el diámetro de los círculos.","true"
"724","newExercises","Activación de pantorrilla","WARMUP","Pantorrilla","Peso corporal","pantorrilla|peso_corporal|activacion|gemelos","Ejercicio de activación de la musculatura de la pantorrilla. Incluye elevaciones de talones en diferentes posiciones (pies paralelos, puntas hacia adentro y hacia afuera) para despertar los gemelos y sóleo.","Realizá elevaciones de talones de pie, variando la posición de los pies: paralelos, puntas hacia adentro y hacia afuera. Activá los gemelos y el sóleo sintiendo la contracción en cada repetición. Mantené el control del movimiento.","true"
"725","newExercises","Movilidad de hombros dinámica","WARMUP","Hombros","Peso corporal","hombros|peso_corporal|movilidad|dinamico","Ejercicio de calentamiento dinámico enfocado en la movilidad de hombros. Incluye círculos, abducciones, rotaciones internas y externas controladas para preparar la articulación escapulohumeral.","Realizá círculos, abducciones y rotaciones internas y externas de hombros. Prepará la articulación escapulohumeral con movimientos dinámicos y controlados. Aumentá progresivamente la amplitud.","true"
"726","newExercises","Flow de yoga","WARMUP","Full body","Peso corporal","full_body|peso_corporal|yoga|flow|movilidad","Secuencia de yoga dinámica que combina posturas de calentamiento como el saludo al sol modificado. Integra respiración con movimiento para preparar cuerpo y mente de forma holística.","Realizá una secuencia de yoga dinámica tipo saludo al sol modificado. Coordiná la respiración con cada movimiento. Prepará cuerpo y mente de forma holística, manteniendo el control y la fluidez en cada postura.","true"
"727","newExercises","Cardio ligero de 3 minutos","WARMUP","Full body","Peso corporal","full_body|peso_corporal|cardio|calentamiento","Sesión de cardio ligero de 3 minutos para elevar la temperatura corporal rápidamente. Ideal como calentamiento express antes de entrenamientos cortos o como segunda fase de calentamiento.","Realizá cardio ligero durante 3 minutos: marcha rápida, trote suave o jumping jacks. Elevá la temperatura corporal de forma progresiva. Es un calentamiento express ideal antes de entrenamientos cortos.","true"
"728","newExercises","Calentamiento de high knees lateral","WARMUP","Piernas","Peso corporal","piernas|peso_corporal|high_knees|cardio|cadera","Ejercicio de calentamiento cardiovascular que combina high knees (rodillas altas) con desplazamiento lateral. Activa cuádriceps, flexores de cadera, glúteos y sistema cardiovascular de forma integral.","Realizá high knees (rodillas altas) mientras te desplazás lateralmente. Activá cuádriceps, flexores de cadera y glúteos. Mantené el ritmo constante y aumentá progresivamente la velocidad.","true"
"729","newExercises","Prep de articulaciones","WARMUP","Full body","Peso corporal","full_body|peso_corporal|articulaciones|movilidad|calentamiento","Rutina de preparación articular completa que incluye movilidad de tobillos, rodillas, caderas, muñecas, hombros y cuello. Prepara todas las articulaciones principales para el entrenamiento.","Realizá movilidad articular completa: tobillos, rodillas, caderas, muñecas, hombros y cuello. Prepará todas las articulaciones principales con movimientos circulares y controlados. Hacelo de forma suave y progresiva.","true"
"730","newExercises","Circulación de tobillos","WARMUP","Tobillos","Peso corporal","tobillos|peso_corporal|circulacion|movilidad","Ejercicio de calentamiento de movilidad para tobillos que consiste en realizar círculos completos con el pie en ambas direcciones. Prepara la articulación tibioperoneaastrogálica para movimientos dinámicos.","Realizá círculos completos con cada pie en ambas direcciones. Prepará los tobillos para soportar cargas y movimientos dinámicos. Hacelo de forma suave y controlada, primero hacia un lado y luego hacia el otro.","true"
"731","newExercises","Activación de rotadores externos","WARMUP","Hombros","Banda","hombros|banda|rotadores_externos|activacion|manguito_rotador","Ejercicio de activación del manguito rotador utilizando banda elástica. Se realiza rotación externa del hombro con el codo pegado al cuerpo para fortalecer los rotadores externos y prevenir lesiones.","Con la banda elástica y el codo pegado al cuerpo, realizá rotaciones externas del hombro. Activá el manguito rotador sintiendo la contracción en la parte posterior del hombro. Mantené el control y la tensión constante en la banda.","true"
"732","newExercises","Cardio moderado de 3 minutos","WARMUP","Full body","Peso corporal","full_body|peso_corporal|cardio|calentamiento","Sesión de cardio moderado de 3 minutos con intensidad media-alta. Incluye trote suave, jumping jacks o mountain climbers para elevar la frecuencia cardíaca de forma efectiva.","Realizá cardio moderado durante 3 minutos: trote suave, jumping jacks o mountain climbers. Elevá la frecuencia cardíaca a un nivel medio-alto. Mantené un ritmo constante que te haga respirar un poco más rápido.","true"
"733","newExercises","Marcha con rotación","WARMUP","Core","Peso corporal","core|peso_corporal|marcha|rotacion|oblicuos","Ejercicio de calentamiento que combina marcha en el lugar con rotación del torso. Activa los oblicuos, recto abdominal y erectores espinales mientras eleva la temperatura corporal.","Marchá en el lugar mientras rotás el torso de un lado al otro. Activá los oblicuos y el core con cada rotación. Mantené la postura erguida y aumentá progresivamente la amplitud del giro.","true"
"734","newExercises","Marcha con extensión de pierna","WARMUP","Piernas","Peso corporal","piernas|peso_corporal|marcha|extension|cuadriceps","Ejercicio de calentamiento que combina marcha en el lugar con extensión de la pierna hacia adelante. Activa cuádriceps, isquiotibiales y flexores de cadera preparando las piernas para el entrenamiento.","Marchá en el lugar extendiendo cada pierna hacia adelante de forma alternada. Activá cuádriceps e isquiotibiales. Mantené el equilibrio y el control en cada extensión, sin bloquear completamente la rodilla.","true"
"735","newExercises","Prep de sistema nervioso","WARMUP","Full body","Peso corporal","full_body|peso_corporal|neural|sistema_nervioso|reactividad","Ejercicio de preparación del sistema nervioso central con movimientos rápidos y coordinados. Incluye saltos de reacción, cambios de dirección y movimientos pliométricos ligeros para activar las vías neuromusculares.","Realizá movimientos rápidos y coordinados: saltos de reacción, cambios de dirección y movimientos pliométricos ligeros. Activá el sistema nervioso central respondiendo lo más rápido posible a cada estímulo.","true"
"736","newExercises","Circulación de brazos","WARMUP","Hombros","Peso corporal","hombros|peso_corporal|circulacion|movilidad","Ejercicio de calentamiento de movilidad para hombros que consiste en realizar círculos amplios con los brazos en ambas direcciones. Prepara la articulación escapulohumeral y el manguito rotador.","Realizá círculos amplios con los brazos hacia adelante y atrás. Prepará los hombros y el manguito rotador con movimientos dinámicos. Aumentá progresivamente el diámetro de los círculos sin forzar.","true"
"737","newExercises","Flow de animal walk","WARMUP","Full body","Peso corporal","full_body|peso_corporal|animal_walk|movilidad|coordinacion","Secuencia de calentamiento inspirada en movimientos animales como el oso, cangrejo, gorila y cocodrilo. Desarrolla movilidad articular, coordinación y activación de todo el cuerpo de forma lúdica.","Desplazate por el suelo imitando movimientos de animales: oso, cangrejo, gorila y cocodrilo. Desarrollá movilidad, coordinación y activación de todo el cuerpo. Mantené el control y la fluidez en cada movimiento.","true"
"738","newExercises","Prep neural de saltos","WARMUP","Piernas","Peso corporal","piernas|peso_corporal|neural|saltos|pliometria","Ejercicio de preparación neuromuscular enfocado en saltos pliométricos ligeros. Incluye saltos al cajón bajo, skipping y saltos en el lugar para activar las unidades motoras de las piernas.","Realizá saltos pliométricos ligeros: saltos al cajón bajo, skipping y saltos en el lugar. Activá las unidades motoras de las piernas con movimientos explosivos pero controlados. Aterrizá suavemente en cada salto.","true"
"739","newExercises","Movilidad articular general","WARMUP","Full body","Peso corporal","full_body|peso_corporal|movilidad|articular|calentamiento","Rutina completa de movilidad articular que abarca todas las articulaciones principales del cuerpo. Incluye círculos y movimientos controlados de tobillos, rodillas, caderas, columna, hombros y cuello.","Realizá movilidad articular completa de todo el cuerpo: tobillos, rodillas, caderas, columna, hombros y cuello. Prepará todas las articulaciones con movimientos circulares y controlados. Hacelo de forma suave y progresiva.","true"
"740","newExercises","Dinámico estiramiento de cadera","WARMUP","Cadera","Peso corporal","cadera|peso_corporal|estiramiento|movilidad|dinamico","Ejercicio de calentamiento dinámico enfocado en el estiramiento de la cadera. Incluye aperturas laterales, flexiones y extensiones controladas para mejorar la movilidad de la articulación coxofemoral.","Realizá aperturas laterales, flexiones y extensiones controladas de cadera. Mejorá la movilidad de la articulación coxofemoral con movimientos dinámicos. Aumentá progresivamente la amplitud sin forzar.","true"
"741","newExercises","Circulación general","WARMUP","Full body","Peso corporal","full_body|peso_corporal|circulacion|calentamiento","Ejercicio de calentamiento general que combina movimientos de brazos y piernas para mejorar la circulación sanguínea. Incluye balanceos, rotaciones y movimientos coordinados de todo el cuerpo.","Realizá movimientos coordinados de brazos y piernas: balanceos, rotaciones y movimientos amplios. Mejorá la circulación sanguínea de todo el cuerpo. Mantené el ritmo constante y aumentá progresivamente la intensidad.","true"
"742","newExercises","Movilidad de muñecas dinámica","WARMUP","Muñecas","Peso corporal","munecas|peso_corporal|movilidad|dinamico","Ejercicio de calentamiento dinámico enfocado en la movilidad de muñecas. Incluye círculos, flexiones, extensiones y desviaciones laterales controladas para preparar las articulaciones radiocarpianas.","Realizá círculos, flexiones, extensiones y desviaciones laterales con las muñecas. Prepará las articulaciones radiocarpianas con movimientos dinámicos y controlados. Hacelo en ambas manos de forma suave.","true"
"743","newExercises","Prep neural de sprint","WARMUP","Piernas","Peso corporal","piernas|peso_corporal|neural|sprint|velocidad","Ejercicio de preparación neuromuscular específico para sprint. Incluye aceleraciones progresivas, skipping alto, butt kicks y drills de carrera para activar las unidades motoras de las piernas y el sistema nervioso.","Realizá aceleraciones progresivas, skipping alto, butt kicks y drills de carrera. Activá las unidades motoras de las piernas para el sprint. Aumentá progresivamente la velocidad sin llegar al máximo esfuerzo.","true"
"744","newExercises","Calentamiento de skipping bajo","WARMUP","Piernas","Peso corporal","piernas|peso_corporal|skipping|cardio|calentamiento","Ejercicio de calentamiento cardiovascular que consiste en skipping bajo (rodillas bajas) en el lugar. Activa cuádriceps, gemelos y sistema cardiovascular con impacto moderado.","Realizá skipping bajo en el lugar, manteniendo las rodillas a una altura moderada. Activá cuádriceps y gemelos con impacto controlado. Mantené el ritmo constante y aumentá progresivamente la velocidad.","true"
"745","newExercises","Circulación de cuello","WARMUP","Cuello","Peso corporal","cuello|peso_corporal|circulacion|movilidad","Ejercicio de calentamiento de movilidad para el cuello. Consiste en realizar círculos suaves, flexiones, extensiones y rotaciones laterales controladas para preparar la columna cervical.","Realizá círculos suaves, flexiones, extensiones y rotaciones laterales del cuello. Prepará la columna cervical con movimientos controlados y suaves. Evitá movimientos bruscos o forzados.","true"
"746","newExercises","Marcha con elevación de rodilla","WARMUP","Piernas","Peso corporal","piernas|peso_corporal|marcha|elevacion|flexores_cadera","Ejercicio de calentamiento que combina marcha en el lugar con elevación alta de rodillas. Activa flexores de cadera, cuádriceps, glúteos y core mientras eleva la temperatura corporal.","Marchá en el lugar elevando las rodillas lo más alto posible. Activá flexores de cadera, cuádriceps y glúteos. Mantené la postura erguida y el core activado durante todo el movimiento.","true"
"747","newExercises","Calentamiento de butt kicks","WARMUP","Piernas","Peso corporal","piernas|peso_corporal|butt_kicks|isquiotibiales|cardio","Ejercicio de calentamiento cardiovascular que consiste en correr en el lugar llevando los talones hacia los glúteos. Activa isquiotibiales, gemelos y sistema cardiovascular de forma dinámica.","Corré en el lugar llevando los talones hacia los glúteos de forma alternada. Activá isquiotibiales y gemelos con movimientos dinámicos. Mantené el ritmo constante y aumentá progresivamente la velocidad.","true"
"748","newExercises","Activación de abductores","WARMUP","Cadera","Banda","cadera|banda|abductores|activacion","Ejercicio de activación de los músculos abductores de cadera utilizando banda elástica. Incluye abducciones laterales, caminata lateral y puente con abducción para despertar la musculatura lateral de la cadera.","Con la banda elástica sobre las rodillas, realizá abducciones laterales, caminata lateral o puente con abducción. Activá los abductores de cadera sintiendo la contracción en la parte lateral del glúteo. Mantené la tensión constante en la banda.","true"
"749","newExercises","Respiración ujjayi","COOLDOWN","Full body","Peso corporal","respiracion|pranayama|ujjayi|relajacion|mindfulness","Técnica de respiración yóguica Ujjayi (victoria) que consiste en inhalar y exhalar por la nariz con una leve contracción de la glotis, generando un sonido suave y rítmico. Calma el sistema nervioso, reduce la frecuencia cardíaca y prepara el cuerpo para la recuperación post-entrenamiento.","Sentate o acostate cómodamente. Inhalá y exhalá por la nariz contrayendo suavemente la garganta, como si hicieras niebla en un espejo pero con la boca cerrada. Escuchá el sonido suave y rítmico de tu respiración. Mantené un ritmo lento y profundo durante todo el ejercicio.","true"
"750","newExercises","Respiración de fuego","COOLDOWN","Full body","Peso corporal","respiracion|pranayama|kapalabhati|energia|desintoxicacion","Técnica de respiración yóguica Kapalabhati (respiración de fuego) que consiste en exhalaciones rápidas y activas por la nariz seguidas de inhalaciones pasivas automáticas. Estimula el sistema nervioso, oxigena la sangre y ayuda a liberar toxinas acumuladas durante el entrenamiento.","Sentate con la espalda recta. Exhalá rápidamente y con fuerza por la nariz contrayendo el abdomen, dejando que la inhalación ocurra sola de forma pasiva. Repetí este ritmo rápido y rítmico. Si te mareás, pará y respirá normalmente antes de continuar.","true"
"751","newExercises","Meditación guiada de 10 minutos","COOLDOWN","Full body","Peso corporal","meditacion|mindfulness|relajacion|recuperacion|mental","Sesión de meditación guiada de 10 minutos diseñada para la recuperación post-entrenamiento. Incluye visualizaciones de relajación muscular progresiva, atención plena en la respiración y técnicas de anclaje para reducir el estrés y acelerar la recuperación del sistema nervioso.","Acostate o sentate cómodamente en un lugar tranquilo. Cerrá los ojos y seguí las instrucciones de la meditación guiada. Enfocá tu atención en la respiración y dejá que tu cuerpo se relaje profundamente. No juzgues los pensamientos que aparezcan, simplemente observalos y dejalos ir.","true"
"752","newExercises","Masaje automasaje de espalda","COOLDOWN","Espalda","Pelota","espalda|pelota|automaje|miofascial|recuperacion","Técnica de automasaje miofascial de la espalda utilizando una pelota de masaje o tenis. Se coloca la pelota entre la espalda y la pared o el suelo y se realizan movimientos lentos para liberar tensiones en la musculatura paraespinal, romboides y trapecio.","Colocá una pelota de tenis o masaje entre tu espalda y la pared o el suelo. Movete lentamente de arriba hacia abajo y de lado a lado, buscando los puntos de tensión. Cuando encuentres uno, mantené la presión suave durante 20-30 segundos. Respirá profundo mientras el músculo se relaja.","true"
"753","newExercises","Respiración cuadrada","COOLDOWN","Full body","Peso corporal","respiracion|box_breathing|relajacion|parasimpatico|recuperacion","Técnica de respiración cuadrada o box breathing que consiste en inhalar, retener, exhalar y retener el aire por igual cantidad de tiempo (generalmente 4 segundos cada fase). Equilibra el sistema nervioso autónomo, reduce la ansiedad y acelera la recuperación cardiovascular post-entrenamiento.","Sentate cómodamente con la espalda recta. Inhalá contando 4 segundos, retené el aire 4 segundos, exhalá 4 segundos y quedate sin aire 4 segundos. Repetí este ciclo cuadrado de forma rítmica y pausada. Enfocá tu atención en el flujo del aire y en la sensación de calma.","true"
"754","newExercises","Postura de recuperación fetal","COOLDOWN","Espalda","Peso corporal","espalda|peso_corporal|postura|relajacion|balasana","Postura de recuperación inspirada en la posición fetal y en Balasana (postura del niño) del yoga. Consiste en acostarse de lado con las rodillas flexionadas hacia el pecho y los brazos relajados. Libera tensiones lumbares, relaja el sistema nervioso y favorece la recuperación profunda.","Acostate de lado sobre una colchoneta. Flexioná las rodillas hacia el pecho y relajá los brazos frente a vos o debajo de la cabeza. Cerrá los ojos y respirá profundamente. Sentí cómo se libera la tensión lumbar y tu cuerpo se relaja completamente. Mantené la postura el tiempo que necesites.","true"
"755","newExercises","Relajación progresiva de cuello","COOLDOWN","Cuello","Peso corporal","cuello|peso_corporal|relajacion_progresiva|tension|recuperacion","Técnica de relajación progresiva específica para la musculatura del cuello. Incluye contracciones y relajaciones sucesivas de los músculos del cuello y trapecio superior, seguidas de movimientos de rotación y flexión controlados para liberar tensiones acumuladas.","Sentate o parate cómodamente. Contraé suavemente los músculos del cuello durante 5 segundos y relajalos por completo. Repetí 3 veces. Luego realizá rotaciones lentas de la cabeza y flexiones suaves de lado a lado. Sentí cómo se disuelve la tensión con cada movimiento.","true"
"756","newExercises","Foam roller de pantorrilla","COOLDOWN","Pantorrilla","Foam roller","pantorrilla|foam_roller|miofascial|automaje|recuperacion","Técnica de liberación miofascial de la pantorrilla utilizando foam roller. Se colocan las pantorrillas sobre el rodillo y se realizan movimientos lentos de arriba hacia abajo para masajear los gemelos y el sóleo, mejorando la circulación y reduciendo la tensión muscular post-entrenamiento.","Sentate en el piso con las piernas extendidas y colocá el foam roller debajo de las pantorrillas. Apoyate con las manos detrás y deslizate lentamente de arriba hacia abajo. Cuando encuentres un punto de tensión, detenete y mantené la presión 20-30 segundos. Respirá profundo mientras el músculo se libera.","true"
"757","newExercises","Postura de recuperación con piernas en pared","COOLDOWN","Piernas","Peso corporal","piernas|peso_corporal|viparita_karani|circulacion|relajacion","Postura de recuperación Viparita Karani (piernas sobre la pared) que consiste en acostarse boca arriba con las piernas extendidas verticalmente contra una pared. Favorece el retorno venoso, reduce la inflamación de piernas y pies, y activa el sistema nervioso parasimpático para una recuperación profunda.","Acostate boca arriba cerca de una pared y elevá las piernas extendidas contra ella. Relajá los brazos a los costados con las palmas hacia arriba. Cerrá los ojos y respirá profundamente. Sentí cómo la sangre vuelve desde las piernas hacia el corazón, reduciendo la inflamación y la fatiga.","true"
"758","newExercises","Movilidad suave de tobillos","COOLDOWN","Tobillos","Peso corporal","tobillos|peso_corporal|movilidad|recuperacion|articulacion","Ejercicio de movilidad suave y controlada para los tobillos post-entrenamiento. Incluye círculos lentos, flexiones, extensiones y rotaciones de la articulación tibioperoneaastrogálica para mejorar la recuperación, reducir la rigidez y mantener el rango de movimiento.","Sentate o parate cómodamente. Realizá círculos lentos con cada tobillo en ambas direcciones, luego flexiones y extensiones suaves. Mové la articulación de forma controlada y sin dolor. Esto ayuda a reducir la rigidez post-entrenamiento y mantener la movilidad articular.","true"
"759","newExercises","Estiramiento pasivo de hombros","COOLDOWN","Hombros","Peso corporal","hombros|peso_corporal|estiramiento_pasivo|flexibilidad|recuperacion","Estiramiento pasivo de los hombros que utiliza la gravedad y la relajación para aumentar el rango de movimiento. Incluye posiciones como el estiramiento del pectoral en marco de puerta, el gomito sobre la cabeza y la rotación interna con el brazo cruzado al pecho.","Parate en el marco de una puerta. Colocá el antebrazo en el marco a 90 grados y girá el torso suavemente hacia el lado opuesto. Sentí el estiramiento en el hombro y el pecho. Mantené la posición 30-45 segundos sin forzar. Cambiá de lado y repetí. Respirá profundo y relajá el hombro.","true"
"760","newExercises","Relajación progresiva completa","COOLDOWN","Full body","Peso corporal","full_body|peso_corporal|relajacion_progresiva|tension|mindfulness","Técnica de relajación progresiva de Jacobson adaptada para la recuperación post-entrenamiento. Consiste en contraer y relajar sucesivamente todos los grupos musculares principales del cuerpo, desde los pies hasta la cabeza, para liberar tensiones profundas y activar la respuesta de relajación.","Acostate boca arriba en un lugar tranquilo. Empezá por los pies: contraé los músculos durante 5 segundos y relajalos por completo. Subí gradualmente por piernas, glúteos, abdomen, pecho, brazos, hombros, cuello y cara. En cada grupo, sentí la diferencia entre la tensión y la relajación total.","true"
"761","newExercises","Foam roller de piernas","COOLDOWN","Piernas","Foam roller","piernas|foam_roller|miofascial|automaje|cuadriceps|isquiotibiales","Técnica de liberación miofascial completa de las piernas utilizando foam roller. Cubre cuádriceps, isquiotibiales, aductores e ilíotibial con movimientos lentos y presión controlada para mejorar la recuperación, reducir la rigidez y prevenir lesiones post-entrenamiento.","Colocá el foam roller debajo de los cuádriceps y deslizate lentamente de la cadera hacia la rodilla. Buscá los puntos de tensión y mantené la presión 20-30 segundos. Repetí con isquiotibiales, aductores e ilíotibial. Respirá profundo mientras el músculo se libera. El dolor debe ser tolerable, nunca agudo.","true"
"762","newExercises","Masaje automasaje de piernas","COOLDOWN","Piernas","Peso corporal","piernas|peso_corporal|automaje|circulacion|recuperacion","Técnica de automasaje manual de las piernas utilizando las propias manos. Incluye amasamiento, fricciones y presiones en cuádriceps, isquiotibiales, gemelos y aductores para estimular la circulación linfática, reducir la inflamación y acelerar la recuperación muscular.","Sentate y masajeá tus piernas con las manos usando movimientos de amasamiento y fricción. Empezá por los muslos y bajá hacia las pantorrillas. Aplicá una presión moderada y constante. Esto estimula la circulación y ayuda a reducir la inflamación post-entrenamiento. Usá aceite o crema si preferís.","true"
"763","newExercises","Foam roller de lats","COOLDOWN","Espalda","Foam roller","espalda|foam_roller|lats|miofascial|dorsal_ancho","Técnica de liberación miofascial del dorsal ancho (lats) utilizando foam roller. Se coloca el rodillo a los costados de la espalda baja y se realizan movimientos lentos hacia las axilas para liberar tensiones en la musculatura lateral del torso y mejorar la movilidad del hombro.","Acostate de costado con el foam roller debajo de la axila. Apoyate con el antebrazo en el piso y deslizate lentamente hacia abajo y arriba por el costado de la espalda. Buscá los puntos de tensión y mantené la presión 20-30 segundos. Cambiá de lado. Sentí cómo se libera el dorsal ancho.","true"
"764","newExercises","Estiramiento pasivo de espalda","COOLDOWN","Espalda","Peso corporal","espalda|peso_corporal|estiramiento_pasivo|flexibilidad|relajacion","Estiramiento pasivo de la espalda que utiliza posiciones sostenidas y la relajación para alargar la musculatura paraespinal. Incluye la postura del gato-vaca pasiva, el niño (Balasana) y la flexión hacia adelante sentado para liberar tensiones lumbares y dorsales.","Arrodillate y sentate sobre los talones con los brazos extendidos hacia adelante (postura del niño). Dejá la frente en el piso y relajá completamente la espalda. Mantené la posición 45-60 segundos respirando profundo. Sentí cómo se alarga la columna y se disuelve la tensión lumbar.","true"
"765","newExercises","Yoga restaurativo completo","COOLDOWN","Full body","Peso corporal","full_body|peso_corporal|yoga|restaurativo|relajacion|recuperacion","Secuencia completa de yoga restaurativo diseñada para la recuperación profunda post-entrenamiento. Combina posturas sostenidas con apoyos (cojines, mantas), respiración consciente y meditación para restaurar el equilibrio del sistema nervioso y acelerar la recuperación física y mental.","Prepará un espacio cómodo con cojines y mantas. Realizá posturas de yoga restaurativas sostenidas durante 3-5 minutos cada una: niño, piernas en pared, torsión supina y Savasana. En cada postura, cerrá los ojos, respirá profundo y dejá que tu cuerpo se sostenga completamente por los apoyos.","true"
"766","newExercises","Postura de recuperación supina","COOLDOWN","Full body","Peso corporal","full_body|peso_corporal|savasana|relajacion|recuperacion","Postura de recuperación supina (Savasana) que consiste en acostarse boca arriba con los brazos y piernas extendidas y relajadas. Es la postura final del yoga que permite la integración completa de los beneficios del entrenamiento, reduciendo el estrés y favoreciendo la recuperación profunda.","Acostate boca arriba sobre una colchoneta. Extendé los brazos a los costados con las palmas hacia arriba y separá las piernas ligeramente. Cerrá los ojos y relajá cada parte del cuerpo conscientemente, desde los pies hasta la cabeza. Quedate en silencio respirando naturalmente durante 5-10 minutos.","true"
"767","newExercises","Estiramiento pasivo de pecho","COOLDOWN","Pecho","Peso corporal","pecho|peso_corporal|estiramiento_pasivo|pectoral|apertura","Estiramiento pasivo del pectoral mayor y menor utilizando un marco de puerta o la pared. Se coloca el antebrazo en el marco a 90 grados y se rota el torso suavemente para abrir el pecho, mejorar la postura y compensar los patrones de flexión dominantes del entrenamiento.","Parate en el marco de una puerta. Colocá el antebrazo en el marco a la altura del hombro formando un ángulo de 90 grados. Girá el torso lentamente hacia el lado opuesto hasta sentir el estiramiento en el pecho. Mantené 30-45 segundos. Cambiá de lado. No fuerces el hombro.","true"
"768","newExercises","Yoga restaurativo de espalda","COOLDOWN","Espalda","Peso corporal","espalda|peso_corporal|yoga|restaurativo|relajacion|lumbalgia","Secuencia de yoga restaurativo específica para la recuperación de la espalda. Incluye posturas como el niño, la torsión supina con rodillas al pecho, la postura del puente suave y Savasana para liberar tensiones lumbares, mejorar la circulación y restaurar la salud de la columna vertebral.","Acostate boca arriba y llevá las rodillas al pecho. Abrázalas con los brazos y balanceate suavemente de lado a lado masajeando la zona lumbar. Luego dejá caer ambas rodillas hacia un lado para la torsión supina. Mantené cada postura 1-2 minutos respirando profundo y relajando la espalda.","true"
"769","newExercises","Meditación de escaneo corporal","COOLDOWN","Full body","Peso corporal","full_body|peso_corporal|meditacion|escaneo_corporal|mindfulness","Técnica de meditación de atención plena (mindfulness) que consiste en escanear conscientemente cada parte del cuerpo desde los pies hasta la cabeza. Detecta áreas de tensión, dolor o fatiga post-entrenamiento y promueve la relajación profunda a través de la conciencia corporal.","Acostate boca arriba con los ojos cerrados. Empezá por los pies y subí lentamente tu atención por cada parte del cuerpo: tobillos, rodillas, caderas, espalda, pecho, brazos, hombros, cuello, cara. En cada zona, notá las sensaciones sin juzgarlas. Si encontrás tensión, respirá hacia ese lugar y dejala ir.","true"
"770","newExercises","Estiramiento pasivo de cuello","COOLDOWN","Cuello","Peso corporal","cuello|peso_corporal|estiramiento_pasivo|trapecio|relajacion","Estiramiento pasivo del cuello que incluye inclinaciones laterales, rotaciones suaves y flexiones hacia adelante y atrás. Utiliza la gravedad y la relajación para alargar los músculos del cuello, trapecio superior y esternocleidomastoideo, reduciendo tensiones acumuladas durante el entrenamiento.","Sentate o parate cómodamente. Incliná la cabeza lentamente hacia un hombro manteniendo el hombro abajo. Sentí el estiramiento en el lado opuesto del cuello. Mantené 20-30 segundos. Repetí hacia el otro lado, luego hacia adelante y atrás suavemente. No fuerces nunca hacia atrás.","true"
"771","newExercises","Masaje con pelota de espalda","COOLDOWN","Espalda","Pelota","espalda|pelota|automaje|miofascial|paraespinales","Técnica de automasaje miofascial de la espalda utilizando una pelota de masaje, lacrosse o tenis. Se coloca la pelota entre la espalda y la pared o el suelo para aplicar presión en los puntos gatillo de la musculatura paraespinal, liberando tensiones y mejorando la movilidad torácica.","Colocá una pelota de masaje entre tu espalda y la pared. Movete lentamente de arriba hacia abajo por la columna, buscando los puntos de tensión. Cuando encuentres uno, mantené la presión suave y respirá profundo durante 20-30 segundos. Sentí cómo el músculo se libera gradualmente.","true"
"772","newExercises","Respiración alternada","COOLDOWN","Full body","Peso corporal","respiracion|nadi_shodhana|pranayama|equilibrio|relajacion","Técnica de respiración yóguica Nadi Shodhana (respiración alternada por fosas nasales) que consiste en inhalar por una fosa nasal, retener el aire y exhalar por la otra, alternando lados. Equilibra los hemisferios cerebrales, calma la mente y prepara el cuerpo para una recuperación profunda.","Sentate cómodamente. Con el pulgar cerrá la fosa nasal derecha e inhalá por la izquierda. Cerrá ambas fosas con el pulgar y el meñique, retené unos segundos. Soltá el pulgar y exhalá por la derecha. Inhalá por la derecha, cerrá ambas, soltá el meñique y exhalá por la izquierda. Repetí el ciclo suavemente.","true"
"773","newExercises","Caminata lenta de recuperación","COOLDOWN","Full body","Peso corporal","full_body|peso_corporal|caminata|recuperacion_activa|cardio_ligero","Ejercicio de recuperación activa que consiste en caminar lentamente durante 5-10 minutos post-entrenamiento. Mantiene la circulación sanguínea activa, facilita la eliminación de lactato muscular, reduce la rigidez y permite una transición gradual del estado de ejercicio al reposo.","Caminá lentamente por 5-10 minutos en un lugar tranquilo. Mantené un paso relajado y respirá profundamente por la nariz. Dejá que los brazos se balanceen naturalmente. Esta caminata suave ayuda a tu cuerpo a eliminar toxinas y a transicionar gradualmente del ejercicio al reposo.","true"
"774","newExercises","Estiramiento pasivo completo","COOLDOWN","Full body","Peso corporal","full_body|peso_corporal|estiramiento_pasivo|flexibilidad|recuperacion","Rutina completa de estiramiento pasivo que abarca todos los grupos musculares principales del cuerpo. Incluye estiramientos sostenidos de 30-45 segundos para piernas, espalda, pecho, hombros y cuello, utilizando la gravedad y la relajación para mejorar la flexibilidad y acelerar la recuperación.","Realizá una secuencia de estiramientos pasivos sostenidos: piernas (touch your toes sentado), espalda (niño), pecho (marco de puerta), hombros (brazo cruzado al pecho) y cuello (inclinaciones laterales). Mantené cada estiramiento 30-45 segundos respirando profundo. Nunca fuerces, dejá que la gravedad haga el trabajo.","true"
"775","newExercises","Movilidad suave de espalda","COOLDOWN","Espalda","Peso corporal","espalda|peso_corporal|movilidad|suave|columna","Ejercicio de movilidad suave y controlada de la columna vertebral post-entrenamiento. Incluye rotaciones torácicas suaves, flexiones laterales, círculos de cadera y movimientos de gato-vaca lentos para mantener el rango de movimiento y reducir la rigidez lumbar y dorsal.","Arrodillate a cuatro puntos. Realizá movimientos de gato-vaca lentos: arqueá la espalda hacia arriba (gato) y luego hacia abajo (vaca). Luego hacé rotaciones torácicas suaves y flexiones laterales. Mové la columna de forma controlada y sin dolor. Esto mantiene la movilidad y reduce la rigidez post-entrenamiento.","true"
"776","newExercises","Movilidad suave de cadera","COOLDOWN","Cadera","Peso corporal","cadera|peso_corporal|movilidad|suave|articulacion","Ejercicio de movilidad suave de la cadera post-entrenamiento que incluye círculos controlados, aperturas laterales suaves y rotaciones internas y externas. Mantiene el rango de movimiento de la articulación coxofemoral, reduce la rigidez y favorece la recuperación de los músculos de la cadera.","Acostate boca arriba o parate sujetándote de algo. Realizá círculos suaves con una pierna en la articulación de la cadera, luego abrí lateralmente suavemente y hacé rotaciones internas y externas. Repetí con la otra pierna. Mové la articulación de forma controlada, sin dolor ni forzar el rango.","true"
"777","newExercises","Relajación de mandíbula","COOLDOWN","Cuello","Peso corporal","cuello|peso_corporal|mandibula|tmj|relajacion|tension","Técnica de relajación específica para la musculatura de la mandíbula y el cuello. Incluye masaje suave de los músculos maseteros, apertura y cierre lento de la boca, y movimientos laterales controlados para liberar tensiones acumuladas durante el entrenamiento y reducir el bruxismo.","Sentate cómodamente con los ojos cerrados. Masajeá suavemente los músculos de las mejillas (maseteros) con los dedos índice y medio. Luego abrí y cerrá la boca lentamente 5 veces, y mové la mandíbula de lado a lado suavemente. Sentí cómo se libera la tensión de la mandíbula y el cuello.","true"
"778","newExercises","Movilidad de nervio ulnar","OTHER","Antebrazos","Peso corporal","brazos|peso_corporal|nervio_ulnar|movilidad_neural|prehab","Ejercicio de movilización neural del nervio ulnar que discurre por el brazo hasta la mano. Consiste en movimientos controlados de extensión del codo con flexión de muñeca y dedos para deslizar y tensionar el nervio, mejorando su movilidad y reduciendo síntomas de compresión como hormigueo en el meñique.","Extendé el brazo hacia adelante con la palma hacia arriba. Flexioná la muñeca hacia atrás y separá los dedos. Luego incliná la cabeza hacia el lado opuesto suavemente. Sentí un estiramiento leve por el interior del brazo. Mantené 3-5 segundos y relajá. Repetí 8-10 veces. El estiramiento debe ser suave, nunca doloroso.","true"
"779","newExercises","Recuperación con compresión","OTHER","Piernas","Banda","piernas|bandas_compresion|recuperacion|circulacion|vascular","Técnica de recuperación vascular que utiliza bandas de compresión o vendajes elásticos aplicados en las piernas para mejorar el retorno venoso, reducir la inflamación post-entrenamiento y acelerar la eliminación de metabolitos como el lactato. Se aplica presión gradual desde los tobillos hacia los muslos.","Envolvé las piernas con vendajes elásticos o bandas de compresión desde los tobillos hacia arriba, aplicando presión moderada y uniforme. La compresión debe ser más firme en los tobillos y más suave hacia los muslos. Mantené las piernas elevadas durante 15-20 minutos mientras descansás. No debe causar dolor ni entumecimiento.","true"
"780","newExercises","Conciencia corporal general","OTHER","Full body","Peso corporal","full_body|peso_corporal|conciencia_corporal|propiocepcion|mindfulness","Ejercicio de entrenamiento de la propiocepción y conciencia corporal que consiste en realizar movimientos lentos y controlados prestando atención consciente a las sensaciones de cada parte del cuerpo. Mejora la conexión mente-músculo, la coordinación y la capacidad de detectar desequilibrios posturales.","Parate cómodamente con los ojos cerrados. Prestad atención a cada parte de tu cuerpo empezando por los pies y subiendo hasta la cabeza. Notá las sensaciones, temperatura, tensión o relajación de cada zona. Luego realizá movimientos lentos (flexiones, rotaciones) manteniendo la atención plena en lo que sentís. La calidad del movimiento y la conexión con tu cuerpo es lo más importante.","true"
"781","newExercises","Trabajo de respiración diafragmática","OTHER","Core","Peso corporal","core|peso_corporal|respiracion|diafragma|bracing|estabilizacion","Ejercicio de activación y entrenamiento del diafragma como músculo estabilizador del core. Consiste en respiraciones profundas enfocadas en la expansión abdominal y costal, mejorando la estabilidad lumbopélvica, la oxigenación y la función del sistema nervioso parasimpático.","Acostate boca arriba con una mano sobre el pecho y otra sobre el abdomen. Inhalá profundamente por la nariz haciendo que suba solo la mano del abdomen (el pecho debe quedar quieto). Exhalá lentamente por la boca contrayendo suavemente el abdomen. Repetí 10 veces enfocándote en que el diafragma haga el trabajo, no el pecho.","true"
"782","newExercises","Recuperación con elevación","OTHER","Piernas","Peso corporal","piernas|peso_corporal|elevacion|circulacion|retorno_venoso|recuperacion","Técnica de recuperación pasiva que consiste en elevar las piernas por encima del nivel del corazón para favorecer el retorno venoso y linfático, reducir la inflamación de tobillos y pies, y acelerar la recuperación muscular post-entrenamiento de alta intensidad.","Acostate boca arriba y elevá las piernas apoyándolas contra una pared o sobre almohadas, de forma que queden por encima del nivel del corazón. Relajá completamente los brazos a los costados. Mantené la posición 10-15 minutos respirando profundamente. Sentí cómo la sangre vuelve desde las piernas y se reduce la inflamación.","true"
"783","newExercises","Prehab de tobillos","OTHER","Tobillos","Banda","tobillos|banda|prehab|estabilizacion|propiocepcion|prevencion","Ejercicios de prehabilitación (prehab) para tobillos diseñados para fortalecer los estabilizadores de la articulación, mejorar la propiocepción y prevenir esguinces. Incluye movimientos con banda elástica de inversión, eversión, flexión dorsal y plantar contra resistencia controlada.","Sentate con la pierna extendida y colocá una banda elástica alrededor del pie. Realizá movimientos controlados de flexión hacia arriba, hacia abajo y de lado a lado contra la resistencia de la banda. Mantené el movimiento lento y controlado, enfocándote en la estabilidad del tobillo. Repetí 12-15 veces por dirección.","true"
"784","newExercises","Prehab de cadera con banda","OTHER","Cadera","Banda","cadera|banda|prehab|abductores|rotadores|prevencion","Ejercicios de prehabilitación de cadera utilizando banda elástica para fortalecer los estabilizadores de la articulación coxofemoral. Incluye abducciones, rotaciones externas e internas, y caminata lateral con banda para prevenir lesiones de cadera, rodilla y tobillo.","Colocá la banda elástica alrededor de las rodillas o los tobillos. Realizá abducciones laterales, rotaciones externas con el codo pegado al cuerpo, y caminata lateral manteniendo la tensión en la banda. Enfocáte en la estabilidad de la cadera y en no compensar con el tronco. Repetí 12-15 veces por ejercicio.","true"
"785","newExercises","Mindfulness de enfoque","OTHER","Full body","Peso corporal","full_body|peso_corporal|mindfulness|enfoque|atencion_plena|mental","Ejercicio de entrenamiento de la atención plena (mindfulness) enfocado en desarrollar la concentración y el enfoque mental. Consiste en focalizar la atención en un único objeto, sonido o sensación corporal durante un período determinado, entrenando la capacidad de mantener la concentración y reducir la dispersión mental.","Sentate cómodamente en un lugar tranquilo. Elegí un punto de foco: puede ser tu respiración, una vela, un sonido o una sensación corporal. Mantené tu atención en ese punto. Cuando notes que tu mente se dispersa, gentilmente traéla de vuelta sin juzgar. Practica durante 5-10 minutos. La paciencia y la constancia son clave.","true"
"786","newExercises","Movilidad de nervio ciático","OTHER","Piernas","Peso corporal","piernas|peso_corporal|nervio_ciatico|movilidad_neural|prehab","Ejercicio de movilización neural del nervio ciático, el nervio más largo del cuerpo que discurre desde la columna lumbar hasta el pie. Consiste en movimientos controlados de extensión de rodilla con flexión dorsal del tobillo para deslizar y tensionar el nervio, mejorando su movilidad y reduciendo síntomas de ciática.","Acostate boca arriba. Elevá una pierna con la rodilla extendida y flexioná el tobillo hacia vos (flexión dorsal). Luego extendé el cuello llevando la barbilla al pecho. Sentí un estiramiento leve por la parte posterior de la pierna. Mantené 3-5 segundos y relajá. Repetí 8-10 veces por pierna. Nunca fuerces ni sientas dolor agudo.","true"
"787","newExercises","Mindfulness de escaneo corporal","OTHER","Full body","Peso corporal","full_body|peso_corporal|mindfulness|escaneo_corporal|body_scan|relajacion","Técnica de meditación de atención plena (body scan) que consiste en escanear conscientemente cada parte del cuerpo desde los pies hasta la cabeza. Detecta áreas de tensión, dolor o fatiga, promueve la relajación profunda y mejora la conexión mente-cuerpo para una mayor conciencia corporal.","Acostate boca arriba con los ojos cerrados. Empezá por los pies y subí lentamente tu atención por cada parte del cuerpo: tobillos, rodillas, caderas, espalda, pecho, brazos, hombros, cuello, cara. En cada zona, notá las sensaciones sin juzgarlas. Si encontrás tensión, respirá hacia ese lugar y dejala ir. Duración: 10-15 minutos.","true"
"788","newExercises","Rehab de espalda baja","OTHER","Espalda","Peso corporal","espalda|peso_corporal|rehab|lumbalgia|core|estabilizacion","Ejercicios de rehabilitación para la zona lumbar que incluyen activación del transverso del abdomen, puente de glúteos, bird-dog y torsiones suaves. Diseñados para fortalecer los estabilizadores de la columna, mejorar el control motor y reducir el dolor lumbar crónico o agudo de forma segura.","Acostate boca arriba con las rodillas flexionadas. Activá suavemente el abdomen como si te fueras a poner un cinturón apretado (sin hinchar la panza). Luego elevá las caderas en puente de glúteos manteniendo el core activado. Mantené 5 segundos y bajá controlado. Repetí 10 veces. Si sentís dolor, pará y consultá con un profesional.","true"
"789","newExercises","Masaje automasaje de fascia","OTHER","Full body","Foam roller","full_body|foam_roller|fascia|automaje|miofascial|recuperacion","Técnica de automasaje miofascial completo utilizando foam roller para liberar tensiones en la fascia, el tejido conectivo que envuelve los músculos. Se recorren las principales cadenas musculares (posterior, lateral, anterior) con movimientos lentos y presión controlada para mejorar la movilidad y reducir adherencias.","Usá el foam roller para recorrer todo el cuerpo: espalda, glúteos, muslos, pantorrillas y costados. Movete lentamente sobre el rodillo buscando los puntos de tensión. Cuando encuentres uno, mantené la presión 20-30 segundos respirando profundo. El dolor debe ser de presión, nunca agudo o punzante. Trabajá cada zona 1-2 minutos.","true"
"790","newExercises","Técnica de levantar objetos","OTHER","Espalda","Peso corporal","espalda|peso_corporal|ergonomia|levantamiento|prevencion|lumbalgia","Ejercicio de entrenamiento de la técnica correcta de levantamiento de objetos para prevenir lesiones lumbares. Enseña a flexionar las rodillas, mantener la espalda neutra, activar el core y utilizar la fuerza de las piernas en lugar de la espalda, aplicando principios ergonómicos fundamentales.","Parate frente al objeto con los pies a la altura de los hombros. Flexioná las rodillas y bajá las caderas manteniendo la espalda recta y el pecho arriba. Agarrá el objeto firme y levantalo usando la fuerza de las piernas, no de la espalda. Mantené el objeto cerca del cuerpo. Para bajarlo, repetí el mismo movimiento en reversa. Nunca dobles la espalda.","true"
"791","newExercises","Masaje automasaje con pelota de tenis","OTHER","Full body","Pelota","full_body|pelota|automaje|miofascial|puntos_gatillo|recuperacion","Técnica de automasaje miofascial utilizando una pelota de tenis o lacrosse para aplicar presión en puntos gatillo y áreas de tensión específicas del cuerpo. Ideal para zonas difíciles de alcanzar con el foam roller como los glúteos, dorsales, pectorales y zona cervical.","Usá una pelota de tenis o lacrosse para masajear zonas específicas: glúteos (sentado sobre la pelota), espalda (contra la pared), pies (de pie sobre la pelota) y pecho (acostado boca abajo). Buscá los puntos de tensión y mantené la presión 20-30 segundos. El dolor debe ser de presión tolerable, nunca agudo. Trabajá cada punto 1-2 minutos.","true"
"792","newExercises","Activación de core profundo","OTHER","Core","Peso corporal","core|peso_corporal|activacion|transverso|estabilizacion|prehab","Ejercicio de activación del core profundo enfocado en el músculo transverso del abdomen, el estabilizador más profundo del tronco. Incluye técnicas de bracing, vacío abdominal y contracciones isométricas controladas para mejorar la estabilidad lumbopélvica y prevenir lesiones de espalda.","Acostate boca arriba con las rodillas flexionadas. Exhalá completamente y contraé el abdomen como si te fueras a poner un cinturón muy apretado. La panza debe hundirse hacia adentro, no hincharse. Mantené la contracción 10 segundos respirando suavemente. Repetí 8-10 veces. Enfocáte en la sensación de estabilidad profunda, no en la fuerza superficial.","true"
"793","newExercises","Conciencia de core","OTHER","Core","Peso corporal","core|peso_corporal|conciencia|propiocepcion|activacion|mindfulness","Ejercicio de entrenamiento de la conciencia corporal específica del core. Consiste en realizar movimientos simples (flexión, extensión, rotación) prestando atención consciente a la activación y estabilización de los músculos abdominales, lumbares y pélvicos, mejorando el control motor y la conexión mente-músculo.","Acostate boca arriba con las rodillas flexionadas. Realizá movimientos lentos de flexión de tronco, elevación de piernas o rotaciones mientras mantenés la atención plena en los músculos del abdomen y la zona lumbar. Notá qué músculos se activan, dónde hay tensión innecesaria y cómo se estabiliza tu tronco. La calidad de la conexión es lo más importante.","true"
"794","newExercises","Técnica de acostarse","OTHER","Espalda","Peso corporal","espalda|peso_corporal|ergonomia|acostarse|postura|lumbalgia","Ejercicio de entrenamiento de la técnica correcta para acostarse y levantarse de la cama sin generar tensión en la zona lumbar. Enseña a utilizar el balanceo, la activación del core y el apoyo de los brazos para minimizar la carga sobre la columna vertebral durante estas transiciones cotidianas.","Para acostarte: sentate en el borde de la cama, bajá el torso lateralmente apoyándote con el brazo y llevá las piernas a la cama al mismo tiempo. Para levantarte: rodéate hacia un lado, bajá las piernas del borde, empujate con el brazo de abajo y subí el torso usando el core. Nunca te levantes directamente de espaldas usando solo la espalda.","true"
"795","newExercises","Activación de erectores","OTHER","Espalda","Peso corporal","espalda|peso_corporal|erectores|activacion|extension|prehab","Ejercicio de activación de los músculos erectores espinales, responsables de la extensión de la columna vertebral. Incluye extensiones lumbares controladas, puente de espalda y posiciones de extensión pasiva para fortalecer la musculatura paraespinal y mejorar la postura erguida.","Acostate boca abajo con las manos debajo de los hombros. Elevá el pecho del piso extendiendo la espalda suavemente, manteniendo las caderas en contacto con el piso. No uses las manos para empujar, dejá que los erectores hagan el trabajo. Mantené 3-5 segundos y bajá controlado. Repetí 10-12 veces. Sentí la contracción a lo largo de la columna.","true"
"796","newExercises","Prehab de muñecas","OTHER","Muñecas","Peso corporal","munecas|peso_corporal|prehab|fortalecimiento|prevencion|tunel_carpiano","Ejercicios de prehabilitación para muñecas diseñados para fortalecer los estabilizadores, mejorar la movilidad y prevenir lesiones como el síndrome del túnel carpiano, tendinitis y esguinces. Incluye flexiones, extensiones, desviaciones y rotaciones contra resistencia ligera o peso corporal.","Extendé los brazos hacia adelante. Realizá movimientos controlados de flexión y extensión de muñecas, desviaciones laterales y rotaciones. Luego haz círculos completos en ambas direcciones. Puedés usar una botella de agua ligera como resistencia. Mantené el movimiento suave y sin dolor. Repetí 15 veces por movimiento.","true"
"797","newExercises","Estabilización de tobillo","OTHER","Tobillos","Peso corporal","tobillos|peso_corporal|estabilizacion|propiocepcion|equilibrio|prehab","Ejercicios de estabilización y propiocepción de tobillo diseñados para fortalecer los ligamentos y músculos estabilizadores de la articulación. Incluye equilibrio unipodal sobre superficies inestables, movimientos de inversión/eversión controlados y saltos de reacción para prevenir esguinces recurrentes.","Parate sobre una pierna en el piso firme. Mantené el equilibrio 30 segundos enfocándote en la estabilidad del tobillo. Para más dificultad, cerrá los ojos o parate sobre una almohada. Luego realizá pequeños saltos de un pie controlando el aterrizaje. El tobillo debe quedar estable, sin tambalearse. Repetí 3 series por pierna.","true"
"798","newExercises","Trabajo de respiración completa","OTHER","Core","Peso corporal","core|peso_corporal|respiracion|completa|diafragma|costillas|bracing","Ejercicio de entrenamiento de la respiración completa o tridimensional que integra la expansión abdominal, costal y torácica. Mejora la capacidad pulmonar, la estabilidad del core, la oxigenación muscular y la gestión del estrés mediante la activación coordinada del diafragma, intercostales y músculos accesorios.","Acostate boca arriba con una mano sobre el abdomen y otra sobre el pecho. Inhalá en 3 tiempos: primero expandí el abdomen, luego las costillas laterales y finalmente el pecho. Exhalá en orden inverso. Sentí cómo todo el torso participa en la respiración. Repetí 10 respiraciones completas enfocándote en la secuencia y en la calidad del aire.","true"
"799","newExercises","Recuperación activa de espalda","OTHER","Espalda","Peso corporal","espalda|peso_corporal|recuperacion_activa|movilidad|relajacion","Ejercicio de recuperación activa específico para la espalda que combina movilidad suave, estiramientos pasivos y activación ligera de los erectores. Diseñado para reducir la rigidez post-entrenamiento, mejorar la circulación y acelerar la recuperación sin generar fatiga adicional.","Realizá una secuencia suave de movilidad de espalda: gato-vaca lento, rotaciones torácicas sentado, torsiones suaves acostado y extensión lumbar pasiva. Cada movimiento debe ser lento, controlado y sin dolor. Mantené la respiración profunda y relajá la espalda completamente. Duración: 5-8 minutos.","true"
"800","newExercises","Estabilización escapular","OTHER","Hombros","Peso corporal","hombros|peso_corporal|escapula|estabilizacion|romboides|serrato|prehab","Ejercicios de estabilización escapular enfocados en fortalecer los músculos que controlan la posición y el movimiento de la escápula (romboides, serrato anterior, trapecio medio e inferior). Mejora la postura del hombro, previene lesiones del manguito rotador y optimiza la mecánica de los movimientos superiores.","Parate con la espalda contra la pared. Llevá los brazos a posición de W (codos a 90 grados, pegados a la pared). Deslizá los brazos hacia arriba manteniendo el contacto con la pared hasta la posición de Y. Bajá controlado. Enfocáte en apretar los omóplatos hacia abajo y hacia adentro. Repetí 12-15 veces. Sentí la activación entre los omóplatos.","true"
"801","newExercises","Estabilización de hombro","OTHER","Hombros","Peso corporal","hombros|peso_corporal|estabilizacion|manguito_rotador|propiocepcion|prehab","Ejercicios de estabilización del hombro enfocados en fortalecer el manguito rotador y los estabilizadores dinámicos de la articulación escapulohumeral. Incluye rotaciones internas y externas, abducciones en plano escapular y ejercicios de propiocepción para prevenir luxaciones, subluxaciones y tendinopatías.","Parate con los codos pegados al cuerpo a 90 grados. Realizá rotaciones externas e internas de hombros como si abrieras y cerraras una puerta. Mantené los codos fijos y el movimiento controlado. Luego elevá los brazos laterales a 45 grados (plano escapular) manteniendo los omóplatos estables. Repetí 12-15 veces por ejercicio.","true"